product_id,sale_date,quantity_sold,revenue
6,2025-09-30,20,2199980.00
6,2025-10-01,25,2749975.00
6,2025-10-02,25,2749975.00
6,2025-10-03,25,2749975.00
6,2025-10-04,30,3299970.00
6,2025-10-05,28,3079972.00
6,2025-10-06,25,2749975.00
6,2025-10-07,25,2749975.00
6,2025-10-08,25,2749975.00
6,2025-10-09,25,2749975.00
6,2025-10-10,25,2749975.00
6,2025-10-11,30,3299970.00
6,2025-10-12,28,3079972.00
6,2025-10-13,25,2749975.00
6,2025-10-14,25,2749975.00
6,2025-10-15,25,2749975.00
6,2025-10-16,25,2749975.00
6,2025-10-17,25,2749975.00
6,2025-10-18,30,3299970.00
6,2025-10-19,28,3079972.00
6,2025-10-20,25,2749975.00
6,2025-10-21,25,2749975.00
6,2025-10-22,25,2749975.00
6,2025-10-23,25,2749975.00
6,2025-10-24,25,2749975.00
6,2025-10-25,30,3299970.00
6,2025-10-26,28,3079972.00
6,2025-10-27,25,2749975.00
6,2025-10-28,25,2749975.00
6,2025-10-29,25,2749975.00
6,2025-10-30,25,2749975.00
6,2025-10-31,25,2749975.00
6,2025-11-01,30,3299970.00
6,2025-11-02,28,3079972.00
6,2025-11-03,25,2749975.00
6,2025-11-04,25,2749975.00
6,2025-11-05,25,2749975.00
6,2025-11-06,25,2749975.00
6,2025-11-07,25,2749975.00
6,2025-11-08,30,3299970.00
6,2025-11-09,28,3079972.00
6,2025-11-10,25,2749975.00
6,2025-11-11,25,2749975.00
6,2025-11-12,25,2749975.00
6,2025-11-13,25,2749975.00
6,2025-11-14,25,2749975.00
6,2025-11-15,30,3299970.00
6,2025-11-16,28,3079972.00
6,2025-11-17,25,2749975.00
6,2025-11-18,25,2749975.00
6,2025-11-19,25,2749975.00
6,2025-11-20,25,2749975.00
6,2025-11-21,25,2749975.00
6,2025-11-22,30,3299970.00
6,2025-11-23,28,3079972.00
6,2025-11-24,25,2749975.00
6,2025-11-25,25,2749975.00
6,2025-11-26,25,2749975.00
6,2025-11-27,25,2749975.00
6,2025-11-28,25,2749975.00
6,2025-11-29,30,3299970.00
6,2025-11-30,28,3079972.00
6,2025-12-01,20,2199980.00
6,2025-12-02,20,2199980.00
6,2025-12-03,20,2199980.00
6,2025-12-04,20,2199980.00
6,2025-12-05,20,2199980.00
6,2025-12-06,24,2639976.00
6,2025-12-07,23,2529977.00
6,2025-12-08,20,2199980.00
6,2025-12-09,20,2199980.00
6,2025-12-10,20,2199980.00
6,2025-12-11,20,2199980.00
6,2025-12-12,20,2199980.00
6,2025-12-13,24,2639976.00
6,2025-12-14,23,2529977.00
6,2025-12-15,20,2199980.00
6,2025-12-16,20,2199980.00
6,2025-12-17,20,2199980.00
6,2025-12-18,20,2199980.00
6,2025-12-19,20,2199980.00
6,2025-12-20,24,2639976.00
6,2025-12-21,23,2529977.00
6,2025-12-22,20,2199980.00
6,2025-12-23,20,2199980.00
6,2025-12-24,20,2199980.00
6,2025-12-25,20,2199980.00
6,2025-12-26,20,2199980.00
6,2025-12-27,24,2639976.00
6,2025-12-28,23,2529977.00
6,2025-12-29,20,2199980.00
6,2025-12-30,20,2199980.00
6,2025-12-31,20,2199980.00
6,2026-01-01,20,2199980.00
6,2026-01-02,20,2199980.00
6,2026-01-03,24,2639976.00
6,2026-01-04,23,2529977.00
6,2026-01-05,20,2199980.00
6,2026-01-06,20,2199980.00
6,2026-01-07,20,2199980.00
6,2026-01-08,20,2199980.00
6,2026-01-09,20,2199980.00
6,2026-01-10,24,2639976.00
6,2026-01-11,23,2529977.00
6,2026-01-12,20,2199980.00
6,2026-01-13,20,2199980.00
6,2026-01-14,20,2199980.00
6,2026-01-15,20,2199980.00
6,2026-01-16,20,2199980.00
6,2026-01-17,24,2639976.00
6,2026-01-18,23,2529977.00
6,2026-01-19,20,2199980.00
6,2026-01-20,20,2199980.00
6,2026-01-21,20,2199980.00
6,2026-01-22,20,2199980.00
6,2026-01-23,20,2199980.00
6,2026-01-24,24,2639976.00
6,2026-01-25,23,2529977.00
6,2026-01-26,20,2199980.00
6,2026-01-27,20,2199980.00
6,2026-01-28,20,2199980.00
6,2026-01-29,20,2199980.00
6,2026-01-30,20,2199980.00
6,2026-01-31,24,2639976.00
6,2026-02-01,23,2529977.00
6,2026-02-02,20,2199980.00
6,2026-02-03,20,2199980.00
6,2026-02-04,20,2199980.00
6,2026-02-05,20,2199980.00
6,2026-02-06,20,2199980.00
6,2026-02-07,24,2639976.00
6,2026-02-08,23,2529977.00
6,2026-02-09,20,2199980.00
6,2026-02-10,20,2199980.00
6,2026-02-11,20,2199980.00
6,2026-02-12,20,2199980.00
6,2026-02-13,20,2199980.00
6,2026-02-14,24,2639976.00
6,2026-02-15,23,2529977.00
6,2026-02-16,20,2199980.00
6,2026-02-17,20,2199980.00
6,2026-02-18,20,2199980.00
6,2026-02-19,20,2199980.00
6,2026-02-20,20,2199980.00
6,2026-02-21,24,2639976.00
6,2026-02-22,23,2529977.00
6,2026-02-23,20,2199980.00
6,2026-02-24,20,2199980.00
6,2026-02-25,20,2199980.00
6,2026-02-26,20,2199980.00
6,2026-02-27,20,2199980.00
6,2026-02-28,24,2639976.00
6,2026-03-01,23,2529977.00
6,2026-03-02,20,2199980.00
6,2026-03-03,20,2199980.00
6,2026-03-04,20,2199980.00
6,2026-03-05,20,2199980.00
6,2026-03-06,20,2199980.00
6,2026-03-07,24,2639976.00
6,2026-03-08,23,2529977.00
6,2026-03-09,20,2199980.00
6,2026-03-10,20,2199980.00
6,2026-03-11,20,2199980.00
6,2026-03-12,20,2199980.00
6,2026-03-13,20,2199980.00
6,2026-03-14,24,2639976.00
6,2026-03-15,23,2529977.00
6,2026-03-16,20,2199980.00
6,2026-03-17,20,2199980.00
6,2026-03-18,20,2199980.00
6,2026-03-19,20,2199980.00
6,2026-03-20,20,2199980.00
6,2026-03-21,24,2639976.00
6,2026-03-22,23,2529977.00
6,2026-03-23,20,2199980.00
6,2026-03-24,20,2199980.00
6,2026-03-25,20,2199980.00
6,2026-03-26,20,2199980.00
6,2026-03-27,20,2199980.00
6,2026-03-28,24,2639976.00
6,2026-03-29,23,2529977.00
6,2026-03-30,20,2199980.00
6,2026-03-31,20,2199980.00
6,2026-04-01,20,2199980.00
6,2026-04-02,20,2199980.00
6,2026-04-03,20,2199980.00
6,2026-04-04,24,2639976.00
6,2026-04-05,23,2529977.00
6,2026-04-06,20,2199980.00
6,2026-04-07,20,2199980.00
6,2026-04-08,20,2199980.00
6,2026-04-09,20,2199980.00
6,2026-04-10,20,2199980.00
6,2026-04-11,24,2639976.00
6,2026-04-12,23,2529977.00
6,2026-04-13,20,2199980.00
6,2026-04-14,20,2199980.00
6,2026-04-15,20,2199980.00
6,2026-04-16,20,2199980.00
6,2026-04-17,20,2199980.00
6,2026-04-18,24,2639976.00
6,2026-04-19,23,2529977.00
6,2026-04-20,20,2199980.00
6,2026-04-21,20,2199980.00
6,2026-04-22,20,2199980.00
6,2026-04-23,20,2199980.00
6,2026-04-24,20,2199980.00
6,2026-04-25,24,2639976.00
6,2026-04-26,23,2529977.00
6,2026-04-27,20,2199980.00
6,2026-04-28,20,2199980.00
6,2026-04-29,20,2199980.00
6,2026-04-30,20,2199980.00
6,2026-05-01,20,2199980.00
6,2026-05-02,24,2639976.00
6,2026-05-03,23,2529977.00
6,2026-05-04,20,2199980.00
6,2026-05-05,20,2199980.00
6,2026-05-06,20,2199980.00
6,2026-05-07,20,2199980.00
6,2026-05-08,20,2199980.00
6,2026-05-09,24,2639976.00
6,2026-05-10,23,2529977.00
6,2026-05-11,20,2199980.00
6,2026-05-12,20,2199980.00
6,2026-05-13,20,2199980.00
6,2026-05-14,20,2199980.00
6,2026-05-15,20,2199980.00
6,2026-05-16,24,2639976.00
6,2026-05-17,23,2529977.00
6,2026-05-18,20,2199980.00
6,2026-05-19,20,2199980.00
6,2026-05-20,20,2199980.00
6,2026-05-21,20,2199980.00
6,2026-05-22,20,2199980.00
6,2026-05-23,24,2639976.00
6,2026-05-24,23,2529977.00
6,2026-05-25,20,2199980.00
6,2026-05-26,20,2199980.00
6,2026-05-27,20,2199980.00
6,2026-05-28,20,2199980.00
6,2026-05-29,20,2199980.00
6,2026-05-30,24,2639976.00
6,2026-05-31,23,2529977.00
6,2026-06-01,20,2199980.00
6,2026-06-02,20,2199980.00
6,2026-06-03,20,2199980.00
6,2026-06-04,20,2199980.00
6,2026-06-05,20,2199980.00
6,2026-06-06,24,2639976.00
6,2026-06-07,23,2529977.00
6,2026-06-08,20,2199980.00
6,2026-06-09,20,2199980.00
6,2026-06-10,20,2199980.00
6,2026-06-11,20,2199980.00
6,2026-06-12,20,2199980.00
6,2026-06-13,24,2639976.00
6,2026-06-14,23,2529977.00
6,2026-06-15,20,2199980.00
6,2026-06-16,20,2199980.00
6,2026-06-17,20,2199980.00
6,2026-06-18,20,2199980.00
6,2026-06-19,20,2199980.00
6,2026-06-20,24,2639976.00
6,2026-06-21,23,2529977.00
6,2026-06-22,20,2199980.00
6,2026-06-23,20,2199980.00
6,2026-06-24,20,2199980.00
6,2026-06-25,20,2199980.00
6,2026-06-26,20,2199980.00
6,2026-06-27,24,2639976.00
6,2026-06-28,23,2529977.00
6,2026-06-29,20,2199980.00
6,2026-06-30,20,2199980.00
6,2026-07-01,20,2199980.00
6,2026-07-02,20,2199980.00
6,2026-07-03,20,2199980.00
6,2026-07-04,24,2639976.00
6,2026-07-05,23,2529977.00
6,2026-07-06,20,2199980.00
6,2026-07-07,20,2199980.00
6,2026-07-08,20,2199980.00
6,2026-07-09,20,2199980.00
6,2026-07-10,20,2199980.00
6,2026-07-11,24,2639976.00
6,2026-07-12,23,2529977.00
6,2026-07-13,20,2199980.00
6,2026-07-14,20,2199980.00
6,2026-07-15,20,2199980.00
6,2026-07-16,20,2199980.00
6,2026-07-17,20,2199980.00
6,2026-07-18,24,2639976.00
6,2026-07-19,23,2529977.00
6,2026-07-20,20,2199980.00
6,2026-07-21,20,2199980.00
6,2026-07-22,20,2199980.00
6,2026-07-23,20,2199980.00
6,2026-07-24,20,2199980.00
6,2026-07-25,24,2639976.00
6,2026-07-26,23,2529977.00
6,2026-07-27,20,2199980.00
6,2026-07-28,20,2199980.00
6,2026-07-29,20,2199980.00
6,2026-07-30,20,2199980.00
6,2026-07-31,20,2199980.00
6,2026-08-01,24,2639976.00
6,2026-08-02,23,2529977.00
6,2026-08-03,20,2199980.00
6,2026-08-04,20,2199980.00
6,2026-08-05,20,2199980.00
6,2026-08-06,20,2199980.00
6,2026-08-07,20,2199980.00
6,2026-08-08,24,2639976.00
6,2026-08-09,23,2529977.00
6,2026-08-10,20,2199980.00
6,2026-08-11,20,2199980.00
6,2026-08-12,20,2199980.00
6,2026-08-13,20,2199980.00
6,2026-08-14,20,2199980.00
6,2026-08-15,24,2639976.00
6,2026-08-16,23,2529977.00
6,2026-08-17,20,2199980.00
6,2026-08-18,20,2199980.00
6,2026-08-19,20,2199980.00
6,2026-08-20,20,2199980.00
6,2026-08-21,20,2199980.00
6,2026-08-22,24,2639976.00
6,2026-08-23,23,2529977.00
6,2026-08-24,20,2199980.00
6,2026-08-25,20,2199980.00
6,2026-08-26,20,2199980.00
6,2026-08-27,20,2199980.00
6,2026-08-28,20,2199980.00
6,2026-08-29,24,2639976.00
6,2026-08-30,23,2529977.00
6,2026-08-31,20,2199980.00
6,2026-09-01,20,2199980.00
6,2026-09-02,20,2199980.00
6,2026-09-03,20,2199980.00
6,2026-09-04,20,2199980.00
6,2026-09-05,24,2639976.00
6,2026-09-06,23,2529977.00
6,2026-09-07,20,2199980.00
6,2026-09-08,20,2199980.00
6,2026-09-09,20,2199980.00
6,2026-09-10,20,2199980.00
6,2026-09-11,20,2199980.00
6,2026-09-12,24,2639976.00
6,2026-09-13,23,2529977.00
6,2026-09-14,20,2199980.00
6,2026-09-15,20,2199980.00
6,2026-09-16,20,2199980.00
6,2026-09-17,20,2199980.00
6,2026-09-18,20,2199980.00
6,2026-09-19,24,2639976.00
6,2026-09-20,23,2529977.00
6,2026-09-21,20,2199980.00
6,2026-09-22,20,2199980.00
6,2026-09-23,20,2199980.00
6,2026-09-24,20,2199980.00
6,2026-09-25,20,2199980.00
6,2026-09-26,24,2639976.00
6,2026-09-27,23,2529977.00
6,2026-09-28,20,2199980.00
6,2026-09-29,20,2199980.00
7,2025-09-30,7,594993.00
7,2025-10-01,9,764991.00
7,2025-10-02,9,764991.00
7,2025-10-03,9,764991.00
7,2025-10-04,11,934989.00
7,2025-10-05,11,934989.00
7,2025-10-06,9,764991.00
7,2025-10-07,9,764991.00
7,2025-10-08,9,764991.00
7,2025-10-09,9,764991.00
7,2025-10-10,9,764991.00
7,2025-10-11,11,934989.00
7,2025-10-12,11,934989.00
7,2025-10-13,9,764991.00
7,2025-10-14,9,764991.00
7,2025-10-15,9,764991.00
7,2025-10-16,9,764991.00
7,2025-10-17,9,764991.00
7,2025-10-18,11,934989.00
7,2025-10-19,11,934989.00
7,2025-10-20,9,764991.00
7,2025-10-21,9,764991.00
7,2025-10-22,9,764991.00
7,2025-10-23,9,764991.00
7,2025-10-24,9,764991.00
7,2025-10-25,11,934989.00
7,2025-10-26,11,934989.00
7,2025-10-27,9,764991.00
7,2025-10-28,9,764991.00
7,2025-10-29,9,764991.00
7,2025-10-30,9,764991.00
7,2025-10-31,9,764991.00
7,2025-11-01,11,934989.00
7,2025-11-02,11,934989.00
7,2025-11-03,9,764991.00
7,2025-11-04,9,764991.00
7,2025-11-05,9,764991.00
7,2025-11-06,9,764991.00
7,2025-11-07,9,764991.00
7,2025-11-08,11,934989.00
7,2025-11-09,11,934989.00
7,2025-11-10,9,764991.00
7,2025-11-11,9,764991.00
7,2025-11-12,9,764991.00
7,2025-11-13,9,764991.00
7,2025-11-14,9,764991.00
7,2025-11-15,11,934989.00
7,2025-11-16,11,934989.00
7,2025-11-17,9,764991.00
7,2025-11-18,9,764991.00
7,2025-11-19,9,764991.00
7,2025-11-20,9,764991.00
7,2025-11-21,9,764991.00
7,2025-11-22,11,934989.00
7,2025-11-23,11,934989.00
7,2025-11-24,9,764991.00
7,2025-11-25,9,764991.00
7,2025-11-26,9,764991.00
7,2025-11-27,9,764991.00
7,2025-11-28,9,764991.00
7,2025-11-29,11,934989.00
7,2025-11-30,11,934989.00
7,2025-12-01,7,594993.00
7,2025-12-02,7,594993.00
7,2025-12-03,7,594993.00
7,2025-12-04,7,594993.00
7,2025-12-05,7,594993.00
7,2025-12-06,9,764991.00
7,2025-12-07,8,679992.00
7,2025-12-08,7,594993.00
7,2025-12-09,7,594993.00
7,2025-12-10,7,594993.00
7,2025-12-11,7,594993.00
7,2025-12-12,7,594993.00
7,2025-12-13,9,764991.00
7,2025-12-14,8,679992.00
7,2025-12-15,7,594993.00
7,2025-12-16,7,594993.00
7,2025-12-17,7,594993.00
7,2025-12-18,7,594993.00
7,2025-12-19,7,594993.00
7,2025-12-20,9,764991.00
7,2025-12-21,8,679992.00
7,2025-12-22,7,594993.00
7,2025-12-23,7,594993.00
7,2025-12-24,7,594993.00
7,2025-12-25,7,594993.00
7,2025-12-26,7,594993.00
7,2025-12-27,9,764991.00
7,2025-12-28,8,679992.00
7,2025-12-29,7,594993.00
7,2025-12-30,7,594993.00
7,2025-12-31,7,594993.00
7,2026-01-01,7,594993.00
7,2026-01-02,7,594993.00
7,2026-01-03,9,764991.00
7,2026-01-04,8,679992.00
7,2026-01-05,7,594993.00
7,2026-01-06,7,594993.00
7,2026-01-07,7,594993.00
7,2026-01-08,7,594993.00
7,2026-01-09,7,594993.00
7,2026-01-10,9,764991.00
7,2026-01-11,8,679992.00
7,2026-01-12,7,594993.00
7,2026-01-13,7,594993.00
7,2026-01-14,7,594993.00
7,2026-01-15,7,594993.00
7,2026-01-16,7,594993.00
7,2026-01-17,9,764991.00
7,2026-01-18,8,679992.00
7,2026-01-19,7,594993.00
7,2026-01-20,7,594993.00
7,2026-01-21,7,594993.00
7,2026-01-22,7,594993.00
7,2026-01-23,7,594993.00
7,2026-01-24,9,764991.00
7,2026-01-25,8,679992.00
7,2026-01-26,7,594993.00
7,2026-01-27,7,594993.00
7,2026-01-28,7,594993.00
7,2026-01-29,7,594993.00
7,2026-01-30,7,594993.00
7,2026-01-31,9,764991.00
7,2026-02-01,8,679992.00
7,2026-02-02,7,594993.00
7,2026-02-03,7,594993.00
7,2026-02-04,7,594993.00
7,2026-02-05,7,594993.00
7,2026-02-06,7,594993.00
7,2026-02-07,9,764991.00
7,2026-02-08,8,679992.00
7,2026-02-09,7,594993.00
7,2026-02-10,7,594993.00
7,2026-02-11,7,594993.00
7,2026-02-12,7,594993.00
7,2026-02-13,7,594993.00
7,2026-02-14,9,764991.00
7,2026-02-15,8,679992.00
7,2026-02-16,7,594993.00
7,2026-02-17,7,594993.00
7,2026-02-18,7,594993.00
7,2026-02-19,7,594993.00
7,2026-02-20,7,594993.00
7,2026-02-21,9,764991.00
7,2026-02-22,8,679992.00
7,2026-02-23,7,594993.00
7,2026-02-24,7,594993.00
7,2026-02-25,7,594993.00
7,2026-02-26,7,594993.00
7,2026-02-27,7,594993.00
7,2026-02-28,9,764991.00
7,2026-03-01,8,679992.00
7,2026-03-02,7,594993.00
7,2026-03-03,7,594993.00
7,2026-03-04,7,594993.00
7,2026-03-05,7,594993.00
7,2026-03-06,7,594993.00
7,2026-03-07,9,764991.00
7,2026-03-08,8,679992.00
7,2026-03-09,7,594993.00
7,2026-03-10,7,594993.00
7,2026-03-11,7,594993.00
7,2026-03-12,7,594993.00
7,2026-03-13,7,594993.00
7,2026-03-14,9,764991.00
7,2026-03-15,8,679992.00
7,2026-03-16,7,594993.00
7,2026-03-17,7,594993.00
7,2026-03-18,7,594993.00
7,2026-03-19,7,594993.00
7,2026-03-20,7,594993.00
7,2026-03-21,9,764991.00
7,2026-03-22,8,679992.00
7,2026-03-23,7,594993.00
7,2026-03-24,7,594993.00
7,2026-03-25,7,594993.00
7,2026-03-26,7,594993.00
7,2026-03-27,7,594993.00
7,2026-03-28,9,764991.00
7,2026-03-29,8,679992.00
7,2026-03-30,7,594993.00
7,2026-03-31,7,594993.00
7,2026-04-01,7,594993.00
7,2026-04-02,7,594993.00
7,2026-04-03,7,594993.00
7,2026-04-04,9,764991.00
7,2026-04-05,8,679992.00
7,2026-04-06,7,594993.00
7,2026-04-07,7,594993.00
7,2026-04-08,7,594993.00
7,2026-04-09,7,594993.00
7,2026-04-10,7,594993.00
7,2026-04-11,9,764991.00
7,2026-04-12,8,679992.00
7,2026-04-13,7,594993.00
7,2026-04-14,7,594993.00
7,2026-04-15,7,594993.00
7,2026-04-16,7,594993.00
7,2026-04-17,7,594993.00
7,2026-04-18,9,764991.00
7,2026-04-19,8,679992.00
7,2026-04-20,7,594993.00
7,2026-04-21,7,594993.00
7,2026-04-22,7,594993.00
7,2026-04-23,7,594993.00
7,2026-04-24,7,594993.00
7,2026-04-25,9,764991.00
7,2026-04-26,8,679992.00
7,2026-04-27,7,594993.00
7,2026-04-28,7,594993.00
7,2026-04-29,7,594993.00
7,2026-04-30,7,594993.00
7,2026-05-01,7,594993.00
7,2026-05-02,9,764991.00
7,2026-05-03,8,679992.00
7,2026-05-04,7,594993.00
7,2026-05-05,7,594993.00
7,2026-05-06,7,594993.00
7,2026-05-07,7,594993.00
7,2026-05-08,7,594993.00
7,2026-05-09,9,764991.00
7,2026-05-10,8,679992.00
7,2026-05-11,7,594993.00
7,2026-05-12,7,594993.00
7,2026-05-13,7,594993.00
7,2026-05-14,7,594993.00
7,2026-05-15,7,594993.00
7,2026-05-16,9,764991.00
7,2026-05-17,8,679992.00
7,2026-05-18,7,594993.00
7,2026-05-19,7,594993.00
7,2026-05-20,7,594993.00
7,2026-05-21,7,594993.00
7,2026-05-22,7,594993.00
7,2026-05-23,9,764991.00
7,2026-05-24,8,679992.00
7,2026-05-25,7,594993.00
7,2026-05-26,7,594993.00
7,2026-05-27,7,594993.00
7,2026-05-28,7,594993.00
7,2026-05-29,7,594993.00
7,2026-05-30,9,764991.00
7,2026-05-31,8,679992.00
7,2026-06-01,7,594993.00
7,2026-06-02,7,594993.00
7,2026-06-03,7,594993.00
7,2026-06-04,7,594993.00
7,2026-06-05,7,594993.00
7,2026-06-06,9,764991.00
7,2026-06-07,8,679992.00
7,2026-06-08,7,594993.00
7,2026-06-09,7,594993.00
7,2026-06-10,7,594993.00
7,2026-06-11,7,594993.00
7,2026-06-12,7,594993.00
7,2026-06-13,9,764991.00
7,2026-06-14,8,679992.00
7,2026-06-15,7,594993.00
7,2026-06-16,7,594993.00
7,2026-06-17,7,594993.00
7,2026-06-18,7,594993.00
7,2026-06-19,7,594993.00
7,2026-06-20,9,764991.00
7,2026-06-21,8,679992.00
7,2026-06-22,7,594993.00
7,2026-06-23,7,594993.00
7,2026-06-24,7,594993.00
7,2026-06-25,7,594993.00
7,2026-06-26,7,594993.00
7,2026-06-27,9,764991.00
7,2026-06-28,8,679992.00
7,2026-06-29,7,594993.00
7,2026-06-30,7,594993.00
7,2026-07-01,7,594993.00
7,2026-07-02,7,594993.00
7,2026-07-03,7,594993.00
7,2026-07-04,9,764991.00
7,2026-07-05,8,679992.00
7,2026-07-06,7,594993.00
7,2026-07-07,7,594993.00
7,2026-07-08,7,594993.00
7,2026-07-09,7,594993.00
7,2026-07-10,7,594993.00
7,2026-07-11,9,764991.00
7,2026-07-12,8,679992.00
7,2026-07-13,7,594993.00
7,2026-07-14,7,594993.00
7,2026-07-15,7,594993.00
7,2026-07-16,7,594993.00
7,2026-07-17,7,594993.00
7,2026-07-18,9,764991.00
7,2026-07-19,8,679992.00
7,2026-07-20,7,594993.00
7,2026-07-21,7,594993.00
7,2026-07-22,7,594993.00
7,2026-07-23,7,594993.00
7,2026-07-24,7,594993.00
7,2026-07-25,9,764991.00
7,2026-07-26,8,679992.00
7,2026-07-27,7,594993.00
7,2026-07-28,7,594993.00
7,2026-07-29,7,594993.00
7,2026-07-30,7,594993.00
7,2026-07-31,7,594993.00
7,2026-08-01,9,764991.00
7,2026-08-02,8,679992.00
7,2026-08-03,7,594993.00
7,2026-08-04,7,594993.00
7,2026-08-05,7,594993.00
7,2026-08-06,7,594993.00
7,2026-08-07,7,594993.00
7,2026-08-08,9,764991.00
7,2026-08-09,8,679992.00
7,2026-08-10,7,594993.00
7,2026-08-11,7,594993.00
7,2026-08-12,7,594993.00
7,2026-08-13,7,594993.00
7,2026-08-14,7,594993.00
7,2026-08-15,9,764991.00
7,2026-08-16,8,679992.00
7,2026-08-17,7,594993.00
7,2026-08-18,7,594993.00
7,2026-08-19,7,594993.00
7,2026-08-20,7,594993.00
7,2026-08-21,7,594993.00
7,2026-08-22,9,764991.00
7,2026-08-23,8,679992.00
7,2026-08-24,7,594993.00
7,2026-08-25,7,594993.00
7,2026-08-26,7,594993.00
7,2026-08-27,7,594993.00
7,2026-08-28,7,594993.00
7,2026-08-29,9,764991.00
7,2026-08-30,8,679992.00
7,2026-08-31,7,594993.00
7,2026-09-01,7,594993.00
7,2026-09-02,7,594993.00
7,2026-09-03,7,594993.00
7,2026-09-04,7,594993.00
7,2026-09-05,9,764991.00
7,2026-09-06,8,679992.00
7,2026-09-07,7,594993.00
7,2026-09-08,7,594993.00
7,2026-09-09,7,594993.00
7,2026-09-10,7,594993.00
7,2026-09-11,7,594993.00
7,2026-09-12,9,764991.00
7,2026-09-13,8,679992.00
7,2026-09-14,7,594993.00
7,2026-09-15,7,594993.00
7,2026-09-16,7,594993.00
7,2026-09-17,7,594993.00
7,2026-09-18,7,594993.00
7,2026-09-19,9,764991.00
7,2026-09-20,8,679992.00
7,2026-09-21,7,594993.00
7,2026-09-22,7,594993.00
7,2026-09-23,7,594993.00
7,2026-09-24,7,594993.00
7,2026-09-25,7,594993.00
7,2026-09-26,9,764991.00
7,2026-09-27,8,679992.00
7,2026-09-28,7,594993.00
7,2026-09-29,7,594993.00
8,2025-09-30,4,459996.00
8,2025-10-01,5,574995.00
8,2025-10-02,5,574995.00
8,2025-10-03,5,574995.00
8,2025-10-04,6,689994.00
8,2025-10-05,6,689994.00
8,2025-10-06,5,574995.00
8,2025-10-07,5,574995.00
8,2025-10-08,5,574995.00
8,2025-10-09,5,574995.00
8,2025-10-10,5,574995.00
8,2025-10-11,6,689994.00
8,2025-10-12,6,689994.00
8,2025-10-13,5,574995.00
8,2025-10-14,5,574995.00
8,2025-10-15,5,574995.00
8,2025-10-16,5,574995.00
8,2025-10-17,5,574995.00
8,2025-10-18,6,689994.00
8,2025-10-19,6,689994.00
8,2025-10-20,5,574995.00
8,2025-10-21,5,574995.00
8,2025-10-22,5,574995.00
8,2025-10-23,5,574995.00
8,2025-10-24,5,574995.00
8,2025-10-25,6,689994.00
8,2025-10-26,6,689994.00
8,2025-10-27,5,574995.00
8,2025-10-28,5,574995.00
8,2025-10-29,5,574995.00
8,2025-10-30,5,574995.00
8,2025-10-31,5,574995.00
8,2025-11-01,6,689994.00
8,2025-11-02,6,689994.00
8,2025-11-03,5,574995.00
8,2025-11-04,5,574995.00
8,2025-11-05,5,574995.00
8,2025-11-06,5,574995.00
8,2025-11-07,5,574995.00
8,2025-11-08,6,689994.00
8,2025-11-09,6,689994.00
8,2025-11-10,5,574995.00
8,2025-11-11,5,574995.00
8,2025-11-12,5,574995.00
8,2025-11-13,5,574995.00
8,2025-11-14,5,574995.00
8,2025-11-15,6,689994.00
8,2025-11-16,6,689994.00
8,2025-11-17,5,574995.00
8,2025-11-18,5,574995.00
8,2025-11-19,5,574995.00
8,2025-11-20,5,574995.00
8,2025-11-21,5,574995.00
8,2025-11-22,6,689994.00
8,2025-11-23,6,689994.00
8,2025-11-24,5,574995.00
8,2025-11-25,5,574995.00
8,2025-11-26,5,574995.00
8,2025-11-27,5,574995.00
8,2025-11-28,5,574995.00
8,2025-11-29,6,689994.00
8,2025-11-30,6,689994.00
8,2025-12-01,4,459996.00
8,2025-12-02,4,459996.00
8,2025-12-03,4,459996.00
8,2025-12-04,4,459996.00
8,2025-12-05,4,459996.00
8,2025-12-06,5,574995.00
8,2025-12-07,5,574995.00
8,2025-12-08,4,459996.00
8,2025-12-09,4,459996.00
8,2025-12-10,4,459996.00
8,2025-12-11,4,459996.00
8,2025-12-12,4,459996.00
8,2025-12-13,5,574995.00
8,2025-12-14,5,574995.00
8,2025-12-15,4,459996.00
8,2025-12-16,4,459996.00
8,2025-12-17,4,459996.00
8,2025-12-18,4,459996.00
8,2025-12-19,4,459996.00
8,2025-12-20,5,574995.00
8,2025-12-21,5,574995.00
8,2025-12-22,4,459996.00
8,2025-12-23,4,459996.00
8,2025-12-24,4,459996.00
8,2025-12-25,4,459996.00
8,2025-12-26,4,459996.00
8,2025-12-27,5,574995.00
8,2025-12-28,5,574995.00
8,2025-12-29,4,459996.00
8,2025-12-30,4,459996.00
8,2025-12-31,4,459996.00
8,2026-01-01,4,459996.00
8,2026-01-02,4,459996.00
8,2026-01-03,5,574995.00
8,2026-01-04,5,574995.00
8,2026-01-05,4,459996.00
8,2026-01-06,4,459996.00
8,2026-01-07,4,459996.00
8,2026-01-08,4,459996.00
8,2026-01-09,4,459996.00
8,2026-01-10,5,574995.00
8,2026-01-11,5,574995.00
8,2026-01-12,4,459996.00
8,2026-01-13,4,459996.00
8,2026-01-14,4,459996.00
8,2026-01-15,4,459996.00
8,2026-01-16,4,459996.00
8,2026-01-17,5,574995.00
8,2026-01-18,5,574995.00
8,2026-01-19,4,459996.00
8,2026-01-20,4,459996.00
8,2026-01-21,4,459996.00
8,2026-01-22,4,459996.00
8,2026-01-23,4,459996.00
8,2026-01-24,5,574995.00
8,2026-01-25,5,574995.00
8,2026-01-26,4,459996.00
8,2026-01-27,4,459996.00
8,2026-01-28,4,459996.00
8,2026-01-29,4,459996.00
8,2026-01-30,4,459996.00
8,2026-01-31,5,574995.00
8,2026-02-01,5,574995.00
8,2026-02-02,4,459996.00
8,2026-02-03,4,459996.00
8,2026-02-04,4,459996.00
8,2026-02-05,4,459996.00
8,2026-02-06,4,459996.00
8,2026-02-07,5,574995.00
8,2026-02-08,5,574995.00
8,2026-02-09,4,459996.00
8,2026-02-10,4,459996.00
8,2026-02-11,4,459996.00
8,2026-02-12,4,459996.00
8,2026-02-13,4,459996.00
8,2026-02-14,5,574995.00
8,2026-02-15,5,574995.00
8,2026-02-16,4,459996.00
8,2026-02-17,4,459996.00
8,2026-02-18,4,459996.00
8,2026-02-19,4,459996.00
8,2026-02-20,4,459996.00
8,2026-02-21,5,574995.00
8,2026-02-22,5,574995.00
8,2026-02-23,4,459996.00
8,2026-02-24,4,459996.00
8,2026-02-25,4,459996.00
8,2026-02-26,4,459996.00
8,2026-02-27,4,459996.00
8,2026-02-28,5,574995.00
8,2026-03-01,5,574995.00
8,2026-03-02,4,459996.00
8,2026-03-03,4,459996.00
8,2026-03-04,4,459996.00
8,2026-03-05,4,459996.00
8,2026-03-06,4,459996.00
8,2026-03-07,5,574995.00
8,2026-03-08,5,574995.00
8,2026-03-09,4,459996.00
8,2026-03-10,4,459996.00
8,2026-03-11,4,459996.00
8,2026-03-12,4,459996.00
8,2026-03-13,4,459996.00
8,2026-03-14,5,574995.00
8,2026-03-15,5,574995.00
8,2026-03-16,4,459996.00
8,2026-03-17,4,459996.00
8,2026-03-18,4,459996.00
8,2026-03-19,4,459996.00
8,2026-03-20,4,459996.00
8,2026-03-21,5,574995.00
8,2026-03-22,5,574995.00
8,2026-03-23,4,459996.00
8,2026-03-24,4,459996.00
8,2026-03-25,4,459996.00
8,2026-03-26,4,459996.00
8,2026-03-27,4,459996.00
8,2026-03-28,5,574995.00
8,2026-03-29,5,574995.00
8,2026-03-30,4,459996.00
8,2026-03-31,4,459996.00
8,2026-04-01,4,459996.00
8,2026-04-02,4,459996.00
8,2026-04-03,4,459996.00
8,2026-04-04,5,574995.00
8,2026-04-05,5,574995.00
8,2026-04-06,4,459996.00
8,2026-04-07,4,459996.00
8,2026-04-08,4,459996.00
8,2026-04-09,4,459996.00
8,2026-04-10,4,459996.00
8,2026-04-11,5,574995.00
8,2026-04-12,5,574995.00
8,2026-04-13,4,459996.00
8,2026-04-14,4,459996.00
8,2026-04-15,4,459996.00
8,2026-04-16,4,459996.00
8,2026-04-17,4,459996.00
8,2026-04-18,5,574995.00
8,2026-04-19,5,574995.00
8,2026-04-20,4,459996.00
8,2026-04-21,4,459996.00
8,2026-04-22,4,459996.00
8,2026-04-23,4,459996.00
8,2026-04-24,4,459996.00
8,2026-04-25,5,574995.00
8,2026-04-26,5,574995.00
8,2026-04-27,4,459996.00
8,2026-04-28,4,459996.00
8,2026-04-29,4,459996.00
8,2026-04-30,4,459996.00
8,2026-05-01,4,459996.00
8,2026-05-02,5,574995.00
8,2026-05-03,5,574995.00
8,2026-05-04,4,459996.00
8,2026-05-05,4,459996.00
8,2026-05-06,4,459996.00
8,2026-05-07,4,459996.00
8,2026-05-08,4,459996.00
8,2026-05-09,5,574995.00
8,2026-05-10,5,574995.00
8,2026-05-11,4,459996.00
8,2026-05-12,4,459996.00
8,2026-05-13,4,459996.00
8,2026-05-14,4,459996.00
8,2026-05-15,4,459996.00
8,2026-05-16,5,574995.00
8,2026-05-17,5,574995.00
8,2026-05-18,4,459996.00
8,2026-05-19,4,459996.00
8,2026-05-20,4,459996.00
8,2026-05-21,4,459996.00
8,2026-05-22,4,459996.00
8,2026-05-23,5,574995.00
8,2026-05-24,5,574995.00
8,2026-05-25,4,459996.00
8,2026-05-26,4,459996.00
8,2026-05-27,4,459996.00
8,2026-05-28,4,459996.00
8,2026-05-29,4,459996.00
8,2026-05-30,5,574995.00
8,2026-05-31,5,574995.00
8,2026-06-01,5,574995.00
8,2026-06-02,5,574995.00
8,2026-06-03,5,574995.00
8,2026-06-04,5,574995.00
8,2026-06-05,5,574995.00
8,2026-06-06,6,689994.00
8,2026-06-07,6,689994.00
8,2026-06-08,5,574995.00
8,2026-06-09,5,574995.00
8,2026-06-10,5,574995.00
8,2026-06-11,5,574995.00
8,2026-06-12,5,574995.00
8,2026-06-13,6,689994.00
8,2026-06-14,6,689994.00
8,2026-06-15,5,574995.00
8,2026-06-16,5,574995.00
8,2026-06-17,5,574995.00
8,2026-06-18,5,574995.00
8,2026-06-19,5,574995.00
8,2026-06-20,6,689994.00
8,2026-06-21,6,689994.00
8,2026-06-22,5,574995.00
8,2026-06-23,5,574995.00
8,2026-06-24,5,574995.00
8,2026-06-25,5,574995.00
8,2026-06-26,5,574995.00
8,2026-06-27,6,689994.00
8,2026-06-28,6,689994.00
8,2026-06-29,5,574995.00
8,2026-06-30,5,574995.00
8,2026-07-01,5,574995.00
8,2026-07-02,5,574995.00
8,2026-07-03,5,574995.00
8,2026-07-04,6,689994.00
8,2026-07-05,6,689994.00
8,2026-07-06,5,574995.00
8,2026-07-07,5,574995.00
8,2026-07-08,5,574995.00
8,2026-07-09,5,574995.00
8,2026-07-10,5,574995.00
8,2026-07-11,6,689994.00
8,2026-07-12,6,689994.00
8,2026-07-13,5,574995.00
8,2026-07-14,5,574995.00
8,2026-07-15,5,574995.00
8,2026-07-16,5,574995.00
8,2026-07-17,5,574995.00
8,2026-07-18,6,689994.00
8,2026-07-19,6,689994.00
8,2026-07-20,5,574995.00
8,2026-07-21,5,574995.00
8,2026-07-22,5,574995.00
8,2026-07-23,5,574995.00
8,2026-07-24,5,574995.00
8,2026-07-25,6,689994.00
8,2026-07-26,6,689994.00
8,2026-07-27,5,574995.00
8,2026-07-28,5,574995.00
8,2026-07-29,5,574995.00
8,2026-07-30,5,574995.00
8,2026-07-31,5,574995.00
8,2026-08-01,5,574995.00
8,2026-08-02,5,574995.00
8,2026-08-03,4,459996.00
8,2026-08-04,4,459996.00
8,2026-08-05,4,459996.00
8,2026-08-06,4,459996.00
8,2026-08-07,4,459996.00
8,2026-08-08,5,574995.00
8,2026-08-09,5,574995.00
8,2026-08-10,4,459996.00
8,2026-08-11,4,459996.00
8,2026-08-12,4,459996.00
8,2026-08-13,4,459996.00
8,2026-08-14,4,459996.00
8,2026-08-15,5,574995.00
8,2026-08-16,5,574995.00
8,2026-08-17,4,459996.00
8,2026-08-18,4,459996.00
8,2026-08-19,4,459996.00
8,2026-08-20,4,459996.00
8,2026-08-21,4,459996.00
8,2026-08-22,5,574995.00
8,2026-08-23,5,574995.00
8,2026-08-24,4,459996.00
8,2026-08-25,4,459996.00
8,2026-08-26,4,459996.00
8,2026-08-27,4,459996.00
8,2026-08-28,4,459996.00
8,2026-08-29,5,574995.00
8,2026-08-30,5,574995.00
8,2026-08-31,4,459996.00
8,2026-09-01,4,459996.00
8,2026-09-02,4,459996.00
8,2026-09-03,4,459996.00
8,2026-09-04,4,459996.00
8,2026-09-05,5,574995.00
8,2026-09-06,5,574995.00
8,2026-09-07,4,459996.00
8,2026-09-08,4,459996.00
8,2026-09-09,4,459996.00
8,2026-09-10,4,459996.00
8,2026-09-11,4,459996.00
8,2026-09-12,5,574995.00
8,2026-09-13,5,574995.00
8,2026-09-14,4,459996.00
8,2026-09-15,4,459996.00
8,2026-09-16,4,459996.00
8,2026-09-17,4,459996.00
8,2026-09-18,4,459996.00
8,2026-09-19,5,574995.00
8,2026-09-20,5,574995.00
8,2026-09-21,4,459996.00
8,2026-09-22,4,459996.00
8,2026-09-23,4,459996.00
8,2026-09-24,4,459996.00
8,2026-09-25,4,459996.00
8,2026-09-26,5,574995.00
8,2026-09-27,5,574995.00
8,2026-09-28,4,459996.00
8,2026-09-29,4,459996.00
9,2025-09-30,17,390983.00
9,2025-10-01,21,482979.00
9,2025-10-02,21,482979.00
9,2025-10-03,21,482979.00
9,2025-10-04,25,574975.00
9,2025-10-05,24,551976.00
9,2025-10-06,21,482979.00
9,2025-10-07,21,482979.00
9,2025-10-08,21,482979.00
9,2025-10-09,21,482979.00
9,2025-10-10,21,482979.00
9,2025-10-11,25,574975.00
9,2025-10-12,24,551976.00
9,2025-10-13,21,482979.00
9,2025-10-14,21,482979.00
9,2025-10-15,21,482979.00
9,2025-10-16,21,482979.00
9,2025-10-17,21,482979.00
9,2025-10-18,25,574975.00
9,2025-10-19,24,551976.00
9,2025-10-20,21,482979.00
9,2025-10-21,21,482979.00
9,2025-10-22,21,482979.00
9,2025-10-23,21,482979.00
9,2025-10-24,21,482979.00
9,2025-10-25,25,574975.00
9,2025-10-26,24,551976.00
9,2025-10-27,21,482979.00
9,2025-10-28,21,482979.00
9,2025-10-29,21,482979.00
9,2025-10-30,21,482979.00
9,2025-10-31,21,482979.00
9,2025-11-01,25,574975.00
9,2025-11-02,24,551976.00
9,2025-11-03,21,482979.00
9,2025-11-04,21,482979.00
9,2025-11-05,21,482979.00
9,2025-11-06,21,482979.00
9,2025-11-07,21,482979.00
9,2025-11-08,25,574975.00
9,2025-11-09,24,551976.00
9,2025-11-10,21,482979.00
9,2025-11-11,21,482979.00
9,2025-11-12,21,482979.00
9,2025-11-13,21,482979.00
9,2025-11-14,21,482979.00
9,2025-11-15,25,574975.00
9,2025-11-16,24,551976.00
9,2025-11-17,21,482979.00
9,2025-11-18,21,482979.00
9,2025-11-19,21,482979.00
9,2025-11-20,21,482979.00
9,2025-11-21,21,482979.00
9,2025-11-22,25,574975.00
9,2025-11-23,24,551976.00
9,2025-11-24,21,482979.00
9,2025-11-25,21,482979.00
9,2025-11-26,21,482979.00
9,2025-11-27,21,482979.00
9,2025-11-28,21,482979.00
9,2025-11-29,25,574975.00
9,2025-11-30,24,551976.00
9,2025-12-01,17,390983.00
9,2025-12-02,17,390983.00
9,2025-12-03,17,390983.00
9,2025-12-04,17,390983.00
9,2025-12-05,17,390983.00
9,2025-12-06,20,459980.00
9,2025-12-07,19,436981.00
9,2025-12-08,17,390983.00
9,2025-12-09,17,390983.00
9,2025-12-10,17,390983.00
9,2025-12-11,17,390983.00
9,2025-12-12,17,390983.00
9,2025-12-13,20,459980.00
9,2025-12-14,19,436981.00
9,2025-12-15,17,390983.00
9,2025-12-16,17,390983.00
9,2025-12-17,17,390983.00
9,2025-12-18,17,390983.00
9,2025-12-19,17,390983.00
9,2025-12-20,20,459980.00
9,2025-12-21,19,436981.00
9,2025-12-22,17,390983.00
9,2025-12-23,17,390983.00
9,2025-12-24,17,390983.00
9,2025-12-25,17,390983.00
9,2025-12-26,17,390983.00
9,2025-12-27,20,459980.00
9,2025-12-28,19,436981.00
9,2025-12-29,17,390983.00
9,2025-12-30,17,390983.00
9,2025-12-31,17,390983.00
9,2026-01-01,17,390983.00
9,2026-01-02,17,390983.00
9,2026-01-03,20,459980.00
9,2026-01-04,19,436981.00
9,2026-01-05,17,390983.00
9,2026-01-06,17,390983.00
9,2026-01-07,17,390983.00
9,2026-01-08,17,390983.00
9,2026-01-09,17,390983.00
9,2026-01-10,20,459980.00
9,2026-01-11,19,436981.00
9,2026-01-12,17,390983.00
9,2026-01-13,17,390983.00
9,2026-01-14,17,390983.00
9,2026-01-15,17,390983.00
9,2026-01-16,17,390983.00
9,2026-01-17,20,459980.00
9,2026-01-18,19,436981.00
9,2026-01-19,17,390983.00
9,2026-01-20,17,390983.00
9,2026-01-21,17,390983.00
9,2026-01-22,17,390983.00
9,2026-01-23,17,390983.00
9,2026-01-24,20,459980.00
9,2026-01-25,19,436981.00
9,2026-01-26,17,390983.00
9,2026-01-27,17,390983.00
9,2026-01-28,17,390983.00
9,2026-01-29,17,390983.00
9,2026-01-30,17,390983.00
9,2026-01-31,20,459980.00
9,2026-02-01,19,436981.00
9,2026-02-02,17,390983.00
9,2026-02-03,17,390983.00
9,2026-02-04,17,390983.00
9,2026-02-05,17,390983.00
9,2026-02-06,17,390983.00
9,2026-02-07,20,459980.00
9,2026-02-08,19,436981.00
9,2026-02-09,17,390983.00
9,2026-02-10,17,390983.00
9,2026-02-11,17,390983.00
9,2026-02-12,17,390983.00
9,2026-02-13,17,390983.00
9,2026-02-14,20,459980.00
9,2026-02-15,19,436981.00
9,2026-02-16,17,390983.00
9,2026-02-17,17,390983.00
9,2026-02-18,17,390983.00
9,2026-02-19,17,390983.00
9,2026-02-20,17,390983.00
9,2026-02-21,20,459980.00
9,2026-02-22,19,436981.00
9,2026-02-23,17,390983.00
9,2026-02-24,17,390983.00
9,2026-02-25,17,390983.00
9,2026-02-26,17,390983.00
9,2026-02-27,17,390983.00
9,2026-02-28,20,459980.00
9,2026-03-01,19,436981.00
9,2026-03-02,17,390983.00
9,2026-03-03,17,390983.00
9,2026-03-04,17,390983.00
9,2026-03-05,17,390983.00
9,2026-03-06,17,390983.00
9,2026-03-07,20,459980.00
9,2026-03-08,19,436981.00
9,2026-03-09,17,390983.00
9,2026-03-10,17,390983.00
9,2026-03-11,17,390983.00
9,2026-03-12,17,390983.00
9,2026-03-13,17,390983.00
9,2026-03-14,20,459980.00
9,2026-03-15,19,436981.00
9,2026-03-16,17,390983.00
9,2026-03-17,17,390983.00
9,2026-03-18,17,390983.00
9,2026-03-19,17,390983.00
9,2026-03-20,17,390983.00
9,2026-03-21,20,459980.00
9,2026-03-22,19,436981.00
9,2026-03-23,17,390983.00
9,2026-03-24,17,390983.00
9,2026-03-25,17,390983.00
9,2026-03-26,17,390983.00
9,2026-03-27,17,390983.00
9,2026-03-28,20,459980.00
9,2026-03-29,19,436981.00
9,2026-03-30,17,390983.00
9,2026-03-31,17,390983.00
9,2026-04-01,17,390983.00
9,2026-04-02,17,390983.00
9,2026-04-03,17,390983.00
9,2026-04-04,20,459980.00
9,2026-04-05,19,436981.00
9,2026-04-06,17,390983.00
9,2026-04-07,17,390983.00
9,2026-04-08,17,390983.00
9,2026-04-09,17,390983.00
9,2026-04-10,17,390983.00
9,2026-04-11,20,459980.00
9,2026-04-12,19,436981.00
9,2026-04-13,17,390983.00
9,2026-04-14,17,390983.00
9,2026-04-15,17,390983.00
9,2026-04-16,17,390983.00
9,2026-04-17,17,390983.00
9,2026-04-18,20,459980.00
9,2026-04-19,19,436981.00
9,2026-04-20,17,390983.00
9,2026-04-21,17,390983.00
9,2026-04-22,17,390983.00
9,2026-04-23,17,390983.00
9,2026-04-24,17,390983.00
9,2026-04-25,20,459980.00
9,2026-04-26,19,436981.00
9,2026-04-27,17,390983.00
9,2026-04-28,17,390983.00
9,2026-04-29,17,390983.00
9,2026-04-30,17,390983.00
9,2026-05-01,17,390983.00
9,2026-05-02,20,459980.00
9,2026-05-03,19,436981.00
9,2026-05-04,17,390983.00
9,2026-05-05,17,390983.00
9,2026-05-06,17,390983.00
9,2026-05-07,17,390983.00
9,2026-05-08,17,390983.00
9,2026-05-09,20,459980.00
9,2026-05-10,19,436981.00
9,2026-05-11,17,390983.00
9,2026-05-12,17,390983.00
9,2026-05-13,17,390983.00
9,2026-05-14,17,390983.00
9,2026-05-15,17,390983.00
9,2026-05-16,20,459980.00
9,2026-05-17,19,436981.00
9,2026-05-18,17,390983.00
9,2026-05-19,17,390983.00
9,2026-05-20,17,390983.00
9,2026-05-21,17,390983.00
9,2026-05-22,17,390983.00
9,2026-05-23,20,459980.00
9,2026-05-24,19,436981.00
9,2026-05-25,17,390983.00
9,2026-05-26,17,390983.00
9,2026-05-27,17,390983.00
9,2026-05-28,17,390983.00
9,2026-05-29,17,390983.00
9,2026-05-30,20,459980.00
9,2026-05-31,19,436981.00
9,2026-06-01,17,390983.00
9,2026-06-02,17,390983.00
9,2026-06-03,17,390983.00
9,2026-06-04,17,390983.00
9,2026-06-05,17,390983.00
9,2026-06-06,20,459980.00
9,2026-06-07,19,436981.00
9,2026-06-08,17,390983.00
9,2026-06-09,17,390983.00
9,2026-06-10,17,390983.00
9,2026-06-11,17,390983.00
9,2026-06-12,17,390983.00
9,2026-06-13,20,459980.00
9,2026-06-14,19,436981.00
9,2026-06-15,17,390983.00
9,2026-06-16,17,390983.00
9,2026-06-17,17,390983.00
9,2026-06-18,17,390983.00
9,2026-06-19,17,390983.00
9,2026-06-20,20,459980.00
9,2026-06-21,19,436981.00
9,2026-06-22,17,390983.00
9,2026-06-23,17,390983.00
9,2026-06-24,17,390983.00
9,2026-06-25,17,390983.00
9,2026-06-26,17,390983.00
9,2026-06-27,20,459980.00
9,2026-06-28,19,436981.00
9,2026-06-29,17,390983.00
9,2026-06-30,17,390983.00
9,2026-07-01,17,390983.00
9,2026-07-02,17,390983.00
9,2026-07-03,17,390983.00
9,2026-07-04,20,459980.00
9,2026-07-05,19,436981.00
9,2026-07-06,17,390983.00
9,2026-07-07,17,390983.00
9,2026-07-08,17,390983.00
9,2026-07-09,17,390983.00
9,2026-07-10,17,390983.00
9,2026-07-11,20,459980.00
9,2026-07-12,19,436981.00
9,2026-07-13,17,390983.00
9,2026-07-14,17,390983.00
9,2026-07-15,17,390983.00
9,2026-07-16,17,390983.00
9,2026-07-17,17,390983.00
9,2026-07-18,20,459980.00
9,2026-07-19,19,436981.00
9,2026-07-20,17,390983.00
9,2026-07-21,17,390983.00
9,2026-07-22,17,390983.00
9,2026-07-23,17,390983.00
9,2026-07-24,17,390983.00
9,2026-07-25,20,459980.00
9,2026-07-26,19,436981.00
9,2026-07-27,17,390983.00
9,2026-07-28,17,390983.00
9,2026-07-29,17,390983.00
9,2026-07-30,17,390983.00
9,2026-07-31,17,390983.00
9,2026-08-01,20,459980.00
9,2026-08-02,19,436981.00
9,2026-08-03,17,390983.00
9,2026-08-04,17,390983.00
9,2026-08-05,17,390983.00
9,2026-08-06,17,390983.00
9,2026-08-07,17,390983.00
9,2026-08-08,20,459980.00
9,2026-08-09,19,436981.00
9,2026-08-10,17,390983.00
9,2026-08-11,17,390983.00
9,2026-08-12,17,390983.00
9,2026-08-13,17,390983.00
9,2026-08-14,17,390983.00
9,2026-08-15,20,459980.00
9,2026-08-16,19,436981.00
9,2026-08-17,17,390983.00
9,2026-08-18,17,390983.00
9,2026-08-19,17,390983.00
9,2026-08-20,17,390983.00
9,2026-08-21,17,390983.00
9,2026-08-22,20,459980.00
9,2026-08-23,19,436981.00
9,2026-08-24,17,390983.00
9,2026-08-25,17,390983.00
9,2026-08-26,17,390983.00
9,2026-08-27,17,390983.00
9,2026-08-28,17,390983.00
9,2026-08-29,20,459980.00
9,2026-08-30,19,436981.00
9,2026-08-31,17,390983.00
9,2026-09-01,17,390983.00
9,2026-09-02,17,390983.00
9,2026-09-03,17,390983.00
9,2026-09-04,17,390983.00
9,2026-09-05,20,459980.00
9,2026-09-06,19,436981.00
9,2026-09-07,17,390983.00
9,2026-09-08,17,390983.00
9,2026-09-09,17,390983.00
9,2026-09-10,17,390983.00
9,2026-09-11,17,390983.00
9,2026-09-12,20,459980.00
9,2026-09-13,19,436981.00
9,2026-09-14,17,390983.00
9,2026-09-15,17,390983.00
9,2026-09-16,17,390983.00
9,2026-09-17,17,390983.00
9,2026-09-18,17,390983.00
9,2026-09-19,20,459980.00
9,2026-09-20,19,436981.00
9,2026-09-21,17,390983.00
9,2026-09-22,17,390983.00
9,2026-09-23,17,390983.00
9,2026-09-24,17,390983.00
9,2026-09-25,17,390983.00
9,2026-09-26,20,459980.00
9,2026-09-27,19,436981.00
9,2026-09-28,17,390983.00
9,2026-09-29,17,390983.00
10,2025-09-30,12,479988.00
10,2025-10-01,15,599985.00
10,2025-10-02,15,599985.00
10,2025-10-03,15,599985.00
10,2025-10-04,18,719982.00
10,2025-10-05,17,679983.00
10,2025-10-06,15,599985.00
10,2025-10-07,15,599985.00
10,2025-10-08,15,599985.00
10,2025-10-09,15,599985.00
10,2025-10-10,15,599985.00
10,2025-10-11,18,719982.00
10,2025-10-12,17,679983.00
10,2025-10-13,15,599985.00
10,2025-10-14,15,599985.00
10,2025-10-15,15,599985.00
10,2025-10-16,15,599985.00
10,2025-10-17,15,599985.00
10,2025-10-18,18,719982.00
10,2025-10-19,17,679983.00
10,2025-10-20,15,599985.00
10,2025-10-21,15,599985.00
10,2025-10-22,15,599985.00
10,2025-10-23,15,599985.00
10,2025-10-24,15,599985.00
10,2025-10-25,18,719982.00
10,2025-10-26,17,679983.00
10,2025-10-27,15,599985.00
10,2025-10-28,15,599985.00
10,2025-10-29,15,599985.00
10,2025-10-30,15,599985.00
10,2025-10-31,15,599985.00
10,2025-11-01,18,719982.00
10,2025-11-02,17,679983.00
10,2025-11-03,15,599985.00
10,2025-11-04,15,599985.00
10,2025-11-05,15,599985.00
10,2025-11-06,15,599985.00
10,2025-11-07,15,599985.00
10,2025-11-08,18,719982.00
10,2025-11-09,17,679983.00
10,2025-11-10,15,599985.00
10,2025-11-11,15,599985.00
10,2025-11-12,15,599985.00
10,2025-11-13,15,599985.00
10,2025-11-14,15,599985.00
10,2025-11-15,18,719982.00
10,2025-11-16,17,679983.00
10,2025-11-17,15,599985.00
10,2025-11-18,15,599985.00
10,2025-11-19,15,599985.00
10,2025-11-20,15,599985.00
10,2025-11-21,15,599985.00
10,2025-11-22,18,719982.00
10,2025-11-23,17,679983.00
10,2025-11-24,15,599985.00
10,2025-11-25,15,599985.00
10,2025-11-26,15,599985.00
10,2025-11-27,15,599985.00
10,2025-11-28,15,599985.00
10,2025-11-29,18,719982.00
10,2025-11-30,17,679983.00
10,2025-12-01,12,479988.00
10,2025-12-02,12,479988.00
10,2025-12-03,12,479988.00
10,2025-12-04,12,479988.00
10,2025-12-05,12,479988.00
10,2025-12-06,14,559986.00
10,2025-12-07,14,559986.00
10,2025-12-08,12,479988.00
10,2025-12-09,12,479988.00
10,2025-12-10,12,479988.00
10,2025-12-11,12,479988.00
10,2025-12-12,12,479988.00
10,2025-12-13,14,559986.00
10,2025-12-14,14,559986.00
10,2025-12-15,12,479988.00
10,2025-12-16,12,479988.00
10,2025-12-17,12,479988.00
10,2025-12-18,12,479988.00
10,2025-12-19,12,479988.00
10,2025-12-20,14,559986.00
10,2025-12-21,14,559986.00
10,2025-12-22,12,479988.00
10,2025-12-23,12,479988.00
10,2025-12-24,12,479988.00
10,2025-12-25,12,479988.00
10,2025-12-26,12,479988.00
10,2025-12-27,14,559986.00
10,2025-12-28,14,559986.00
10,2025-12-29,12,479988.00
10,2025-12-30,12,479988.00
10,2025-12-31,12,479988.00
10,2026-01-01,12,479988.00
10,2026-01-02,12,479988.00
10,2026-01-03,14,559986.00
10,2026-01-04,14,559986.00
10,2026-01-05,12,479988.00
10,2026-01-06,12,479988.00
10,2026-01-07,12,479988.00
10,2026-01-08,12,479988.00
10,2026-01-09,12,479988.00
10,2026-01-10,14,559986.00
10,2026-01-11,14,559986.00
10,2026-01-12,12,479988.00
10,2026-01-13,12,479988.00
10,2026-01-14,12,479988.00
10,2026-01-15,12,479988.00
10,2026-01-16,12,479988.00
10,2026-01-17,14,559986.00
10,2026-01-18,14,559986.00
10,2026-01-19,12,479988.00
10,2026-01-20,12,479988.00
10,2026-01-21,12,479988.00
10,2026-01-22,12,479988.00
10,2026-01-23,12,479988.00
10,2026-01-24,14,559986.00
10,2026-01-25,14,559986.00
10,2026-01-26,12,479988.00
10,2026-01-27,12,479988.00
10,2026-01-28,12,479988.00
10,2026-01-29,12,479988.00
10,2026-01-30,12,479988.00
10,2026-01-31,14,559986.00
10,2026-02-01,14,559986.00
10,2026-02-02,12,479988.00
10,2026-02-03,12,479988.00
10,2026-02-04,12,479988.00
10,2026-02-05,12,479988.00
10,2026-02-06,12,479988.00
10,2026-02-07,14,559986.00
10,2026-02-08,14,559986.00
10,2026-02-09,12,479988.00
10,2026-02-10,12,479988.00
10,2026-02-11,12,479988.00
10,2026-02-12,12,479988.00
10,2026-02-13,12,479988.00
10,2026-02-14,14,559986.00
10,2026-02-15,14,559986.00
10,2026-02-16,12,479988.00
10,2026-02-17,12,479988.00
10,2026-02-18,12,479988.00
10,2026-02-19,12,479988.00
10,2026-02-20,12,479988.00
10,2026-02-21,14,559986.00
10,2026-02-22,14,559986.00
10,2026-02-23,12,479988.00
10,2026-02-24,12,479988.00
10,2026-02-25,12,479988.00
10,2026-02-26,12,479988.00
10,2026-02-27,12,479988.00
10,2026-02-28,14,559986.00
10,2026-03-01,14,559986.00
10,2026-03-02,12,479988.00
10,2026-03-03,12,479988.00
10,2026-03-04,12,479988.00
10,2026-03-05,12,479988.00
10,2026-03-06,12,479988.00
10,2026-03-07,14,559986.00
10,2026-03-08,14,559986.00
10,2026-03-09,12,479988.00
10,2026-03-10,12,479988.00
10,2026-03-11,12,479988.00
10,2026-03-12,12,479988.00
10,2026-03-13,12,479988.00
10,2026-03-14,14,559986.00
10,2026-03-15,14,559986.00
10,2026-03-16,12,479988.00
10,2026-03-17,12,479988.00
10,2026-03-18,12,479988.00
10,2026-03-19,12,479988.00
10,2026-03-20,12,479988.00
10,2026-03-21,14,559986.00
10,2026-03-22,14,559986.00
10,2026-03-23,12,479988.00
10,2026-03-24,12,479988.00
10,2026-03-25,12,479988.00
10,2026-03-26,12,479988.00
10,2026-03-27,12,479988.00
10,2026-03-28,14,559986.00
10,2026-03-29,14,559986.00
10,2026-03-30,12,479988.00
10,2026-03-31,12,479988.00
10,2026-04-01,12,479988.00
10,2026-04-02,12,479988.00
10,2026-04-03,12,479988.00
10,2026-04-04,14,559986.00
10,2026-04-05,14,559986.00
10,2026-04-06,12,479988.00
10,2026-04-07,12,479988.00
10,2026-04-08,12,479988.00
10,2026-04-09,12,479988.00
10,2026-04-10,12,479988.00
10,2026-04-11,14,559986.00
10,2026-04-12,14,559986.00
10,2026-04-13,12,479988.00
10,2026-04-14,12,479988.00
10,2026-04-15,12,479988.00
10,2026-04-16,12,479988.00
10,2026-04-17,12,479988.00
10,2026-04-18,14,559986.00
10,2026-04-19,14,559986.00
10,2026-04-20,12,479988.00
10,2026-04-21,12,479988.00
10,2026-04-22,12,479988.00
10,2026-04-23,12,479988.00
10,2026-04-24,12,479988.00
10,2026-04-25,14,559986.00
10,2026-04-26,14,559986.00
10,2026-04-27,12,479988.00
10,2026-04-28,12,479988.00
10,2026-04-29,12,479988.00
10,2026-04-30,12,479988.00
10,2026-05-01,12,479988.00
10,2026-05-02,14,559986.00
10,2026-05-03,14,559986.00
10,2026-05-04,12,479988.00
10,2026-05-05,12,479988.00
10,2026-05-06,12,479988.00
10,2026-05-07,12,479988.00
10,2026-05-08,12,479988.00
10,2026-05-09,14,559986.00
10,2026-05-10,14,559986.00
10,2026-05-11,12,479988.00
10,2026-05-12,12,479988.00
10,2026-05-13,12,479988.00
10,2026-05-14,12,479988.00
10,2026-05-15,12,479988.00
10,2026-05-16,14,559986.00
10,2026-05-17,14,559986.00
10,2026-05-18,12,479988.00
10,2026-05-19,12,479988.00
10,2026-05-20,12,479988.00
10,2026-05-21,12,479988.00
10,2026-05-22,12,479988.00
10,2026-05-23,14,559986.00
10,2026-05-24,14,559986.00
10,2026-05-25,12,479988.00
10,2026-05-26,12,479988.00
10,2026-05-27,12,479988.00
10,2026-05-28,12,479988.00
10,2026-05-29,12,479988.00
10,2026-05-30,14,559986.00
10,2026-05-31,14,559986.00
10,2026-06-01,12,479988.00
10,2026-06-02,12,479988.00
10,2026-06-03,12,479988.00
10,2026-06-04,12,479988.00
10,2026-06-05,12,479988.00
10,2026-06-06,14,559986.00
10,2026-06-07,14,559986.00
10,2026-06-08,12,479988.00
10,2026-06-09,12,479988.00
10,2026-06-10,12,479988.00
10,2026-06-11,12,479988.00
10,2026-06-12,12,479988.00
10,2026-06-13,14,559986.00
10,2026-06-14,14,559986.00
10,2026-06-15,12,479988.00
10,2026-06-16,12,479988.00
10,2026-06-17,12,479988.00
10,2026-06-18,12,479988.00
10,2026-06-19,12,479988.00
10,2026-06-20,14,559986.00
10,2026-06-21,14,559986.00
10,2026-06-22,12,479988.00
10,2026-06-23,12,479988.00
10,2026-06-24,12,479988.00
10,2026-06-25,12,479988.00
10,2026-06-26,12,479988.00
10,2026-06-27,14,559986.00
10,2026-06-28,14,559986.00
10,2026-06-29,12,479988.00
10,2026-06-30,12,479988.00
10,2026-07-01,12,479988.00
10,2026-07-02,12,479988.00
10,2026-07-03,12,479988.00
10,2026-07-04,14,559986.00
10,2026-07-05,14,559986.00
10,2026-07-06,12,479988.00
10,2026-07-07,12,479988.00
10,2026-07-08,12,479988.00
10,2026-07-09,12,479988.00
10,2026-07-10,12,479988.00
10,2026-07-11,14,559986.00
10,2026-07-12,14,559986.00
10,2026-07-13,12,479988.00
10,2026-07-14,12,479988.00
10,2026-07-15,12,479988.00
10,2026-07-16,12,479988.00
10,2026-07-17,12,479988.00
10,2026-07-18,14,559986.00
10,2026-07-19,14,559986.00
10,2026-07-20,12,479988.00
10,2026-07-21,12,479988.00
10,2026-07-22,12,479988.00
10,2026-07-23,12,479988.00
10,2026-07-24,12,479988.00
10,2026-07-25,14,559986.00
10,2026-07-26,14,559986.00
10,2026-07-27,12,479988.00
10,2026-07-28,12,479988.00
10,2026-07-29,12,479988.00
10,2026-07-30,12,479988.00
10,2026-07-31,12,479988.00
10,2026-08-01,14,559986.00
10,2026-08-02,14,559986.00
10,2026-08-03,12,479988.00
10,2026-08-04,12,479988.00
10,2026-08-05,12,479988.00
10,2026-08-06,12,479988.00
10,2026-08-07,12,479988.00
10,2026-08-08,14,559986.00
10,2026-08-09,14,559986.00
10,2026-08-10,12,479988.00
10,2026-08-11,12,479988.00
10,2026-08-12,12,479988.00
10,2026-08-13,12,479988.00
10,2026-08-14,12,479988.00
10,2026-08-15,14,559986.00
10,2026-08-16,14,559986.00
10,2026-08-17,12,479988.00
10,2026-08-18,12,479988.00
10,2026-08-19,12,479988.00
10,2026-08-20,12,479988.00
10,2026-08-21,12,479988.00
10,2026-08-22,14,559986.00
10,2026-08-23,14,559986.00
10,2026-08-24,12,479988.00
10,2026-08-25,12,479988.00
10,2026-08-26,12,479988.00
10,2026-08-27,12,479988.00
10,2026-08-28,12,479988.00
10,2026-08-29,14,559986.00
10,2026-08-30,14,559986.00
10,2026-08-31,12,479988.00
10,2026-09-01,12,479988.00
10,2026-09-02,12,479988.00
10,2026-09-03,12,479988.00
10,2026-09-04,12,479988.00
10,2026-09-05,14,559986.00
10,2026-09-06,14,559986.00
10,2026-09-07,12,479988.00
10,2026-09-08,12,479988.00
10,2026-09-09,12,479988.00
10,2026-09-10,12,479988.00
10,2026-09-11,12,479988.00
10,2026-09-12,14,559986.00
10,2026-09-13,14,559986.00
10,2026-09-14,12,479988.00
10,2026-09-15,12,479988.00
10,2026-09-16,12,479988.00
10,2026-09-17,12,479988.00
10,2026-09-18,12,479988.00
10,2026-09-19,14,559986.00
10,2026-09-20,14,559986.00
10,2026-09-21,12,479988.00
10,2026-09-22,12,479988.00
10,2026-09-23,12,479988.00
10,2026-09-24,12,479988.00
10,2026-09-25,12,479988.00
10,2026-09-26,14,559986.00
10,2026-09-27,14,559986.00
10,2026-09-28,12,479988.00
10,2026-09-29,12,479988.00
11,2025-09-30,12,1259988.00
11,2025-10-01,16,1679984.00
11,2025-10-02,16,1679984.00
11,2025-10-03,16,1679984.00
11,2025-10-04,19,1994981.00
11,2025-10-05,18,1889982.00
11,2025-10-06,16,1679984.00
11,2025-10-07,16,1679984.00
11,2025-10-08,16,1679984.00
11,2025-10-09,16,1679984.00
11,2025-10-10,16,1679984.00
11,2025-10-11,19,1994981.00
11,2025-10-12,18,1889982.00
11,2025-10-13,16,1679984.00
11,2025-10-14,16,1679984.00
11,2025-10-15,16,1679984.00
11,2025-10-16,16,1679984.00
11,2025-10-17,16,1679984.00
11,2025-10-18,19,1994981.00
11,2025-10-19,18,1889982.00
11,2025-10-20,16,1679984.00
11,2025-10-21,16,1679984.00
11,2025-10-22,16,1679984.00
11,2025-10-23,16,1679984.00
11,2025-10-24,16,1679984.00
11,2025-10-25,19,1994981.00
11,2025-10-26,18,1889982.00
11,2025-10-27,16,1679984.00
11,2025-10-28,16,1679984.00
11,2025-10-29,16,1679984.00
11,2025-10-30,16,1679984.00
11,2025-10-31,16,1679984.00
11,2025-11-01,19,1994981.00
11,2025-11-02,18,1889982.00
11,2025-11-03,16,1679984.00
11,2025-11-04,16,1679984.00
11,2025-11-05,16,1679984.00
11,2025-11-06,16,1679984.00
11,2025-11-07,16,1679984.00
11,2025-11-08,19,1994981.00
11,2025-11-09,18,1889982.00
11,2025-11-10,16,1679984.00
11,2025-11-11,16,1679984.00
11,2025-11-12,16,1679984.00
11,2025-11-13,16,1679984.00
11,2025-11-14,16,1679984.00
11,2025-11-15,19,1994981.00
11,2025-11-16,18,1889982.00
11,2025-11-17,16,1679984.00
11,2025-11-18,16,1679984.00
11,2025-11-19,16,1679984.00
11,2025-11-20,16,1679984.00
11,2025-11-21,16,1679984.00
11,2025-11-22,19,1994981.00
11,2025-11-23,18,1889982.00
11,2025-11-24,16,1679984.00
11,2025-11-25,16,1679984.00
11,2025-11-26,16,1679984.00
11,2025-11-27,16,1679984.00
11,2025-11-28,16,1679984.00
11,2025-11-29,19,1994981.00
11,2025-11-30,18,1889982.00
11,2025-12-01,12,1259988.00
11,2025-12-02,12,1259988.00
11,2025-12-03,12,1259988.00
11,2025-12-04,12,1259988.00
11,2025-12-05,12,1259988.00
11,2025-12-06,15,1574985.00
11,2025-12-07,14,1469986.00
11,2025-12-08,12,1259988.00
11,2025-12-09,12,1259988.00
11,2025-12-10,12,1259988.00
11,2025-12-11,12,1259988.00
11,2025-12-12,12,1259988.00
11,2025-12-13,15,1574985.00
11,2025-12-14,14,1469986.00
11,2025-12-15,12,1259988.00
11,2025-12-16,12,1259988.00
11,2025-12-17,12,1259988.00
11,2025-12-18,12,1259988.00
11,2025-12-19,12,1259988.00
11,2025-12-20,15,1574985.00
11,2025-12-21,14,1469986.00
11,2025-12-22,12,1259988.00
11,2025-12-23,12,1259988.00
11,2025-12-24,12,1259988.00
11,2025-12-25,12,1259988.00
11,2025-12-26,12,1259988.00
11,2025-12-27,15,1574985.00
11,2025-12-28,14,1469986.00
11,2025-12-29,12,1259988.00
11,2025-12-30,12,1259988.00
11,2025-12-31,12,1259988.00
11,2026-01-01,12,1259988.00
11,2026-01-02,12,1259988.00
11,2026-01-03,15,1574985.00
11,2026-01-04,14,1469986.00
11,2026-01-05,12,1259988.00
11,2026-01-06,12,1259988.00
11,2026-01-07,12,1259988.00
11,2026-01-08,12,1259988.00
11,2026-01-09,12,1259988.00
11,2026-01-10,15,1574985.00
11,2026-01-11,14,1469986.00
11,2026-01-12,12,1259988.00
11,2026-01-13,12,1259988.00
11,2026-01-14,12,1259988.00
11,2026-01-15,12,1259988.00
11,2026-01-16,12,1259988.00
11,2026-01-17,15,1574985.00
11,2026-01-18,14,1469986.00
11,2026-01-19,12,1259988.00
11,2026-01-20,12,1259988.00
11,2026-01-21,12,1259988.00
11,2026-01-22,12,1259988.00
11,2026-01-23,12,1259988.00
11,2026-01-24,15,1574985.00
11,2026-01-25,14,1469986.00
11,2026-01-26,12,1259988.00
11,2026-01-27,12,1259988.00
11,2026-01-28,12,1259988.00
11,2026-01-29,12,1259988.00
11,2026-01-30,12,1259988.00
11,2026-01-31,15,1574985.00
11,2026-02-01,14,1469986.00
11,2026-02-02,12,1259988.00
11,2026-02-03,12,1259988.00
11,2026-02-04,12,1259988.00
11,2026-02-05,12,1259988.00
11,2026-02-06,12,1259988.00
11,2026-02-07,15,1574985.00
11,2026-02-08,14,1469986.00
11,2026-02-09,12,1259988.00
11,2026-02-10,12,1259988.00
11,2026-02-11,12,1259988.00
11,2026-02-12,12,1259988.00
11,2026-02-13,12,1259988.00
11,2026-02-14,15,1574985.00
11,2026-02-15,14,1469986.00
11,2026-02-16,12,1259988.00
11,2026-02-17,12,1259988.00
11,2026-02-18,12,1259988.00
11,2026-02-19,12,1259988.00
11,2026-02-20,12,1259988.00
11,2026-02-21,15,1574985.00
11,2026-02-22,14,1469986.00
11,2026-02-23,12,1259988.00
11,2026-02-24,12,1259988.00
11,2026-02-25,12,1259988.00
11,2026-02-26,12,1259988.00
11,2026-02-27,12,1259988.00
11,2026-02-28,15,1574985.00
11,2026-03-01,14,1469986.00
11,2026-03-02,12,1259988.00
11,2026-03-03,12,1259988.00
11,2026-03-04,12,1259988.00
11,2026-03-05,12,1259988.00
11,2026-03-06,12,1259988.00
11,2026-03-07,15,1574985.00
11,2026-03-08,14,1469986.00
11,2026-03-09,12,1259988.00
11,2026-03-10,12,1259988.00
11,2026-03-11,12,1259988.00
11,2026-03-12,12,1259988.00
11,2026-03-13,12,1259988.00
11,2026-03-14,15,1574985.00
11,2026-03-15,14,1469986.00
11,2026-03-16,12,1259988.00
11,2026-03-17,12,1259988.00
11,2026-03-18,12,1259988.00
11,2026-03-19,12,1259988.00
11,2026-03-20,12,1259988.00
11,2026-03-21,15,1574985.00
11,2026-03-22,14,1469986.00
11,2026-03-23,12,1259988.00
11,2026-03-24,12,1259988.00
11,2026-03-25,12,1259988.00
11,2026-03-26,12,1259988.00
11,2026-03-27,12,1259988.00
11,2026-03-28,15,1574985.00
11,2026-03-29,14,1469986.00
11,2026-03-30,12,1259988.00
11,2026-03-31,12,1259988.00
11,2026-04-01,12,1259988.00
11,2026-04-02,12,1259988.00
11,2026-04-03,12,1259988.00
11,2026-04-04,15,1574985.00
11,2026-04-05,14,1469986.00
11,2026-04-06,12,1259988.00
11,2026-04-07,12,1259988.00
11,2026-04-08,12,1259988.00
11,2026-04-09,12,1259988.00
11,2026-04-10,12,1259988.00
11,2026-04-11,15,1574985.00
11,2026-04-12,14,1469986.00
11,2026-04-13,12,1259988.00
11,2026-04-14,12,1259988.00
11,2026-04-15,12,1259988.00
11,2026-04-16,12,1259988.00
11,2026-04-17,12,1259988.00
11,2026-04-18,15,1574985.00
11,2026-04-19,14,1469986.00
11,2026-04-20,12,1259988.00
11,2026-04-21,12,1259988.00
11,2026-04-22,12,1259988.00
11,2026-04-23,12,1259988.00
11,2026-04-24,12,1259988.00
11,2026-04-25,15,1574985.00
11,2026-04-26,14,1469986.00
11,2026-04-27,12,1259988.00
11,2026-04-28,12,1259988.00
11,2026-04-29,12,1259988.00
11,2026-04-30,12,1259988.00
11,2026-05-01,12,1259988.00
11,2026-05-02,15,1574985.00
11,2026-05-03,14,1469986.00
11,2026-05-04,12,1259988.00
11,2026-05-05,12,1259988.00
11,2026-05-06,12,1259988.00
11,2026-05-07,12,1259988.00
11,2026-05-08,12,1259988.00
11,2026-05-09,15,1574985.00
11,2026-05-10,14,1469986.00
11,2026-05-11,12,1259988.00
11,2026-05-12,12,1259988.00
11,2026-05-13,12,1259988.00
11,2026-05-14,12,1259988.00
11,2026-05-15,12,1259988.00
11,2026-05-16,15,1574985.00
11,2026-05-17,14,1469986.00
11,2026-05-18,12,1259988.00
11,2026-05-19,12,1259988.00
11,2026-05-20,12,1259988.00
11,2026-05-21,12,1259988.00
11,2026-05-22,12,1259988.00
11,2026-05-23,15,1574985.00
11,2026-05-24,14,1469986.00
11,2026-05-25,12,1259988.00
11,2026-05-26,12,1259988.00
11,2026-05-27,12,1259988.00
11,2026-05-28,12,1259988.00
11,2026-05-29,12,1259988.00
11,2026-05-30,15,1574985.00
11,2026-05-31,14,1469986.00
11,2026-06-01,12,1259988.00
11,2026-06-02,12,1259988.00
11,2026-06-03,12,1259988.00
11,2026-06-04,12,1259988.00
11,2026-06-05,12,1259988.00
11,2026-06-06,15,1574985.00
11,2026-06-07,14,1469986.00
11,2026-06-08,12,1259988.00
11,2026-06-09,12,1259988.00
11,2026-06-10,12,1259988.00
11,2026-06-11,12,1259988.00
11,2026-06-12,12,1259988.00
11,2026-06-13,15,1574985.00
11,2026-06-14,14,1469986.00
11,2026-06-15,12,1259988.00
11,2026-06-16,12,1259988.00
11,2026-06-17,12,1259988.00
11,2026-06-18,12,1259988.00
11,2026-06-19,12,1259988.00
11,2026-06-20,15,1574985.00
11,2026-06-21,14,1469986.00
11,2026-06-22,12,1259988.00
11,2026-06-23,12,1259988.00
11,2026-06-24,12,1259988.00
11,2026-06-25,12,1259988.00
11,2026-06-26,12,1259988.00
11,2026-06-27,15,1574985.00
11,2026-06-28,14,1469986.00
11,2026-06-29,12,1259988.00
11,2026-06-30,12,1259988.00
11,2026-07-01,12,1259988.00
11,2026-07-02,12,1259988.00
11,2026-07-03,12,1259988.00
11,2026-07-04,15,1574985.00
11,2026-07-05,14,1469986.00
11,2026-07-06,12,1259988.00
11,2026-07-07,12,1259988.00
11,2026-07-08,12,1259988.00
11,2026-07-09,12,1259988.00
11,2026-07-10,12,1259988.00
11,2026-07-11,15,1574985.00
11,2026-07-12,14,1469986.00
11,2026-07-13,12,1259988.00
11,2026-07-14,12,1259988.00
11,2026-07-15,12,1259988.00
11,2026-07-16,12,1259988.00
11,2026-07-17,12,1259988.00
11,2026-07-18,15,1574985.00
11,2026-07-19,14,1469986.00
11,2026-07-20,12,1259988.00
11,2026-07-21,12,1259988.00
11,2026-07-22,12,1259988.00
11,2026-07-23,12,1259988.00
11,2026-07-24,12,1259988.00
11,2026-07-25,15,1574985.00
11,2026-07-26,14,1469986.00
11,2026-07-27,12,1259988.00
11,2026-07-28,12,1259988.00
11,2026-07-29,12,1259988.00
11,2026-07-30,12,1259988.00
11,2026-07-31,12,1259988.00
11,2026-08-01,15,1574985.00
11,2026-08-02,14,1469986.00
11,2026-08-03,12,1259988.00
11,2026-08-04,12,1259988.00
11,2026-08-05,12,1259988.00
11,2026-08-06,12,1259988.00
11,2026-08-07,12,1259988.00
11,2026-08-08,15,1574985.00
11,2026-08-09,14,1469986.00
11,2026-08-10,12,1259988.00
11,2026-08-11,12,1259988.00
11,2026-08-12,12,1259988.00
11,2026-08-13,12,1259988.00
11,2026-08-14,12,1259988.00
11,2026-08-15,15,1574985.00
11,2026-08-16,14,1469986.00
11,2026-08-17,12,1259988.00
11,2026-08-18,12,1259988.00
11,2026-08-19,12,1259988.00
11,2026-08-20,12,1259988.00
11,2026-08-21,12,1259988.00
11,2026-08-22,15,1574985.00
11,2026-08-23,14,1469986.00
11,2026-08-24,12,1259988.00
11,2026-08-25,12,1259988.00
11,2026-08-26,12,1259988.00
11,2026-08-27,12,1259988.00
11,2026-08-28,12,1259988.00
11,2026-08-29,15,1574985.00
11,2026-08-30,14,1469986.00
11,2026-08-31,12,1259988.00
11,2026-09-01,12,1259988.00
11,2026-09-02,12,1259988.00
11,2026-09-03,12,1259988.00
11,2026-09-04,12,1259988.00
11,2026-09-05,15,1574985.00
11,2026-09-06,14,1469986.00
11,2026-09-07,12,1259988.00
11,2026-09-08,12,1259988.00
11,2026-09-09,12,1259988.00
11,2026-09-10,12,1259988.00
11,2026-09-11,12,1259988.00
11,2026-09-12,15,1574985.00
11,2026-09-13,14,1469986.00
11,2026-09-14,12,1259988.00
11,2026-09-15,12,1259988.00
11,2026-09-16,12,1259988.00
11,2026-09-17,12,1259988.00
11,2026-09-18,12,1259988.00
11,2026-09-19,15,1574985.00
11,2026-09-20,14,1469986.00
11,2026-09-21,12,1259988.00
11,2026-09-22,12,1259988.00
11,2026-09-23,12,1259988.00
11,2026-09-24,12,1259988.00
11,2026-09-25,12,1259988.00
11,2026-09-26,15,1574985.00
11,2026-09-27,14,1469986.00
11,2026-09-28,12,1259988.00
11,2026-09-29,12,1259988.00
12,2025-09-30,14,1119986.00
12,2025-10-01,18,1439982.00
12,2025-10-02,18,1439982.00
12,2025-10-03,18,1439982.00
12,2025-10-04,22,1759978.00
12,2025-10-05,21,1679979.00
12,2025-10-06,18,1439982.00
12,2025-10-07,18,1439982.00
12,2025-10-08,18,1439982.00
12,2025-10-09,18,1439982.00
12,2025-10-10,18,1439982.00
12,2025-10-11,22,1759978.00
12,2025-10-12,21,1679979.00
12,2025-10-13,18,1439982.00
12,2025-10-14,18,1439982.00
12,2025-10-15,18,1439982.00
12,2025-10-16,18,1439982.00
12,2025-10-17,18,1439982.00
12,2025-10-18,22,1759978.00
12,2025-10-19,21,1679979.00
12,2025-10-20,18,1439982.00
12,2025-10-21,18,1439982.00
12,2025-10-22,18,1439982.00
12,2025-10-23,18,1439982.00
12,2025-10-24,18,1439982.00
12,2025-10-25,22,1759978.00
12,2025-10-26,21,1679979.00
12,2025-10-27,18,1439982.00
12,2025-10-28,18,1439982.00
12,2025-10-29,18,1439982.00
12,2025-10-30,18,1439982.00
12,2025-10-31,18,1439982.00
12,2025-11-01,22,1759978.00
12,2025-11-02,21,1679979.00
12,2025-11-03,18,1439982.00
12,2025-11-04,18,1439982.00
12,2025-11-05,18,1439982.00
12,2025-11-06,18,1439982.00
12,2025-11-07,18,1439982.00
12,2025-11-08,22,1759978.00
12,2025-11-09,21,1679979.00
12,2025-11-10,18,1439982.00
12,2025-11-11,18,1439982.00
12,2025-11-12,18,1439982.00
12,2025-11-13,18,1439982.00
12,2025-11-14,18,1439982.00
12,2025-11-15,22,1759978.00
12,2025-11-16,21,1679979.00
12,2025-11-17,18,1439982.00
12,2025-11-18,18,1439982.00
12,2025-11-19,18,1439982.00
12,2025-11-20,18,1439982.00
12,2025-11-21,18,1439982.00
12,2025-11-22,22,1759978.00
12,2025-11-23,21,1679979.00
12,2025-11-24,18,1439982.00
12,2025-11-25,18,1439982.00
12,2025-11-26,18,1439982.00
12,2025-11-27,18,1439982.00
12,2025-11-28,18,1439982.00
12,2025-11-29,22,1759978.00
12,2025-11-30,21,1679979.00
12,2025-12-01,14,1119986.00
12,2025-12-02,14,1119986.00
12,2025-12-03,14,1119986.00
12,2025-12-04,14,1119986.00
12,2025-12-05,14,1119986.00
12,2025-12-06,17,1359983.00
12,2025-12-07,17,1359983.00
12,2025-12-08,14,1119986.00
12,2025-12-09,14,1119986.00
12,2025-12-10,14,1119986.00
12,2025-12-11,14,1119986.00
12,2025-12-12,14,1119986.00
12,2025-12-13,17,1359983.00
12,2025-12-14,17,1359983.00
12,2025-12-15,14,1119986.00
12,2025-12-16,14,1119986.00
12,2025-12-17,14,1119986.00
12,2025-12-18,14,1119986.00
12,2025-12-19,14,1119986.00
12,2025-12-20,17,1359983.00
12,2025-12-21,17,1359983.00
12,2025-12-22,14,1119986.00
12,2025-12-23,14,1119986.00
12,2025-12-24,14,1119986.00
12,2025-12-25,14,1119986.00
12,2025-12-26,14,1119986.00
12,2025-12-27,17,1359983.00
12,2025-12-28,17,1359983.00
12,2025-12-29,14,1119986.00
12,2025-12-30,14,1119986.00
12,2025-12-31,14,1119986.00
12,2026-01-01,14,1119986.00
12,2026-01-02,14,1119986.00
12,2026-01-03,17,1359983.00
12,2026-01-04,17,1359983.00
12,2026-01-05,14,1119986.00
12,2026-01-06,14,1119986.00
12,2026-01-07,14,1119986.00
12,2026-01-08,14,1119986.00
12,2026-01-09,14,1119986.00
12,2026-01-10,17,1359983.00
12,2026-01-11,17,1359983.00
12,2026-01-12,14,1119986.00
12,2026-01-13,14,1119986.00
12,2026-01-14,14,1119986.00
12,2026-01-15,14,1119986.00
12,2026-01-16,14,1119986.00
12,2026-01-17,17,1359983.00
12,2026-01-18,17,1359983.00
12,2026-01-19,14,1119986.00
12,2026-01-20,14,1119986.00
12,2026-01-21,14,1119986.00
12,2026-01-22,14,1119986.00
12,2026-01-23,14,1119986.00
12,2026-01-24,17,1359983.00
12,2026-01-25,17,1359983.00
12,2026-01-26,14,1119986.00
12,2026-01-27,14,1119986.00
12,2026-01-28,14,1119986.00
12,2026-01-29,14,1119986.00
12,2026-01-30,14,1119986.00
12,2026-01-31,17,1359983.00
12,2026-02-01,17,1359983.00
12,2026-02-02,14,1119986.00
12,2026-02-03,14,1119986.00
12,2026-02-04,14,1119986.00
12,2026-02-05,14,1119986.00
12,2026-02-06,14,1119986.00
12,2026-02-07,17,1359983.00
12,2026-02-08,17,1359983.00
12,2026-02-09,14,1119986.00
12,2026-02-10,14,1119986.00
12,2026-02-11,14,1119986.00
12,2026-02-12,14,1119986.00
12,2026-02-13,14,1119986.00
12,2026-02-14,17,1359983.00
12,2026-02-15,17,1359983.00
12,2026-02-16,14,1119986.00
12,2026-02-17,14,1119986.00
12,2026-02-18,14,1119986.00
12,2026-02-19,14,1119986.00
12,2026-02-20,14,1119986.00
12,2026-02-21,17,1359983.00
12,2026-02-22,17,1359983.00
12,2026-02-23,14,1119986.00
12,2026-02-24,14,1119986.00
12,2026-02-25,14,1119986.00
12,2026-02-26,14,1119986.00
12,2026-02-27,14,1119986.00
12,2026-02-28,17,1359983.00
12,2026-03-01,17,1359983.00
12,2026-03-02,14,1119986.00
12,2026-03-03,14,1119986.00
12,2026-03-04,14,1119986.00
12,2026-03-05,14,1119986.00
12,2026-03-06,14,1119986.00
12,2026-03-07,17,1359983.00
12,2026-03-08,17,1359983.00
12,2026-03-09,14,1119986.00
12,2026-03-10,14,1119986.00
12,2026-03-11,14,1119986.00
12,2026-03-12,14,1119986.00
12,2026-03-13,14,1119986.00
12,2026-03-14,17,1359983.00
12,2026-03-15,17,1359983.00
12,2026-03-16,14,1119986.00
12,2026-03-17,14,1119986.00
12,2026-03-18,14,1119986.00
12,2026-03-19,14,1119986.00
12,2026-03-20,14,1119986.00
12,2026-03-21,17,1359983.00
12,2026-03-22,17,1359983.00
12,2026-03-23,14,1119986.00
12,2026-03-24,14,1119986.00
12,2026-03-25,14,1119986.00
12,2026-03-26,14,1119986.00
12,2026-03-27,14,1119986.00
12,2026-03-28,17,1359983.00
12,2026-03-29,17,1359983.00
12,2026-03-30,14,1119986.00
12,2026-03-31,14,1119986.00
12,2026-04-01,14,1119986.00
12,2026-04-02,14,1119986.00
12,2026-04-03,14,1119986.00
12,2026-04-04,17,1359983.00
12,2026-04-05,17,1359983.00
12,2026-04-06,14,1119986.00
12,2026-04-07,14,1119986.00
12,2026-04-08,14,1119986.00
12,2026-04-09,14,1119986.00
12,2026-04-10,14,1119986.00
12,2026-04-11,17,1359983.00
12,2026-04-12,17,1359983.00
12,2026-04-13,14,1119986.00
12,2026-04-14,14,1119986.00
12,2026-04-15,14,1119986.00
12,2026-04-16,14,1119986.00
12,2026-04-17,14,1119986.00
12,2026-04-18,17,1359983.00
12,2026-04-19,17,1359983.00
12,2026-04-20,14,1119986.00
12,2026-04-21,14,1119986.00
12,2026-04-22,14,1119986.00
12,2026-04-23,14,1119986.00
12,2026-04-24,14,1119986.00
12,2026-04-25,17,1359983.00
12,2026-04-26,17,1359983.00
12,2026-04-27,14,1119986.00
12,2026-04-28,14,1119986.00
12,2026-04-29,14,1119986.00
12,2026-04-30,14,1119986.00
12,2026-05-01,14,1119986.00
12,2026-05-02,17,1359983.00
12,2026-05-03,17,1359983.00
12,2026-05-04,14,1119986.00
12,2026-05-05,14,1119986.00
12,2026-05-06,14,1119986.00
12,2026-05-07,14,1119986.00
12,2026-05-08,14,1119986.00
12,2026-05-09,17,1359983.00
12,2026-05-10,17,1359983.00
12,2026-05-11,14,1119986.00
12,2026-05-12,14,1119986.00
12,2026-05-13,14,1119986.00
12,2026-05-14,14,1119986.00
12,2026-05-15,14,1119986.00
12,2026-05-16,17,1359983.00
12,2026-05-17,17,1359983.00
12,2026-05-18,14,1119986.00
12,2026-05-19,14,1119986.00
12,2026-05-20,14,1119986.00
12,2026-05-21,14,1119986.00
12,2026-05-22,14,1119986.00
12,2026-05-23,17,1359983.00
12,2026-05-24,17,1359983.00
12,2026-05-25,14,1119986.00
12,2026-05-26,14,1119986.00
12,2026-05-27,14,1119986.00
12,2026-05-28,14,1119986.00
12,2026-05-29,14,1119986.00
12,2026-05-30,17,1359983.00
12,2026-05-31,17,1359983.00
12,2026-06-01,14,1119986.00
12,2026-06-02,14,1119986.00
12,2026-06-03,14,1119986.00
12,2026-06-04,14,1119986.00
12,2026-06-05,14,1119986.00
12,2026-06-06,17,1359983.00
12,2026-06-07,17,1359983.00
12,2026-06-08,14,1119986.00
12,2026-06-09,14,1119986.00
12,2026-06-10,14,1119986.00
12,2026-06-11,14,1119986.00
12,2026-06-12,14,1119986.00
12,2026-06-13,17,1359983.00
12,2026-06-14,17,1359983.00
12,2026-06-15,14,1119986.00
12,2026-06-16,14,1119986.00
12,2026-06-17,14,1119986.00
12,2026-06-18,14,1119986.00
12,2026-06-19,14,1119986.00
12,2026-06-20,17,1359983.00
12,2026-06-21,17,1359983.00
12,2026-06-22,14,1119986.00
12,2026-06-23,14,1119986.00
12,2026-06-24,14,1119986.00
12,2026-06-25,14,1119986.00
12,2026-06-26,14,1119986.00
12,2026-06-27,17,1359983.00
12,2026-06-28,17,1359983.00
12,2026-06-29,14,1119986.00
12,2026-06-30,14,1119986.00
12,2026-07-01,14,1119986.00
12,2026-07-02,14,1119986.00
12,2026-07-03,14,1119986.00
12,2026-07-04,17,1359983.00
12,2026-07-05,17,1359983.00
12,2026-07-06,14,1119986.00
12,2026-07-07,14,1119986.00
12,2026-07-08,14,1119986.00
12,2026-07-09,14,1119986.00
12,2026-07-10,14,1119986.00
12,2026-07-11,17,1359983.00
12,2026-07-12,17,1359983.00
12,2026-07-13,14,1119986.00
12,2026-07-14,14,1119986.00
12,2026-07-15,14,1119986.00
12,2026-07-16,14,1119986.00
12,2026-07-17,14,1119986.00
12,2026-07-18,17,1359983.00
12,2026-07-19,17,1359983.00
12,2026-07-20,14,1119986.00
12,2026-07-21,14,1119986.00
12,2026-07-22,14,1119986.00
12,2026-07-23,14,1119986.00
12,2026-07-24,14,1119986.00
12,2026-07-25,17,1359983.00
12,2026-07-26,17,1359983.00
12,2026-07-27,14,1119986.00
12,2026-07-28,14,1119986.00
12,2026-07-29,14,1119986.00
12,2026-07-30,14,1119986.00
12,2026-07-31,14,1119986.00
12,2026-08-01,17,1359983.00
12,2026-08-02,17,1359983.00
12,2026-08-03,14,1119986.00
12,2026-08-04,14,1119986.00
12,2026-08-05,14,1119986.00
12,2026-08-06,14,1119986.00
12,2026-08-07,14,1119986.00
12,2026-08-08,17,1359983.00
12,2026-08-09,17,1359983.00
12,2026-08-10,14,1119986.00
12,2026-08-11,14,1119986.00
12,2026-08-12,14,1119986.00
12,2026-08-13,14,1119986.00
12,2026-08-14,14,1119986.00
12,2026-08-15,17,1359983.00
12,2026-08-16,17,1359983.00
12,2026-08-17,14,1119986.00
12,2026-08-18,14,1119986.00
12,2026-08-19,14,1119986.00
12,2026-08-20,14,1119986.00
12,2026-08-21,14,1119986.00
12,2026-08-22,17,1359983.00
12,2026-08-23,17,1359983.00
12,2026-08-24,14,1119986.00
12,2026-08-25,14,1119986.00
12,2026-08-26,14,1119986.00
12,2026-08-27,14,1119986.00
12,2026-08-28,14,1119986.00
12,2026-08-29,17,1359983.00
12,2026-08-30,17,1359983.00
12,2026-08-31,14,1119986.00
12,2026-09-01,14,1119986.00
12,2026-09-02,14,1119986.00
12,2026-09-03,14,1119986.00
12,2026-09-04,14,1119986.00
12,2026-09-05,17,1359983.00
12,2026-09-06,17,1359983.00
12,2026-09-07,14,1119986.00
12,2026-09-08,14,1119986.00
12,2026-09-09,14,1119986.00
12,2026-09-10,14,1119986.00
12,2026-09-11,14,1119986.00
12,2026-09-12,17,1359983.00
12,2026-09-13,17,1359983.00
12,2026-09-14,14,1119986.00
12,2026-09-15,14,1119986.00
12,2026-09-16,14,1119986.00
12,2026-09-17,14,1119986.00
12,2026-09-18,14,1119986.00
12,2026-09-19,17,1359983.00
12,2026-09-20,17,1359983.00
12,2026-09-21,14,1119986.00
12,2026-09-22,14,1119986.00
12,2026-09-23,14,1119986.00
12,2026-09-24,14,1119986.00
12,2026-09-25,14,1119986.00
12,2026-09-26,17,1359983.00
12,2026-09-27,17,1359983.00
12,2026-09-28,14,1119986.00
12,2026-09-29,14,1119986.00
13,2025-09-30,7,118993.00
13,2025-10-01,9,152991.00
13,2025-10-02,9,152991.00
13,2025-10-03,9,152991.00
13,2025-10-04,11,186989.00
13,2025-10-05,11,186989.00
13,2025-10-06,9,152991.00
13,2025-10-07,9,152991.00
13,2025-10-08,9,152991.00
13,2025-10-09,9,152991.00
13,2025-10-10,9,152991.00
13,2025-10-11,11,186989.00
13,2025-10-12,11,186989.00
13,2025-10-13,9,152991.00
13,2025-10-14,9,152991.00
13,2025-10-15,9,152991.00
13,2025-10-16,9,152991.00
13,2025-10-17,9,152991.00
13,2025-10-18,11,186989.00
13,2025-10-19,11,186989.00
13,2025-10-20,9,152991.00
13,2025-10-21,9,152991.00
13,2025-10-22,9,152991.00
13,2025-10-23,9,152991.00
13,2025-10-24,9,152991.00
13,2025-10-25,11,186989.00
13,2025-10-26,11,186989.00
13,2025-10-27,9,152991.00
13,2025-10-28,9,152991.00
13,2025-10-29,9,152991.00
13,2025-10-30,9,152991.00
13,2025-10-31,9,152991.00
13,2025-11-01,11,186989.00
13,2025-11-02,11,186989.00
13,2025-11-03,9,152991.00
13,2025-11-04,9,152991.00
13,2025-11-05,9,152991.00
13,2025-11-06,9,152991.00
13,2025-11-07,9,152991.00
13,2025-11-08,11,186989.00
13,2025-11-09,11,186989.00
13,2025-11-10,9,152991.00
13,2025-11-11,9,152991.00
13,2025-11-12,9,152991.00
13,2025-11-13,9,152991.00
13,2025-11-14,9,152991.00
13,2025-11-15,11,186989.00
13,2025-11-16,11,186989.00
13,2025-11-17,9,152991.00
13,2025-11-18,9,152991.00
13,2025-11-19,9,152991.00
13,2025-11-20,9,152991.00
13,2025-11-21,9,152991.00
13,2025-11-22,11,186989.00
13,2025-11-23,11,186989.00
13,2025-11-24,9,152991.00
13,2025-11-25,9,152991.00
13,2025-11-26,9,152991.00
13,2025-11-27,9,152991.00
13,2025-11-28,9,152991.00
13,2025-11-29,11,186989.00
13,2025-11-30,11,186989.00
13,2025-12-01,7,118993.00
13,2025-12-02,7,118993.00
13,2025-12-03,7,118993.00
13,2025-12-04,7,118993.00
13,2025-12-05,7,118993.00
13,2025-12-06,9,152991.00
13,2025-12-07,9,152991.00
13,2025-12-08,7,118993.00
13,2025-12-09,7,118993.00
13,2025-12-10,7,118993.00
13,2025-12-11,7,118993.00
13,2025-12-12,7,118993.00
13,2025-12-13,9,152991.00
13,2025-12-14,9,152991.00
13,2025-12-15,7,118993.00
13,2025-12-16,7,118993.00
13,2025-12-17,7,118993.00
13,2025-12-18,7,118993.00
13,2025-12-19,7,118993.00
13,2025-12-20,9,152991.00
13,2025-12-21,9,152991.00
13,2025-12-22,7,118993.00
13,2025-12-23,7,118993.00
13,2025-12-24,7,118993.00
13,2025-12-25,7,118993.00
13,2025-12-26,7,118993.00
13,2025-12-27,9,152991.00
13,2025-12-28,9,152991.00
13,2025-12-29,7,118993.00
13,2025-12-30,7,118993.00
13,2025-12-31,7,118993.00
13,2026-01-01,7,118993.00
13,2026-01-02,7,118993.00
13,2026-01-03,9,152991.00
13,2026-01-04,9,152991.00
13,2026-01-05,7,118993.00
13,2026-01-06,7,118993.00
13,2026-01-07,7,118993.00
13,2026-01-08,7,118993.00
13,2026-01-09,7,118993.00
13,2026-01-10,9,152991.00
13,2026-01-11,9,152991.00
13,2026-01-12,7,118993.00
13,2026-01-13,7,118993.00
13,2026-01-14,7,118993.00
13,2026-01-15,7,118993.00
13,2026-01-16,7,118993.00
13,2026-01-17,9,152991.00
13,2026-01-18,9,152991.00
13,2026-01-19,7,118993.00
13,2026-01-20,7,118993.00
13,2026-01-21,7,118993.00
13,2026-01-22,7,118993.00
13,2026-01-23,7,118993.00
13,2026-01-24,9,152991.00
13,2026-01-25,9,152991.00
13,2026-01-26,7,118993.00
13,2026-01-27,7,118993.00
13,2026-01-28,7,118993.00
13,2026-01-29,7,118993.00
13,2026-01-30,7,118993.00
13,2026-01-31,9,152991.00
13,2026-02-01,9,152991.00
13,2026-02-02,7,118993.00
13,2026-02-03,7,118993.00
13,2026-02-04,7,118993.00
13,2026-02-05,7,118993.00
13,2026-02-06,7,118993.00
13,2026-02-07,9,152991.00
13,2026-02-08,9,152991.00
13,2026-02-09,7,118993.00
13,2026-02-10,7,118993.00
13,2026-02-11,7,118993.00
13,2026-02-12,7,118993.00
13,2026-02-13,7,118993.00
13,2026-02-14,9,152991.00
13,2026-02-15,9,152991.00
13,2026-02-16,7,118993.00
13,2026-02-17,7,118993.00
13,2026-02-18,7,118993.00
13,2026-02-19,7,118993.00
13,2026-02-20,7,118993.00
13,2026-02-21,9,152991.00
13,2026-02-22,9,152991.00
13,2026-02-23,7,118993.00
13,2026-02-24,7,118993.00
13,2026-02-25,7,118993.00
13,2026-02-26,7,118993.00
13,2026-02-27,7,118993.00
13,2026-02-28,9,152991.00
13,2026-03-01,9,152991.00
13,2026-03-02,7,118993.00
13,2026-03-03,7,118993.00
13,2026-03-04,7,118993.00
13,2026-03-05,7,118993.00
13,2026-03-06,7,118993.00
13,2026-03-07,9,152991.00
13,2026-03-08,9,152991.00
13,2026-03-09,7,118993.00
13,2026-03-10,7,118993.00
13,2026-03-11,7,118993.00
13,2026-03-12,7,118993.00
13,2026-03-13,7,118993.00
13,2026-03-14,9,152991.00
13,2026-03-15,9,152991.00
13,2026-03-16,7,118993.00
13,2026-03-17,7,118993.00
13,2026-03-18,7,118993.00
13,2026-03-19,7,118993.00
13,2026-03-20,7,118993.00
13,2026-03-21,9,152991.00
13,2026-03-22,9,152991.00
13,2026-03-23,7,118993.00
13,2026-03-24,7,118993.00
13,2026-03-25,7,118993.00
13,2026-03-26,7,118993.00
13,2026-03-27,7,118993.00
13,2026-03-28,9,152991.00
13,2026-03-29,9,152991.00
13,2026-03-30,7,118993.00
13,2026-03-31,7,118993.00
13,2026-04-01,7,118993.00
13,2026-04-02,7,118993.00
13,2026-04-03,7,118993.00
13,2026-04-04,9,152991.00
13,2026-04-05,9,152991.00
13,2026-04-06,7,118993.00
13,2026-04-07,7,118993.00
13,2026-04-08,7,118993.00
13,2026-04-09,7,118993.00
13,2026-04-10,7,118993.00
13,2026-04-11,9,152991.00
13,2026-04-12,9,152991.00
13,2026-04-13,7,118993.00
13,2026-04-14,7,118993.00
13,2026-04-15,7,118993.00
13,2026-04-16,7,118993.00
13,2026-04-17,7,118993.00
13,2026-04-18,9,152991.00
13,2026-04-19,9,152991.00
13,2026-04-20,7,118993.00
13,2026-04-21,7,118993.00
13,2026-04-22,7,118993.00
13,2026-04-23,7,118993.00
13,2026-04-24,7,118993.00
13,2026-04-25,9,152991.00
13,2026-04-26,9,152991.00
13,2026-04-27,7,118993.00
13,2026-04-28,7,118993.00
13,2026-04-29,7,118993.00
13,2026-04-30,7,118993.00
13,2026-05-01,7,118993.00
13,2026-05-02,9,152991.00
13,2026-05-03,9,152991.00
13,2026-05-04,7,118993.00
13,2026-05-05,7,118993.00
13,2026-05-06,7,118993.00
13,2026-05-07,7,118993.00
13,2026-05-08,7,118993.00
13,2026-05-09,9,152991.00
13,2026-05-10,9,152991.00
13,2026-05-11,7,118993.00
13,2026-05-12,7,118993.00
13,2026-05-13,7,118993.00
13,2026-05-14,7,118993.00
13,2026-05-15,7,118993.00
13,2026-05-16,9,152991.00
13,2026-05-17,9,152991.00
13,2026-05-18,7,118993.00
13,2026-05-19,7,118993.00
13,2026-05-20,7,118993.00
13,2026-05-21,7,118993.00
13,2026-05-22,7,118993.00
13,2026-05-23,9,152991.00
13,2026-05-24,9,152991.00
13,2026-05-25,7,118993.00
13,2026-05-26,7,118993.00
13,2026-05-27,7,118993.00
13,2026-05-28,7,118993.00
13,2026-05-29,7,118993.00
13,2026-05-30,9,152991.00
13,2026-05-31,9,152991.00
13,2026-06-01,7,118993.00
13,2026-06-02,7,118993.00
13,2026-06-03,7,118993.00
13,2026-06-04,7,118993.00
13,2026-06-05,7,118993.00
13,2026-06-06,9,152991.00
13,2026-06-07,9,152991.00
13,2026-06-08,7,118993.00
13,2026-06-09,7,118993.00
13,2026-06-10,7,118993.00
13,2026-06-11,7,118993.00
13,2026-06-12,7,118993.00
13,2026-06-13,9,152991.00
13,2026-06-14,9,152991.00
13,2026-06-15,7,118993.00
13,2026-06-16,7,118993.00
13,2026-06-17,7,118993.00
13,2026-06-18,7,118993.00
13,2026-06-19,7,118993.00
13,2026-06-20,9,152991.00
13,2026-06-21,9,152991.00
13,2026-06-22,7,118993.00
13,2026-06-23,7,118993.00
13,2026-06-24,7,118993.00
13,2026-06-25,7,118993.00
13,2026-06-26,7,118993.00
13,2026-06-27,9,152991.00
13,2026-06-28,9,152991.00
13,2026-06-29,7,118993.00
13,2026-06-30,7,118993.00
13,2026-07-01,7,118993.00
13,2026-07-02,7,118993.00
13,2026-07-03,7,118993.00
13,2026-07-04,9,152991.00
13,2026-07-05,9,152991.00
13,2026-07-06,7,118993.00
13,2026-07-07,7,118993.00
13,2026-07-08,7,118993.00
13,2026-07-09,7,118993.00
13,2026-07-10,7,118993.00
13,2026-07-11,9,152991.00
13,2026-07-12,9,152991.00
13,2026-07-13,7,118993.00
13,2026-07-14,7,118993.00
13,2026-07-15,7,118993.00
13,2026-07-16,7,118993.00
13,2026-07-17,7,118993.00
13,2026-07-18,9,152991.00
13,2026-07-19,9,152991.00
13,2026-07-20,7,118993.00
13,2026-07-21,7,118993.00
13,2026-07-22,7,118993.00
13,2026-07-23,7,118993.00
13,2026-07-24,7,118993.00
13,2026-07-25,9,152991.00
13,2026-07-26,9,152991.00
13,2026-07-27,7,118993.00
13,2026-07-28,7,118993.00
13,2026-07-29,7,118993.00
13,2026-07-30,7,118993.00
13,2026-07-31,7,118993.00
13,2026-08-01,9,152991.00
13,2026-08-02,9,152991.00
13,2026-08-03,7,118993.00
13,2026-08-04,7,118993.00
13,2026-08-05,7,118993.00
13,2026-08-06,7,118993.00
13,2026-08-07,7,118993.00
13,2026-08-08,9,152991.00
13,2026-08-09,9,152991.00
13,2026-08-10,7,118993.00
13,2026-08-11,7,118993.00
13,2026-08-12,7,118993.00
13,2026-08-13,7,118993.00
13,2026-08-14,7,118993.00
13,2026-08-15,9,152991.00
13,2026-08-16,9,152991.00
13,2026-08-17,7,118993.00
13,2026-08-18,7,118993.00
13,2026-08-19,7,118993.00
13,2026-08-20,7,118993.00
13,2026-08-21,7,118993.00
13,2026-08-22,9,152991.00
13,2026-08-23,9,152991.00
13,2026-08-24,7,118993.00
13,2026-08-25,7,118993.00
13,2026-08-26,7,118993.00
13,2026-08-27,7,118993.00
13,2026-08-28,7,118993.00
13,2026-08-29,9,152991.00
13,2026-08-30,9,152991.00
13,2026-08-31,7,118993.00
13,2026-09-01,7,118993.00
13,2026-09-02,7,118993.00
13,2026-09-03,7,118993.00
13,2026-09-04,7,118993.00
13,2026-09-05,9,152991.00
13,2026-09-06,9,152991.00
13,2026-09-07,7,118993.00
13,2026-09-08,7,118993.00
13,2026-09-09,7,118993.00
13,2026-09-10,7,118993.00
13,2026-09-11,7,118993.00
13,2026-09-12,9,152991.00
13,2026-09-13,9,152991.00
13,2026-09-14,7,118993.00
13,2026-09-15,7,118993.00
13,2026-09-16,7,118993.00
13,2026-09-17,7,118993.00
13,2026-09-18,7,118993.00
13,2026-09-19,9,152991.00
13,2026-09-20,9,152991.00
13,2026-09-21,7,118993.00
13,2026-09-22,7,118993.00
13,2026-09-23,7,118993.00
13,2026-09-24,7,118993.00
13,2026-09-25,7,118993.00
13,2026-09-26,9,152991.00
13,2026-09-27,9,152991.00
13,2026-09-28,7,118993.00
13,2026-09-29,7,118993.00
14,2025-09-30,8,239992.00
14,2025-10-01,10,299990.00
14,2025-10-02,10,299990.00
14,2025-10-03,10,299990.00
14,2025-10-04,12,359988.00
14,2025-10-05,12,359988.00
14,2025-10-06,10,299990.00
14,2025-10-07,10,299990.00
14,2025-10-08,10,299990.00
14,2025-10-09,10,299990.00
14,2025-10-10,10,299990.00
14,2025-10-11,12,359988.00
14,2025-10-12,12,359988.00
14,2025-10-13,10,299990.00
14,2025-10-14,10,299990.00
14,2025-10-15,10,299990.00
14,2025-10-16,10,299990.00
14,2025-10-17,10,299990.00
14,2025-10-18,12,359988.00
14,2025-10-19,12,359988.00
14,2025-10-20,10,299990.00
14,2025-10-21,10,299990.00
14,2025-10-22,10,299990.00
14,2025-10-23,10,299990.00
14,2025-10-24,10,299990.00
14,2025-10-25,12,359988.00
14,2025-10-26,12,359988.00
14,2025-10-27,10,299990.00
14,2025-10-28,10,299990.00
14,2025-10-29,10,299990.00
14,2025-10-30,10,299990.00
14,2025-10-31,10,299990.00
14,2025-11-01,12,359988.00
14,2025-11-02,12,359988.00
14,2025-11-03,10,299990.00
14,2025-11-04,10,299990.00
14,2025-11-05,10,299990.00
14,2025-11-06,10,299990.00
14,2025-11-07,10,299990.00
14,2025-11-08,12,359988.00
14,2025-11-09,12,359988.00
14,2025-11-10,10,299990.00
14,2025-11-11,10,299990.00
14,2025-11-12,10,299990.00
14,2025-11-13,10,299990.00
14,2025-11-14,10,299990.00
14,2025-11-15,12,359988.00
14,2025-11-16,12,359988.00
14,2025-11-17,10,299990.00
14,2025-11-18,10,299990.00
14,2025-11-19,10,299990.00
14,2025-11-20,10,299990.00
14,2025-11-21,10,299990.00
14,2025-11-22,12,359988.00
14,2025-11-23,12,359988.00
14,2025-11-24,10,299990.00
14,2025-11-25,10,299990.00
14,2025-11-26,10,299990.00
14,2025-11-27,10,299990.00
14,2025-11-28,10,299990.00
14,2025-11-29,12,359988.00
14,2025-11-30,12,359988.00
14,2025-12-01,8,239992.00
14,2025-12-02,8,239992.00
14,2025-12-03,8,239992.00
14,2025-12-04,8,239992.00
14,2025-12-05,8,239992.00
14,2025-12-06,10,299990.00
14,2025-12-07,9,269991.00
14,2025-12-08,8,239992.00
14,2025-12-09,8,239992.00
14,2025-12-10,8,239992.00
14,2025-12-11,8,239992.00
14,2025-12-12,8,239992.00
14,2025-12-13,10,299990.00
14,2025-12-14,9,269991.00
14,2025-12-15,8,239992.00
14,2025-12-16,8,239992.00
14,2025-12-17,8,239992.00
14,2025-12-18,8,239992.00
14,2025-12-19,8,239992.00
14,2025-12-20,10,299990.00
14,2025-12-21,9,269991.00
14,2025-12-22,8,239992.00
14,2025-12-23,8,239992.00
14,2025-12-24,8,239992.00
14,2025-12-25,8,239992.00
14,2025-12-26,8,239992.00
14,2025-12-27,10,299990.00
14,2025-12-28,9,269991.00
14,2025-12-29,8,239992.00
14,2025-12-30,8,239992.00
14,2025-12-31,8,239992.00
14,2026-01-01,8,239992.00
14,2026-01-02,8,239992.00
14,2026-01-03,10,299990.00
14,2026-01-04,9,269991.00
14,2026-01-05,8,239992.00
14,2026-01-06,8,239992.00
14,2026-01-07,8,239992.00
14,2026-01-08,8,239992.00
14,2026-01-09,8,239992.00
14,2026-01-10,10,299990.00
14,2026-01-11,9,269991.00
14,2026-01-12,8,239992.00
14,2026-01-13,8,239992.00
14,2026-01-14,8,239992.00
14,2026-01-15,8,239992.00
14,2026-01-16,8,239992.00
14,2026-01-17,10,299990.00
14,2026-01-18,9,269991.00
14,2026-01-19,8,239992.00
14,2026-01-20,8,239992.00
14,2026-01-21,8,239992.00
14,2026-01-22,8,239992.00
14,2026-01-23,8,239992.00
14,2026-01-24,10,299990.00
14,2026-01-25,9,269991.00
14,2026-01-26,8,239992.00
14,2026-01-27,8,239992.00
14,2026-01-28,8,239992.00
14,2026-01-29,8,239992.00
14,2026-01-30,8,239992.00
14,2026-01-31,10,299990.00
14,2026-02-01,9,269991.00
14,2026-02-02,8,239992.00
14,2026-02-03,8,239992.00
14,2026-02-04,8,239992.00
14,2026-02-05,8,239992.00
14,2026-02-06,8,239992.00
14,2026-02-07,10,299990.00
14,2026-02-08,9,269991.00
14,2026-02-09,8,239992.00
14,2026-02-10,8,239992.00
14,2026-02-11,8,239992.00
14,2026-02-12,8,239992.00
14,2026-02-13,8,239992.00
14,2026-02-14,10,299990.00
14,2026-02-15,9,269991.00
14,2026-02-16,8,239992.00
14,2026-02-17,8,239992.00
14,2026-02-18,8,239992.00
14,2026-02-19,8,239992.00
14,2026-02-20,8,239992.00
14,2026-02-21,10,299990.00
14,2026-02-22,9,269991.00
14,2026-02-23,8,239992.00
14,2026-02-24,8,239992.00
14,2026-02-25,8,239992.00
14,2026-02-26,8,239992.00
14,2026-02-27,8,239992.00
14,2026-02-28,10,299990.00
14,2026-03-01,9,269991.00
14,2026-03-02,8,239992.00
14,2026-03-03,8,239992.00
14,2026-03-04,8,239992.00
14,2026-03-05,8,239992.00
14,2026-03-06,8,239992.00
14,2026-03-07,10,299990.00
14,2026-03-08,9,269991.00
14,2026-03-09,8,239992.00
14,2026-03-10,8,239992.00
14,2026-03-11,8,239992.00
14,2026-03-12,8,239992.00
14,2026-03-13,8,239992.00
14,2026-03-14,10,299990.00
14,2026-03-15,9,269991.00
14,2026-03-16,8,239992.00
14,2026-03-17,8,239992.00
14,2026-03-18,8,239992.00
14,2026-03-19,8,239992.00
14,2026-03-20,8,239992.00
14,2026-03-21,10,299990.00
14,2026-03-22,9,269991.00
14,2026-03-23,8,239992.00
14,2026-03-24,8,239992.00
14,2026-03-25,8,239992.00
14,2026-03-26,8,239992.00
14,2026-03-27,8,239992.00
14,2026-03-28,10,299990.00
14,2026-03-29,9,269991.00
14,2026-03-30,8,239992.00
14,2026-03-31,8,239992.00
14,2026-04-01,8,239992.00
14,2026-04-02,8,239992.00
14,2026-04-03,8,239992.00
14,2026-04-04,10,299990.00
14,2026-04-05,9,269991.00
14,2026-04-06,8,239992.00
14,2026-04-07,8,239992.00
14,2026-04-08,8,239992.00
14,2026-04-09,8,239992.00
14,2026-04-10,8,239992.00
14,2026-04-11,10,299990.00
14,2026-04-12,9,269991.00
14,2026-04-13,8,239992.00
14,2026-04-14,8,239992.00
14,2026-04-15,8,239992.00
14,2026-04-16,8,239992.00
14,2026-04-17,8,239992.00
14,2026-04-18,10,299990.00
14,2026-04-19,9,269991.00
14,2026-04-20,8,239992.00
14,2026-04-21,8,239992.00
14,2026-04-22,8,239992.00
14,2026-04-23,8,239992.00
14,2026-04-24,8,239992.00
14,2026-04-25,10,299990.00
14,2026-04-26,9,269991.00
14,2026-04-27,8,239992.00
14,2026-04-28,8,239992.00
14,2026-04-29,8,239992.00
14,2026-04-30,8,239992.00
14,2026-05-01,8,239992.00
14,2026-05-02,10,299990.00
14,2026-05-03,9,269991.00
14,2026-05-04,8,239992.00
14,2026-05-05,8,239992.00
14,2026-05-06,8,239992.00
14,2026-05-07,8,239992.00
14,2026-05-08,8,239992.00
14,2026-05-09,10,299990.00
14,2026-05-10,9,269991.00
14,2026-05-11,8,239992.00
14,2026-05-12,8,239992.00
14,2026-05-13,8,239992.00
14,2026-05-14,8,239992.00
14,2026-05-15,8,239992.00
14,2026-05-16,10,299990.00
14,2026-05-17,9,269991.00
14,2026-05-18,8,239992.00
14,2026-05-19,8,239992.00
14,2026-05-20,8,239992.00
14,2026-05-21,8,239992.00
14,2026-05-22,8,239992.00
14,2026-05-23,10,299990.00
14,2026-05-24,9,269991.00
14,2026-05-25,8,239992.00
14,2026-05-26,8,239992.00
14,2026-05-27,8,239992.00
14,2026-05-28,8,239992.00
14,2026-05-29,8,239992.00
14,2026-05-30,10,299990.00
14,2026-05-31,9,269991.00
14,2026-06-01,8,239992.00
14,2026-06-02,8,239992.00
14,2026-06-03,8,239992.00
14,2026-06-04,8,239992.00
14,2026-06-05,8,239992.00
14,2026-06-06,10,299990.00
14,2026-06-07,9,269991.00
14,2026-06-08,8,239992.00
14,2026-06-09,8,239992.00
14,2026-06-10,8,239992.00
14,2026-06-11,8,239992.00
14,2026-06-12,8,239992.00
14,2026-06-13,10,299990.00
14,2026-06-14,9,269991.00
14,2026-06-15,8,239992.00
14,2026-06-16,8,239992.00
14,2026-06-17,8,239992.00
14,2026-06-18,8,239992.00
14,2026-06-19,8,239992.00
14,2026-06-20,10,299990.00
14,2026-06-21,9,269991.00
14,2026-06-22,8,239992.00
14,2026-06-23,8,239992.00
14,2026-06-24,8,239992.00
14,2026-06-25,8,239992.00
14,2026-06-26,8,239992.00
14,2026-06-27,10,299990.00
14,2026-06-28,9,269991.00
14,2026-06-29,8,239992.00
14,2026-06-30,8,239992.00
14,2026-07-01,8,239992.00
14,2026-07-02,8,239992.00
14,2026-07-03,8,239992.00
14,2026-07-04,10,299990.00
14,2026-07-05,9,269991.00
14,2026-07-06,8,239992.00
14,2026-07-07,8,239992.00
14,2026-07-08,8,239992.00
14,2026-07-09,8,239992.00
14,2026-07-10,8,239992.00
14,2026-07-11,10,299990.00
14,2026-07-12,9,269991.00
14,2026-07-13,8,239992.00
14,2026-07-14,8,239992.00
14,2026-07-15,8,239992.00
14,2026-07-16,8,239992.00
14,2026-07-17,8,239992.00
14,2026-07-18,10,299990.00
14,2026-07-19,9,269991.00
14,2026-07-20,8,239992.00
14,2026-07-21,8,239992.00
14,2026-07-22,8,239992.00
14,2026-07-23,8,239992.00
14,2026-07-24,8,239992.00
14,2026-07-25,10,299990.00
14,2026-07-26,9,269991.00
14,2026-07-27,8,239992.00
14,2026-07-28,8,239992.00
14,2026-07-29,8,239992.00
14,2026-07-30,8,239992.00
14,2026-07-31,8,239992.00
14,2026-08-01,10,299990.00
14,2026-08-02,9,269991.00
14,2026-08-03,8,239992.00
14,2026-08-04,8,239992.00
14,2026-08-05,8,239992.00
14,2026-08-06,8,239992.00
14,2026-08-07,8,239992.00
14,2026-08-08,10,299990.00
14,2026-08-09,9,269991.00
14,2026-08-10,8,239992.00
14,2026-08-11,8,239992.00
14,2026-08-12,8,239992.00
14,2026-08-13,8,239992.00
14,2026-08-14,8,239992.00
14,2026-08-15,10,299990.00
14,2026-08-16,9,269991.00
14,2026-08-17,8,239992.00
14,2026-08-18,8,239992.00
14,2026-08-19,8,239992.00
14,2026-08-20,8,239992.00
14,2026-08-21,8,239992.00
14,2026-08-22,10,299990.00
14,2026-08-23,9,269991.00
14,2026-08-24,8,239992.00
14,2026-08-25,8,239992.00
14,2026-08-26,8,239992.00
14,2026-08-27,8,239992.00
14,2026-08-28,8,239992.00
14,2026-08-29,10,299990.00
14,2026-08-30,9,269991.00
14,2026-08-31,8,239992.00
14,2026-09-01,8,239992.00
14,2026-09-02,8,239992.00
14,2026-09-03,8,239992.00
14,2026-09-04,8,239992.00
14,2026-09-05,10,299990.00
14,2026-09-06,9,269991.00
14,2026-09-07,8,239992.00
14,2026-09-08,8,239992.00
14,2026-09-09,8,239992.00
14,2026-09-10,8,239992.00
14,2026-09-11,8,239992.00
14,2026-09-12,10,299990.00
14,2026-09-13,9,269991.00
14,2026-09-14,8,239992.00
14,2026-09-15,8,239992.00
14,2026-09-16,8,239992.00
14,2026-09-17,8,239992.00
14,2026-09-18,8,239992.00
14,2026-09-19,10,299990.00
14,2026-09-20,9,269991.00
14,2026-09-21,8,239992.00
14,2026-09-22,8,239992.00
14,2026-09-23,8,239992.00
14,2026-09-24,8,239992.00
14,2026-09-25,8,239992.00
14,2026-09-26,10,299990.00
14,2026-09-27,9,269991.00
14,2026-09-28,8,239992.00
14,2026-09-29,8,239992.00
15,2025-09-30,6,473994.00
15,2025-10-01,7,552993.00
15,2025-10-02,7,552993.00
15,2025-10-03,7,552993.00
15,2025-10-04,8,631992.00
15,2025-10-05,8,631992.00
15,2025-10-06,7,552993.00
15,2025-10-07,7,552993.00
15,2025-10-08,7,552993.00
15,2025-10-09,7,552993.00
15,2025-10-10,7,552993.00
15,2025-10-11,8,631992.00
15,2025-10-12,8,631992.00
15,2025-10-13,7,552993.00
15,2025-10-14,7,552993.00
15,2025-10-15,7,552993.00
15,2025-10-16,7,552993.00
15,2025-10-17,7,552993.00
15,2025-10-18,8,631992.00
15,2025-10-19,8,631992.00
15,2025-10-20,7,552993.00
15,2025-10-21,7,552993.00
15,2025-10-22,7,552993.00
15,2025-10-23,7,552993.00
15,2025-10-24,7,552993.00
15,2025-10-25,8,631992.00
15,2025-10-26,8,631992.00
15,2025-10-27,7,552993.00
15,2025-10-28,7,552993.00
15,2025-10-29,7,552993.00
15,2025-10-30,7,552993.00
15,2025-10-31,7,552993.00
15,2025-11-01,8,631992.00
15,2025-11-02,8,631992.00
15,2025-11-03,7,552993.00
15,2025-11-04,7,552993.00
15,2025-11-05,7,552993.00
15,2025-11-06,7,552993.00
15,2025-11-07,7,552993.00
15,2025-11-08,8,631992.00
15,2025-11-09,8,631992.00
15,2025-11-10,7,552993.00
15,2025-11-11,7,552993.00
15,2025-11-12,7,552993.00
15,2025-11-13,7,552993.00
15,2025-11-14,7,552993.00
15,2025-11-15,8,631992.00
15,2025-11-16,8,631992.00
15,2025-11-17,7,552993.00
15,2025-11-18,7,552993.00
15,2025-11-19,7,552993.00
15,2025-11-20,7,552993.00
15,2025-11-21,7,552993.00
15,2025-11-22,8,631992.00
15,2025-11-23,8,631992.00
15,2025-11-24,7,552993.00
15,2025-11-25,7,552993.00
15,2025-11-26,7,552993.00
15,2025-11-27,7,552993.00
15,2025-11-28,7,552993.00
15,2025-11-29,8,631992.00
15,2025-11-30,8,631992.00
15,2025-12-01,6,473994.00
15,2025-12-02,6,473994.00
15,2025-12-03,6,473994.00
15,2025-12-04,6,473994.00
15,2025-12-05,6,473994.00
15,2025-12-06,7,552993.00
15,2025-12-07,6,473994.00
15,2025-12-08,6,473994.00
15,2025-12-09,6,473994.00
15,2025-12-10,6,473994.00
15,2025-12-11,6,473994.00
15,2025-12-12,6,473994.00
15,2025-12-13,7,552993.00
15,2025-12-14,6,473994.00
15,2025-12-15,6,473994.00
15,2025-12-16,6,473994.00
15,2025-12-17,6,473994.00
15,2025-12-18,6,473994.00
15,2025-12-19,6,473994.00
15,2025-12-20,7,552993.00
15,2025-12-21,6,473994.00
15,2025-12-22,6,473994.00
15,2025-12-23,6,473994.00
15,2025-12-24,6,473994.00
15,2025-12-25,6,473994.00
15,2025-12-26,6,473994.00
15,2025-12-27,7,552993.00
15,2025-12-28,6,473994.00
15,2025-12-29,6,473994.00
15,2025-12-30,6,473994.00
15,2025-12-31,6,473994.00
15,2026-01-01,6,473994.00
15,2026-01-02,6,473994.00
15,2026-01-03,7,552993.00
15,2026-01-04,6,473994.00
15,2026-01-05,6,473994.00
15,2026-01-06,6,473994.00
15,2026-01-07,6,473994.00
15,2026-01-08,6,473994.00
15,2026-01-09,6,473994.00
15,2026-01-10,7,552993.00
15,2026-01-11,6,473994.00
15,2026-01-12,6,473994.00
15,2026-01-13,6,473994.00
15,2026-01-14,6,473994.00
15,2026-01-15,6,473994.00
15,2026-01-16,6,473994.00
15,2026-01-17,7,552993.00
15,2026-01-18,6,473994.00
15,2026-01-19,6,473994.00
15,2026-01-20,6,473994.00
15,2026-01-21,6,473994.00
15,2026-01-22,6,473994.00
15,2026-01-23,6,473994.00
15,2026-01-24,7,552993.00
15,2026-01-25,6,473994.00
15,2026-01-26,6,473994.00
15,2026-01-27,6,473994.00
15,2026-01-28,6,473994.00
15,2026-01-29,6,473994.00
15,2026-01-30,6,473994.00
15,2026-01-31,7,552993.00
15,2026-02-01,6,473994.00
15,2026-02-02,6,473994.00
15,2026-02-03,6,473994.00
15,2026-02-04,6,473994.00
15,2026-02-05,6,473994.00
15,2026-02-06,6,473994.00
15,2026-02-07,7,552993.00
15,2026-02-08,6,473994.00
15,2026-02-09,6,473994.00
15,2026-02-10,6,473994.00
15,2026-02-11,6,473994.00
15,2026-02-12,6,473994.00
15,2026-02-13,6,473994.00
15,2026-02-14,7,552993.00
15,2026-02-15,6,473994.00
15,2026-02-16,6,473994.00
15,2026-02-17,6,473994.00
15,2026-02-18,6,473994.00
15,2026-02-19,6,473994.00
15,2026-02-20,6,473994.00
15,2026-02-21,7,552993.00
15,2026-02-22,6,473994.00
15,2026-02-23,6,473994.00
15,2026-02-24,6,473994.00
15,2026-02-25,6,473994.00
15,2026-02-26,6,473994.00
15,2026-02-27,6,473994.00
15,2026-02-28,7,552993.00
15,2026-03-01,6,473994.00
15,2026-03-02,6,473994.00
15,2026-03-03,6,473994.00
15,2026-03-04,6,473994.00
15,2026-03-05,6,473994.00
15,2026-03-06,6,473994.00
15,2026-03-07,7,552993.00
15,2026-03-08,6,473994.00
15,2026-03-09,6,473994.00
15,2026-03-10,6,473994.00
15,2026-03-11,6,473994.00
15,2026-03-12,6,473994.00
15,2026-03-13,6,473994.00
15,2026-03-14,7,552993.00
15,2026-03-15,6,473994.00
15,2026-03-16,6,473994.00
15,2026-03-17,6,473994.00
15,2026-03-18,6,473994.00
15,2026-03-19,6,473994.00
15,2026-03-20,6,473994.00
15,2026-03-21,7,552993.00
15,2026-03-22,6,473994.00
15,2026-03-23,6,473994.00
15,2026-03-24,6,473994.00
15,2026-03-25,6,473994.00
15,2026-03-26,6,473994.00
15,2026-03-27,6,473994.00
15,2026-03-28,7,552993.00
15,2026-03-29,6,473994.00
15,2026-03-30,6,473994.00
15,2026-03-31,6,473994.00
15,2026-04-01,6,473994.00
15,2026-04-02,6,473994.00
15,2026-04-03,6,473994.00
15,2026-04-04,7,552993.00
15,2026-04-05,7,552993.00
15,2026-04-06,6,473994.00
15,2026-04-07,6,473994.00
15,2026-04-08,6,473994.00
15,2026-04-09,6,473994.00
15,2026-04-10,6,473994.00
15,2026-04-11,7,552993.00
15,2026-04-12,7,552993.00
15,2026-04-13,6,473994.00
15,2026-04-14,6,473994.00
15,2026-04-15,6,473994.00
15,2026-04-16,6,473994.00
15,2026-04-17,6,473994.00
15,2026-04-18,7,552993.00
15,2026-04-19,7,552993.00
15,2026-04-20,6,473994.00
15,2026-04-21,6,473994.00
15,2026-04-22,6,473994.00
15,2026-04-23,6,473994.00
15,2026-04-24,6,473994.00
15,2026-04-25,7,552993.00
15,2026-04-26,7,552993.00
15,2026-04-27,6,473994.00
15,2026-04-28,6,473994.00
15,2026-04-29,6,473994.00
15,2026-04-30,6,473994.00
15,2026-05-01,6,473994.00
15,2026-05-02,7,552993.00
15,2026-05-03,7,552993.00
15,2026-05-04,6,473994.00
15,2026-05-05,6,473994.00
15,2026-05-06,6,473994.00
15,2026-05-07,6,473994.00
15,2026-05-08,6,473994.00
15,2026-05-09,7,552993.00
15,2026-05-10,7,552993.00
15,2026-05-11,6,473994.00
15,2026-05-12,6,473994.00
15,2026-05-13,6,473994.00
15,2026-05-14,6,473994.00
15,2026-05-15,6,473994.00
15,2026-05-16,7,552993.00
15,2026-05-17,7,552993.00
15,2026-05-18,6,473994.00
15,2026-05-19,6,473994.00
15,2026-05-20,6,473994.00
15,2026-05-21,6,473994.00
15,2026-05-22,6,473994.00
15,2026-05-23,7,552993.00
15,2026-05-24,7,552993.00
15,2026-05-25,6,473994.00
15,2026-05-26,6,473994.00
15,2026-05-27,6,473994.00
15,2026-05-28,6,473994.00
15,2026-05-29,6,473994.00
15,2026-05-30,7,552993.00
15,2026-05-31,7,552993.00
15,2026-06-01,6,473994.00
15,2026-06-02,6,473994.00
15,2026-06-03,6,473994.00
15,2026-06-04,6,473994.00
15,2026-06-05,6,473994.00
15,2026-06-06,7,552993.00
15,2026-06-07,6,473994.00
15,2026-06-08,6,473994.00
15,2026-06-09,6,473994.00
15,2026-06-10,6,473994.00
15,2026-06-11,6,473994.00
15,2026-06-12,6,473994.00
15,2026-06-13,7,552993.00
15,2026-06-14,6,473994.00
15,2026-06-15,6,473994.00
15,2026-06-16,6,473994.00
15,2026-06-17,6,473994.00
15,2026-06-18,6,473994.00
15,2026-06-19,6,473994.00
15,2026-06-20,7,552993.00
15,2026-06-21,6,473994.00
15,2026-06-22,6,473994.00
15,2026-06-23,6,473994.00
15,2026-06-24,6,473994.00
15,2026-06-25,6,473994.00
15,2026-06-26,6,473994.00
15,2026-06-27,7,552993.00
15,2026-06-28,6,473994.00
15,2026-06-29,6,473994.00
15,2026-06-30,6,473994.00
15,2026-07-01,6,473994.00
15,2026-07-02,6,473994.00
15,2026-07-03,6,473994.00
15,2026-07-04,7,552993.00
15,2026-07-05,6,473994.00
15,2026-07-06,6,473994.00
15,2026-07-07,6,473994.00
15,2026-07-08,6,473994.00
15,2026-07-09,6,473994.00
15,2026-07-10,6,473994.00
15,2026-07-11,7,552993.00
15,2026-07-12,6,473994.00
15,2026-07-13,6,473994.00
15,2026-07-14,6,473994.00
15,2026-07-15,6,473994.00
15,2026-07-16,6,473994.00
15,2026-07-17,6,473994.00
15,2026-07-18,7,552993.00
15,2026-07-19,6,473994.00
15,2026-07-20,6,473994.00
15,2026-07-21,6,473994.00
15,2026-07-22,6,473994.00
15,2026-07-23,6,473994.00
15,2026-07-24,6,473994.00
15,2026-07-25,7,552993.00
15,2026-07-26,6,473994.00
15,2026-07-27,6,473994.00
15,2026-07-28,6,473994.00
15,2026-07-29,6,473994.00
15,2026-07-30,6,473994.00
15,2026-07-31,6,473994.00
15,2026-08-01,7,552993.00
15,2026-08-02,6,473994.00
15,2026-08-03,6,473994.00
15,2026-08-04,6,473994.00
15,2026-08-05,6,473994.00
15,2026-08-06,6,473994.00
15,2026-08-07,6,473994.00
15,2026-08-08,7,552993.00
15,2026-08-09,6,473994.00
15,2026-08-10,6,473994.00
15,2026-08-11,6,473994.00
15,2026-08-12,6,473994.00
15,2026-08-13,6,473994.00
15,2026-08-14,6,473994.00
15,2026-08-15,7,552993.00
15,2026-08-16,6,473994.00
15,2026-08-17,6,473994.00
15,2026-08-18,6,473994.00
15,2026-08-19,6,473994.00
15,2026-08-20,6,473994.00
15,2026-08-21,6,473994.00
15,2026-08-22,7,552993.00
15,2026-08-23,6,473994.00
15,2026-08-24,6,473994.00
15,2026-08-25,6,473994.00
15,2026-08-26,6,473994.00
15,2026-08-27,6,473994.00
15,2026-08-28,6,473994.00
15,2026-08-29,7,552993.00
15,2026-08-30,6,473994.00
15,2026-08-31,6,473994.00
15,2026-09-01,6,473994.00
15,2026-09-02,6,473994.00
15,2026-09-03,6,473994.00
15,2026-09-04,6,473994.00
15,2026-09-05,7,552993.00
15,2026-09-06,6,473994.00
15,2026-09-07,6,473994.00
15,2026-09-08,6,473994.00
15,2026-09-09,6,473994.00
15,2026-09-10,6,473994.00
15,2026-09-11,6,473994.00
15,2026-09-12,7,552993.00
15,2026-09-13,6,473994.00
15,2026-09-14,6,473994.00
15,2026-09-15,6,473994.00
15,2026-09-16,6,473994.00
15,2026-09-17,6,473994.00
15,2026-09-18,6,473994.00
15,2026-09-19,7,552993.00
15,2026-09-20,6,473994.00
15,2026-09-21,6,473994.00
15,2026-09-22,6,473994.00
15,2026-09-23,6,473994.00
15,2026-09-24,6,473994.00
15,2026-09-25,6,473994.00
15,2026-09-26,7,552993.00
15,2026-09-27,6,473994.00
15,2026-09-28,6,473994.00
15,2026-09-29,6,473994.00
16,2025-09-30,13,844987.00
16,2025-10-01,17,1104983.00
16,2025-10-02,17,1104983.00
16,2025-10-03,17,1104983.00
16,2025-10-04,20,1299980.00
16,2025-10-05,19,1234981.00
16,2025-10-06,17,1104983.00
16,2025-10-07,17,1104983.00
16,2025-10-08,17,1104983.00
16,2025-10-09,17,1104983.00
16,2025-10-10,17,1104983.00
16,2025-10-11,20,1299980.00
16,2025-10-12,19,1234981.00
16,2025-10-13,17,1104983.00
16,2025-10-14,17,1104983.00
16,2025-10-15,17,1104983.00
16,2025-10-16,17,1104983.00
16,2025-10-17,17,1104983.00
16,2025-10-18,20,1299980.00
16,2025-10-19,19,1234981.00
16,2025-10-20,17,1104983.00
16,2025-10-21,17,1104983.00
16,2025-10-22,17,1104983.00
16,2025-10-23,17,1104983.00
16,2025-10-24,17,1104983.00
16,2025-10-25,20,1299980.00
16,2025-10-26,19,1234981.00
16,2025-10-27,17,1104983.00
16,2025-10-28,17,1104983.00
16,2025-10-29,17,1104983.00
16,2025-10-30,17,1104983.00
16,2025-10-31,17,1104983.00
16,2025-11-01,20,1299980.00
16,2025-11-02,19,1234981.00
16,2025-11-03,17,1104983.00
16,2025-11-04,17,1104983.00
16,2025-11-05,17,1104983.00
16,2025-11-06,17,1104983.00
16,2025-11-07,17,1104983.00
16,2025-11-08,20,1299980.00
16,2025-11-09,19,1234981.00
16,2025-11-10,17,1104983.00
16,2025-11-11,17,1104983.00
16,2025-11-12,17,1104983.00
16,2025-11-13,17,1104983.00
16,2025-11-14,17,1104983.00
16,2025-11-15,20,1299980.00
16,2025-11-16,19,1234981.00
16,2025-11-17,17,1104983.00
16,2025-11-18,17,1104983.00
16,2025-11-19,17,1104983.00
16,2025-11-20,17,1104983.00
16,2025-11-21,17,1104983.00
16,2025-11-22,20,1299980.00
16,2025-11-23,19,1234981.00
16,2025-11-24,17,1104983.00
16,2025-11-25,17,1104983.00
16,2025-11-26,17,1104983.00
16,2025-11-27,17,1104983.00
16,2025-11-28,17,1104983.00
16,2025-11-29,20,1299980.00
16,2025-11-30,19,1234981.00
16,2025-12-01,13,844987.00
16,2025-12-02,13,844987.00
16,2025-12-03,13,844987.00
16,2025-12-04,13,844987.00
16,2025-12-05,13,844987.00
16,2025-12-06,16,1039984.00
16,2025-12-07,15,974985.00
16,2025-12-08,13,844987.00
16,2025-12-09,13,844987.00
16,2025-12-10,13,844987.00
16,2025-12-11,13,844987.00
16,2025-12-12,13,844987.00
16,2025-12-13,16,1039984.00
16,2025-12-14,15,974985.00
16,2025-12-15,13,844987.00
16,2025-12-16,13,844987.00
16,2025-12-17,13,844987.00
16,2025-12-18,13,844987.00
16,2025-12-19,13,844987.00
16,2025-12-20,16,1039984.00
16,2025-12-21,15,974985.00
16,2025-12-22,13,844987.00
16,2025-12-23,13,844987.00
16,2025-12-24,13,844987.00
16,2025-12-25,13,844987.00
16,2025-12-26,13,844987.00
16,2025-12-27,16,1039984.00
16,2025-12-28,15,974985.00
16,2025-12-29,13,844987.00
16,2025-12-30,13,844987.00
16,2025-12-31,13,844987.00
16,2026-01-01,13,844987.00
16,2026-01-02,13,844987.00
16,2026-01-03,16,1039984.00
16,2026-01-04,15,974985.00
16,2026-01-05,13,844987.00
16,2026-01-06,13,844987.00
16,2026-01-07,13,844987.00
16,2026-01-08,13,844987.00
16,2026-01-09,13,844987.00
16,2026-01-10,16,1039984.00
16,2026-01-11,15,974985.00
16,2026-01-12,13,844987.00
16,2026-01-13,13,844987.00
16,2026-01-14,13,844987.00
16,2026-01-15,13,844987.00
16,2026-01-16,13,844987.00
16,2026-01-17,16,1039984.00
16,2026-01-18,15,974985.00
16,2026-01-19,13,844987.00
16,2026-01-20,13,844987.00
16,2026-01-21,13,844987.00
16,2026-01-22,13,844987.00
16,2026-01-23,13,844987.00
16,2026-01-24,16,1039984.00
16,2026-01-25,15,974985.00
16,2026-01-26,13,844987.00
16,2026-01-27,13,844987.00
16,2026-01-28,13,844987.00
16,2026-01-29,13,844987.00
16,2026-01-30,13,844987.00
16,2026-01-31,16,1039984.00
16,2026-02-01,15,974985.00
16,2026-02-02,13,844987.00
16,2026-02-03,13,844987.00
16,2026-02-04,13,844987.00
16,2026-02-05,13,844987.00
16,2026-02-06,13,844987.00
16,2026-02-07,16,1039984.00
16,2026-02-08,15,974985.00
16,2026-02-09,13,844987.00
16,2026-02-10,13,844987.00
16,2026-02-11,13,844987.00
16,2026-02-12,13,844987.00
16,2026-02-13,13,844987.00
16,2026-02-14,16,1039984.00
16,2026-02-15,15,974985.00
16,2026-02-16,13,844987.00
16,2026-02-17,13,844987.00
16,2026-02-18,13,844987.00
16,2026-02-19,13,844987.00
16,2026-02-20,13,844987.00
16,2026-02-21,16,1039984.00
16,2026-02-22,15,974985.00
16,2026-02-23,13,844987.00
16,2026-02-24,13,844987.00
16,2026-02-25,13,844987.00
16,2026-02-26,13,844987.00
16,2026-02-27,13,844987.00
16,2026-02-28,16,1039984.00
16,2026-03-01,15,974985.00
16,2026-03-02,13,844987.00
16,2026-03-03,13,844987.00
16,2026-03-04,13,844987.00
16,2026-03-05,13,844987.00
16,2026-03-06,13,844987.00
16,2026-03-07,16,1039984.00
16,2026-03-08,15,974985.00
16,2026-03-09,13,844987.00
16,2026-03-10,13,844987.00
16,2026-03-11,13,844987.00
16,2026-03-12,13,844987.00
16,2026-03-13,13,844987.00
16,2026-03-14,16,1039984.00
16,2026-03-15,15,974985.00
16,2026-03-16,13,844987.00
16,2026-03-17,13,844987.00
16,2026-03-18,13,844987.00
16,2026-03-19,13,844987.00
16,2026-03-20,13,844987.00
16,2026-03-21,16,1039984.00
16,2026-03-22,15,974985.00
16,2026-03-23,13,844987.00
16,2026-03-24,13,844987.00
16,2026-03-25,13,844987.00
16,2026-03-26,13,844987.00
16,2026-03-27,13,844987.00
16,2026-03-28,16,1039984.00
16,2026-03-29,15,974985.00
16,2026-03-30,13,844987.00
16,2026-03-31,13,844987.00
16,2026-04-01,13,844987.00
16,2026-04-02,13,844987.00
16,2026-04-03,13,844987.00
16,2026-04-04,16,1039984.00
16,2026-04-05,15,974985.00
16,2026-04-06,13,844987.00
16,2026-04-07,13,844987.00
16,2026-04-08,13,844987.00
16,2026-04-09,13,844987.00
16,2026-04-10,13,844987.00
16,2026-04-11,16,1039984.00
16,2026-04-12,15,974985.00
16,2026-04-13,13,844987.00
16,2026-04-14,13,844987.00
16,2026-04-15,13,844987.00
16,2026-04-16,13,844987.00
16,2026-04-17,13,844987.00
16,2026-04-18,16,1039984.00
16,2026-04-19,15,974985.00
16,2026-04-20,13,844987.00
16,2026-04-21,13,844987.00
16,2026-04-22,13,844987.00
16,2026-04-23,13,844987.00
16,2026-04-24,13,844987.00
16,2026-04-25,16,1039984.00
16,2026-04-26,15,974985.00
16,2026-04-27,13,844987.00
16,2026-04-28,13,844987.00
16,2026-04-29,13,844987.00
16,2026-04-30,13,844987.00
16,2026-05-01,13,844987.00
16,2026-05-02,16,1039984.00
16,2026-05-03,15,974985.00
16,2026-05-04,13,844987.00
16,2026-05-05,13,844987.00
16,2026-05-06,13,844987.00
16,2026-05-07,13,844987.00
16,2026-05-08,13,844987.00
16,2026-05-09,16,1039984.00
16,2026-05-10,15,974985.00
16,2026-05-11,13,844987.00
16,2026-05-12,13,844987.00
16,2026-05-13,13,844987.00
16,2026-05-14,13,844987.00
16,2026-05-15,13,844987.00
16,2026-05-16,16,1039984.00
16,2026-05-17,15,974985.00
16,2026-05-18,13,844987.00
16,2026-05-19,13,844987.00
16,2026-05-20,13,844987.00
16,2026-05-21,13,844987.00
16,2026-05-22,13,844987.00
16,2026-05-23,16,1039984.00
16,2026-05-24,15,974985.00
16,2026-05-25,13,844987.00
16,2026-05-26,13,844987.00
16,2026-05-27,13,844987.00
16,2026-05-28,13,844987.00
16,2026-05-29,13,844987.00
16,2026-05-30,16,1039984.00
16,2026-05-31,15,974985.00
16,2026-06-01,15,974985.00
16,2026-06-02,15,974985.00
16,2026-06-03,15,974985.00
16,2026-06-04,15,974985.00
16,2026-06-05,15,974985.00
16,2026-06-06,18,1169982.00
16,2026-06-07,18,1169982.00
16,2026-06-08,15,974985.00
16,2026-06-09,15,974985.00
16,2026-06-10,15,974985.00
16,2026-06-11,15,974985.00
16,2026-06-12,15,974985.00
16,2026-06-13,18,1169982.00
16,2026-06-14,18,1169982.00
16,2026-06-15,15,974985.00
16,2026-06-16,15,974985.00
16,2026-06-17,15,974985.00
16,2026-06-18,15,974985.00
16,2026-06-19,15,974985.00
16,2026-06-20,18,1169982.00
16,2026-06-21,18,1169982.00
16,2026-06-22,15,974985.00
16,2026-06-23,15,974985.00
16,2026-06-24,15,974985.00
16,2026-06-25,15,974985.00
16,2026-06-26,15,974985.00
16,2026-06-27,18,1169982.00
16,2026-06-28,18,1169982.00
16,2026-06-29,15,974985.00
16,2026-06-30,15,974985.00
16,2026-07-01,15,974985.00
16,2026-07-02,15,974985.00
16,2026-07-03,15,974985.00
16,2026-07-04,18,1169982.00
16,2026-07-05,18,1169982.00
16,2026-07-06,15,974985.00
16,2026-07-07,15,974985.00
16,2026-07-08,15,974985.00
16,2026-07-09,15,974985.00
16,2026-07-10,15,974985.00
16,2026-07-11,18,1169982.00
16,2026-07-12,18,1169982.00
16,2026-07-13,15,974985.00
16,2026-07-14,15,974985.00
16,2026-07-15,15,974985.00
16,2026-07-16,15,974985.00
16,2026-07-17,15,974985.00
16,2026-07-18,18,1169982.00
16,2026-07-19,18,1169982.00
16,2026-07-20,15,974985.00
16,2026-07-21,15,974985.00
16,2026-07-22,15,974985.00
16,2026-07-23,15,974985.00
16,2026-07-24,15,974985.00
16,2026-07-25,18,1169982.00
16,2026-07-26,18,1169982.00
16,2026-07-27,15,974985.00
16,2026-07-28,15,974985.00
16,2026-07-29,15,974985.00
16,2026-07-30,15,974985.00
16,2026-07-31,15,974985.00
16,2026-08-01,16,1039984.00
16,2026-08-02,15,974985.00
16,2026-08-03,13,844987.00
16,2026-08-04,13,844987.00
16,2026-08-05,13,844987.00
16,2026-08-06,13,844987.00
16,2026-08-07,13,844987.00
16,2026-08-08,16,1039984.00
16,2026-08-09,15,974985.00
16,2026-08-10,13,844987.00
16,2026-08-11,13,844987.00
16,2026-08-12,13,844987.00
16,2026-08-13,13,844987.00
16,2026-08-14,13,844987.00
16,2026-08-15,16,1039984.00
16,2026-08-16,15,974985.00
16,2026-08-17,13,844987.00
16,2026-08-18,13,844987.00
16,2026-08-19,13,844987.00
16,2026-08-20,13,844987.00
16,2026-08-21,13,844987.00
16,2026-08-22,16,1039984.00
16,2026-08-23,15,974985.00
16,2026-08-24,13,844987.00
16,2026-08-25,13,844987.00
16,2026-08-26,13,844987.00
16,2026-08-27,13,844987.00
16,2026-08-28,13,844987.00
16,2026-08-29,16,1039984.00
16,2026-08-30,15,974985.00
16,2026-08-31,13,844987.00
16,2026-09-01,13,844987.00
16,2026-09-02,13,844987.00
16,2026-09-03,13,844987.00
16,2026-09-04,13,844987.00
16,2026-09-05,16,1039984.00
16,2026-09-06,15,974985.00
16,2026-09-07,13,844987.00
16,2026-09-08,13,844987.00
16,2026-09-09,13,844987.00
16,2026-09-10,13,844987.00
16,2026-09-11,13,844987.00
16,2026-09-12,16,1039984.00
16,2026-09-13,15,974985.00
16,2026-09-14,13,844987.00
16,2026-09-15,13,844987.00
16,2026-09-16,13,844987.00
16,2026-09-17,13,844987.00
16,2026-09-18,13,844987.00
16,2026-09-19,16,1039984.00
16,2026-09-20,15,974985.00
16,2026-09-21,13,844987.00
16,2026-09-22,13,844987.00
16,2026-09-23,13,844987.00
16,2026-09-24,13,844987.00
16,2026-09-25,13,844987.00
16,2026-09-26,16,1039984.00
16,2026-09-27,15,974985.00
16,2026-09-28,13,844987.00
16,2026-09-29,13,844987.00
17,2025-09-30,4,343996.00
17,2025-10-01,5,429995.00
17,2025-10-02,5,429995.00
17,2025-10-03,5,429995.00
17,2025-10-04,5,429995.00
17,2025-10-05,5,429995.00
17,2025-10-06,5,429995.00
17,2025-10-07,5,429995.00
17,2025-10-08,5,429995.00
17,2025-10-09,5,429995.00
17,2025-10-10,5,429995.00
17,2025-10-11,5,429995.00
17,2025-10-12,5,429995.00
17,2025-10-13,5,429995.00
17,2025-10-14,5,429995.00
17,2025-10-15,5,429995.00
17,2025-10-16,5,429995.00
17,2025-10-17,5,429995.00
17,2025-10-18,5,429995.00
17,2025-10-19,5,429995.00
17,2025-10-20,5,429995.00
17,2025-10-21,5,429995.00
17,2025-10-22,5,429995.00
17,2025-10-23,5,429995.00
17,2025-10-24,5,429995.00
17,2025-10-25,5,429995.00
17,2025-10-26,5,429995.00
17,2025-10-27,5,429995.00
17,2025-10-28,5,429995.00
17,2025-10-29,5,429995.00
17,2025-10-30,5,429995.00
17,2025-10-31,5,429995.00
17,2025-11-01,5,429995.00
17,2025-11-02,5,429995.00
17,2025-11-03,5,429995.00
17,2025-11-04,5,429995.00
17,2025-11-05,5,429995.00
17,2025-11-06,5,429995.00
17,2025-11-07,5,429995.00
17,2025-11-08,5,429995.00
17,2025-11-09,5,429995.00
17,2025-11-10,5,429995.00
17,2025-11-11,5,429995.00
17,2025-11-12,5,429995.00
17,2025-11-13,5,429995.00
17,2025-11-14,5,429995.00
17,2025-11-15,5,429995.00
17,2025-11-16,5,429995.00
17,2025-11-17,5,429995.00
17,2025-11-18,5,429995.00
17,2025-11-19,5,429995.00
17,2025-11-20,5,429995.00
17,2025-11-21,5,429995.00
17,2025-11-22,5,429995.00
17,2025-11-23,5,429995.00
17,2025-11-24,5,429995.00
17,2025-11-25,5,429995.00
17,2025-11-26,5,429995.00
17,2025-11-27,5,429995.00
17,2025-11-28,5,429995.00
17,2025-11-29,5,429995.00
17,2025-11-30,5,429995.00
17,2025-12-01,4,343996.00
17,2025-12-02,4,343996.00
17,2025-12-03,4,343996.00
17,2025-12-04,4,343996.00
17,2025-12-05,4,343996.00
17,2025-12-06,4,343996.00
17,2025-12-07,4,343996.00
17,2025-12-08,4,343996.00
17,2025-12-09,4,343996.00
17,2025-12-10,4,343996.00
17,2025-12-11,4,343996.00
17,2025-12-12,4,343996.00
17,2025-12-13,4,343996.00
17,2025-12-14,4,343996.00
17,2025-12-15,4,343996.00
17,2025-12-16,4,343996.00
17,2025-12-17,4,343996.00
17,2025-12-18,4,343996.00
17,2025-12-19,4,343996.00
17,2025-12-20,4,343996.00
17,2025-12-21,4,343996.00
17,2025-12-22,4,343996.00
17,2025-12-23,4,343996.00
17,2025-12-24,4,343996.00
17,2025-12-25,4,343996.00
17,2025-12-26,4,343996.00
17,2025-12-27,4,343996.00
17,2025-12-28,4,343996.00
17,2025-12-29,4,343996.00
17,2025-12-30,4,343996.00
17,2025-12-31,4,343996.00
17,2026-01-01,4,343996.00
17,2026-01-02,4,343996.00
17,2026-01-03,4,343996.00
17,2026-01-04,4,343996.00
17,2026-01-05,4,343996.00
17,2026-01-06,4,343996.00
17,2026-01-07,4,343996.00
17,2026-01-08,4,343996.00
17,2026-01-09,4,343996.00
17,2026-01-10,4,343996.00
17,2026-01-11,4,343996.00
17,2026-01-12,4,343996.00
17,2026-01-13,4,343996.00
17,2026-01-14,4,343996.00
17,2026-01-15,4,343996.00
17,2026-01-16,4,343996.00
17,2026-01-17,4,343996.00
17,2026-01-18,4,343996.00
17,2026-01-19,4,343996.00
17,2026-01-20,4,343996.00
17,2026-01-21,4,343996.00
17,2026-01-22,4,343996.00
17,2026-01-23,4,343996.00
17,2026-01-24,4,343996.00
17,2026-01-25,4,343996.00
17,2026-01-26,4,343996.00
17,2026-01-27,4,343996.00
17,2026-01-28,4,343996.00
17,2026-01-29,4,343996.00
17,2026-01-30,4,343996.00
17,2026-01-31,4,343996.00
17,2026-02-01,4,343996.00
17,2026-02-02,4,343996.00
17,2026-02-03,4,343996.00
17,2026-02-04,4,343996.00
17,2026-02-05,4,343996.00
17,2026-02-06,4,343996.00
17,2026-02-07,4,343996.00
17,2026-02-08,4,343996.00
17,2026-02-09,4,343996.00
17,2026-02-10,4,343996.00
17,2026-02-11,4,343996.00
17,2026-02-12,4,343996.00
17,2026-02-13,4,343996.00
17,2026-02-14,4,343996.00
17,2026-02-15,4,343996.00
17,2026-02-16,4,343996.00
17,2026-02-17,4,343996.00
17,2026-02-18,4,343996.00
17,2026-02-19,4,343996.00
17,2026-02-20,4,343996.00
17,2026-02-21,4,343996.00
17,2026-02-22,4,343996.00
17,2026-02-23,4,343996.00
17,2026-02-24,4,343996.00
17,2026-02-25,4,343996.00
17,2026-02-26,4,343996.00
17,2026-02-27,4,343996.00
17,2026-02-28,4,343996.00
17,2026-03-01,4,343996.00
17,2026-03-02,4,343996.00
17,2026-03-03,4,343996.00
17,2026-03-04,4,343996.00
17,2026-03-05,4,343996.00
17,2026-03-06,4,343996.00
17,2026-03-07,4,343996.00
17,2026-03-08,4,343996.00
17,2026-03-09,4,343996.00
17,2026-03-10,4,343996.00
17,2026-03-11,4,343996.00
17,2026-03-12,4,343996.00
17,2026-03-13,4,343996.00
17,2026-03-14,4,343996.00
17,2026-03-15,4,343996.00
17,2026-03-16,4,343996.00
17,2026-03-17,4,343996.00
17,2026-03-18,4,343996.00
17,2026-03-19,4,343996.00
17,2026-03-20,4,343996.00
17,2026-03-21,4,343996.00
17,2026-03-22,4,343996.00
17,2026-03-23,4,343996.00
17,2026-03-24,4,343996.00
17,2026-03-25,4,343996.00
17,2026-03-26,4,343996.00
17,2026-03-27,4,343996.00
17,2026-03-28,4,343996.00
17,2026-03-29,4,343996.00
17,2026-03-30,4,343996.00
17,2026-03-31,4,343996.00
17,2026-04-01,4,343996.00
17,2026-04-02,4,343996.00
17,2026-04-03,4,343996.00
17,2026-04-04,4,343996.00
17,2026-04-05,4,343996.00
17,2026-04-06,4,343996.00
17,2026-04-07,4,343996.00
17,2026-04-08,4,343996.00
17,2026-04-09,4,343996.00
17,2026-04-10,4,343996.00
17,2026-04-11,4,343996.00
17,2026-04-12,4,343996.00
17,2026-04-13,4,343996.00
17,2026-04-14,4,343996.00
17,2026-04-15,4,343996.00
17,2026-04-16,4,343996.00
17,2026-04-17,4,343996.00
17,2026-04-18,4,343996.00
17,2026-04-19,4,343996.00
17,2026-04-20,4,343996.00
17,2026-04-21,4,343996.00
17,2026-04-22,4,343996.00
17,2026-04-23,4,343996.00
17,2026-04-24,4,343996.00
17,2026-04-25,4,343996.00
17,2026-04-26,4,343996.00
17,2026-04-27,4,343996.00
17,2026-04-28,4,343996.00
17,2026-04-29,4,343996.00
17,2026-04-30,4,343996.00
17,2026-05-01,4,343996.00
17,2026-05-02,4,343996.00
17,2026-05-03,4,343996.00
17,2026-05-04,4,343996.00
17,2026-05-05,4,343996.00
17,2026-05-06,4,343996.00
17,2026-05-07,4,343996.00
17,2026-05-08,4,343996.00
17,2026-05-09,4,343996.00
17,2026-05-10,4,343996.00
17,2026-05-11,4,343996.00
17,2026-05-12,4,343996.00
17,2026-05-13,4,343996.00
17,2026-05-14,4,343996.00
17,2026-05-15,4,343996.00
17,2026-05-16,4,343996.00
17,2026-05-17,4,343996.00
17,2026-05-18,4,343996.00
17,2026-05-19,4,343996.00
17,2026-05-20,4,343996.00
17,2026-05-21,4,343996.00
17,2026-05-22,4,343996.00
17,2026-05-23,4,343996.00
17,2026-05-24,4,343996.00
17,2026-05-25,4,343996.00
17,2026-05-26,4,343996.00
17,2026-05-27,4,343996.00
17,2026-05-28,4,343996.00
17,2026-05-29,4,343996.00
17,2026-05-30,4,343996.00
17,2026-05-31,4,343996.00
17,2026-06-01,4,343996.00
17,2026-06-02,4,343996.00
17,2026-06-03,4,343996.00
17,2026-06-04,4,343996.00
17,2026-06-05,4,343996.00
17,2026-06-06,5,429995.00
17,2026-06-07,5,429995.00
17,2026-06-08,4,343996.00
17,2026-06-09,4,343996.00
17,2026-06-10,4,343996.00
17,2026-06-11,4,343996.00
17,2026-06-12,4,343996.00
17,2026-06-13,5,429995.00
17,2026-06-14,5,429995.00
17,2026-06-15,4,343996.00
17,2026-06-16,4,343996.00
17,2026-06-17,4,343996.00
17,2026-06-18,4,343996.00
17,2026-06-19,4,343996.00
17,2026-06-20,5,429995.00
17,2026-06-21,5,429995.00
17,2026-06-22,4,343996.00
17,2026-06-23,4,343996.00
17,2026-06-24,4,343996.00
17,2026-06-25,4,343996.00
17,2026-06-26,4,343996.00
17,2026-06-27,5,429995.00
17,2026-06-28,5,429995.00
17,2026-06-29,4,343996.00
17,2026-06-30,4,343996.00
17,2026-07-01,4,343996.00
17,2026-07-02,4,343996.00
17,2026-07-03,4,343996.00
17,2026-07-04,5,429995.00
17,2026-07-05,5,429995.00
17,2026-07-06,4,343996.00
17,2026-07-07,4,343996.00
17,2026-07-08,4,343996.00
17,2026-07-09,4,343996.00
17,2026-07-10,4,343996.00
17,2026-07-11,5,429995.00
17,2026-07-12,5,429995.00
17,2026-07-13,4,343996.00
17,2026-07-14,4,343996.00
17,2026-07-15,4,343996.00
17,2026-07-16,4,343996.00
17,2026-07-17,4,343996.00
17,2026-07-18,5,429995.00
17,2026-07-19,5,429995.00
17,2026-07-20,4,343996.00
17,2026-07-21,4,343996.00
17,2026-07-22,4,343996.00
17,2026-07-23,4,343996.00
17,2026-07-24,4,343996.00
17,2026-07-25,5,429995.00
17,2026-07-26,5,429995.00
17,2026-07-27,4,343996.00
17,2026-07-28,4,343996.00
17,2026-07-29,4,343996.00
17,2026-07-30,4,343996.00
17,2026-07-31,4,343996.00
17,2026-08-01,4,343996.00
17,2026-08-02,4,343996.00
17,2026-08-03,4,343996.00
17,2026-08-04,4,343996.00
17,2026-08-05,4,343996.00
17,2026-08-06,4,343996.00
17,2026-08-07,4,343996.00
17,2026-08-08,4,343996.00
17,2026-08-09,4,343996.00
17,2026-08-10,4,343996.00
17,2026-08-11,4,343996.00
17,2026-08-12,4,343996.00
17,2026-08-13,4,343996.00
17,2026-08-14,4,343996.00
17,2026-08-15,4,343996.00
17,2026-08-16,4,343996.00
17,2026-08-17,4,343996.00
17,2026-08-18,4,343996.00
17,2026-08-19,4,343996.00
17,2026-08-20,4,343996.00
17,2026-08-21,4,343996.00
17,2026-08-22,4,343996.00
17,2026-08-23,4,343996.00
17,2026-08-24,4,343996.00
17,2026-08-25,4,343996.00
17,2026-08-26,4,343996.00
17,2026-08-27,4,343996.00
17,2026-08-28,4,343996.00
17,2026-08-29,4,343996.00
17,2026-08-30,4,343996.00
17,2026-08-31,4,343996.00
17,2026-09-01,4,343996.00
17,2026-09-02,4,343996.00
17,2026-09-03,4,343996.00
17,2026-09-04,4,343996.00
17,2026-09-05,4,343996.00
17,2026-09-06,4,343996.00
17,2026-09-07,4,343996.00
17,2026-09-08,4,343996.00
17,2026-09-09,4,343996.00
17,2026-09-10,4,343996.00
17,2026-09-11,4,343996.00
17,2026-09-12,4,343996.00
17,2026-09-13,4,343996.00
17,2026-09-14,4,343996.00
17,2026-09-15,4,343996.00
17,2026-09-16,4,343996.00
17,2026-09-17,4,343996.00
17,2026-09-18,4,343996.00
17,2026-09-19,4,343996.00
17,2026-09-20,4,343996.00
17,2026-09-21,4,343996.00
17,2026-09-22,4,343996.00
17,2026-09-23,4,343996.00
17,2026-09-24,4,343996.00
17,2026-09-25,4,343996.00
17,2026-09-26,4,343996.00
17,2026-09-27,4,343996.00
17,2026-09-28,4,343996.00
17,2026-09-29,4,343996.00
18,2025-09-30,6,113994.00
18,2025-10-01,7,132993.00
18,2025-10-02,7,132993.00
18,2025-10-03,7,132993.00
18,2025-10-04,9,170991.00
18,2025-10-05,8,151992.00
18,2025-10-06,7,132993.00
18,2025-10-07,7,132993.00
18,2025-10-08,7,132993.00
18,2025-10-09,7,132993.00
18,2025-10-10,7,132993.00
18,2025-10-11,9,170991.00
18,2025-10-12,8,151992.00
18,2025-10-13,7,132993.00
18,2025-10-14,7,132993.00
18,2025-10-15,7,132993.00
18,2025-10-16,7,132993.00
18,2025-10-17,7,132993.00
18,2025-10-18,9,170991.00
18,2025-10-19,8,151992.00
18,2025-10-20,7,132993.00
18,2025-10-21,7,132993.00
18,2025-10-22,7,132993.00
18,2025-10-23,7,132993.00
18,2025-10-24,7,132993.00
18,2025-10-25,9,170991.00
18,2025-10-26,8,151992.00
18,2025-10-27,7,132993.00
18,2025-10-28,7,132993.00
18,2025-10-29,7,132993.00
18,2025-10-30,7,132993.00
18,2025-10-31,7,132993.00
18,2025-11-01,9,170991.00
18,2025-11-02,8,151992.00
18,2025-11-03,7,132993.00
18,2025-11-04,7,132993.00
18,2025-11-05,7,132993.00
18,2025-11-06,7,132993.00
18,2025-11-07,7,132993.00
18,2025-11-08,9,170991.00
18,2025-11-09,8,151992.00
18,2025-11-10,7,132993.00
18,2025-11-11,7,132993.00
18,2025-11-12,7,132993.00
18,2025-11-13,7,132993.00
18,2025-11-14,7,132993.00
18,2025-11-15,9,170991.00
18,2025-11-16,8,151992.00
18,2025-11-17,7,132993.00
18,2025-11-18,7,132993.00
18,2025-11-19,7,132993.00
18,2025-11-20,7,132993.00
18,2025-11-21,7,132993.00
18,2025-11-22,9,170991.00
18,2025-11-23,8,151992.00
18,2025-11-24,7,132993.00
18,2025-11-25,7,132993.00
18,2025-11-26,7,132993.00
18,2025-11-27,7,132993.00
18,2025-11-28,7,132993.00
18,2025-11-29,9,170991.00
18,2025-11-30,8,151992.00
18,2025-12-01,6,113994.00
18,2025-12-02,6,113994.00
18,2025-12-03,6,113994.00
18,2025-12-04,6,113994.00
18,2025-12-05,6,113994.00
18,2025-12-06,7,132993.00
18,2025-12-07,7,132993.00
18,2025-12-08,6,113994.00
18,2025-12-09,6,113994.00
18,2025-12-10,6,113994.00
18,2025-12-11,6,113994.00
18,2025-12-12,6,113994.00
18,2025-12-13,7,132993.00
18,2025-12-14,7,132993.00
18,2025-12-15,6,113994.00
18,2025-12-16,6,113994.00
18,2025-12-17,6,113994.00
18,2025-12-18,6,113994.00
18,2025-12-19,6,113994.00
18,2025-12-20,7,132993.00
18,2025-12-21,7,132993.00
18,2025-12-22,6,113994.00
18,2025-12-23,6,113994.00
18,2025-12-24,6,113994.00
18,2025-12-25,6,113994.00
18,2025-12-26,6,113994.00
18,2025-12-27,7,132993.00
18,2025-12-28,7,132993.00
18,2025-12-29,6,113994.00
18,2025-12-30,6,113994.00
18,2025-12-31,6,113994.00
18,2026-01-01,6,113994.00
18,2026-01-02,6,113994.00
18,2026-01-03,7,132993.00
18,2026-01-04,7,132993.00
18,2026-01-05,6,113994.00
18,2026-01-06,6,113994.00
18,2026-01-07,6,113994.00
18,2026-01-08,6,113994.00
18,2026-01-09,6,113994.00
18,2026-01-10,7,132993.00
18,2026-01-11,7,132993.00
18,2026-01-12,6,113994.00
18,2026-01-13,6,113994.00
18,2026-01-14,6,113994.00
18,2026-01-15,6,113994.00
18,2026-01-16,6,113994.00
18,2026-01-17,7,132993.00
18,2026-01-18,7,132993.00
18,2026-01-19,6,113994.00
18,2026-01-20,6,113994.00
18,2026-01-21,6,113994.00
18,2026-01-22,6,113994.00
18,2026-01-23,6,113994.00
18,2026-01-24,7,132993.00
18,2026-01-25,7,132993.00
18,2026-01-26,6,113994.00
18,2026-01-27,6,113994.00
18,2026-01-28,6,113994.00
18,2026-01-29,6,113994.00
18,2026-01-30,6,113994.00
18,2026-01-31,7,132993.00
18,2026-02-01,7,132993.00
18,2026-02-02,6,113994.00
18,2026-02-03,6,113994.00
18,2026-02-04,6,113994.00
18,2026-02-05,6,113994.00
18,2026-02-06,6,113994.00
18,2026-02-07,7,132993.00
18,2026-02-08,7,132993.00
18,2026-02-09,6,113994.00
18,2026-02-10,6,113994.00
18,2026-02-11,6,113994.00
18,2026-02-12,6,113994.00
18,2026-02-13,6,113994.00
18,2026-02-14,7,132993.00
18,2026-02-15,7,132993.00
18,2026-02-16,6,113994.00
18,2026-02-17,6,113994.00
18,2026-02-18,6,113994.00
18,2026-02-19,6,113994.00
18,2026-02-20,6,113994.00
18,2026-02-21,7,132993.00
18,2026-02-22,7,132993.00
18,2026-02-23,6,113994.00
18,2026-02-24,6,113994.00
18,2026-02-25,6,113994.00
18,2026-02-26,6,113994.00
18,2026-02-27,6,113994.00
18,2026-02-28,7,132993.00
18,2026-03-01,7,132993.00
18,2026-03-02,6,113994.00
18,2026-03-03,6,113994.00
18,2026-03-04,6,113994.00
18,2026-03-05,6,113994.00
18,2026-03-06,6,113994.00
18,2026-03-07,7,132993.00
18,2026-03-08,7,132993.00
18,2026-03-09,6,113994.00
18,2026-03-10,6,113994.00
18,2026-03-11,6,113994.00
18,2026-03-12,6,113994.00
18,2026-03-13,6,113994.00
18,2026-03-14,7,132993.00
18,2026-03-15,7,132993.00
18,2026-03-16,6,113994.00
18,2026-03-17,6,113994.00
18,2026-03-18,6,113994.00
18,2026-03-19,6,113994.00
18,2026-03-20,6,113994.00
18,2026-03-21,7,132993.00
18,2026-03-22,7,132993.00
18,2026-03-23,6,113994.00
18,2026-03-24,6,113994.00
18,2026-03-25,6,113994.00
18,2026-03-26,6,113994.00
18,2026-03-27,6,113994.00
18,2026-03-28,7,132993.00
18,2026-03-29,7,132993.00
18,2026-03-30,6,113994.00
18,2026-03-31,6,113994.00
18,2026-04-01,6,113994.00
18,2026-04-02,6,113994.00
18,2026-04-03,6,113994.00
18,2026-04-04,7,132993.00
18,2026-04-05,7,132993.00
18,2026-04-06,6,113994.00
18,2026-04-07,6,113994.00
18,2026-04-08,6,113994.00
18,2026-04-09,6,113994.00
18,2026-04-10,6,113994.00
18,2026-04-11,7,132993.00
18,2026-04-12,7,132993.00
18,2026-04-13,6,113994.00
18,2026-04-14,6,113994.00
18,2026-04-15,6,113994.00
18,2026-04-16,6,113994.00
18,2026-04-17,6,113994.00
18,2026-04-18,7,132993.00
18,2026-04-19,7,132993.00
18,2026-04-20,6,113994.00
18,2026-04-21,6,113994.00
18,2026-04-22,6,113994.00
18,2026-04-23,6,113994.00
18,2026-04-24,6,113994.00
18,2026-04-25,7,132993.00
18,2026-04-26,7,132993.00
18,2026-04-27,6,113994.00
18,2026-04-28,6,113994.00
18,2026-04-29,6,113994.00
18,2026-04-30,6,113994.00
18,2026-05-01,6,113994.00
18,2026-05-02,7,132993.00
18,2026-05-03,7,132993.00
18,2026-05-04,6,113994.00
18,2026-05-05,6,113994.00
18,2026-05-06,6,113994.00
18,2026-05-07,6,113994.00
18,2026-05-08,6,113994.00
18,2026-05-09,7,132993.00
18,2026-05-10,7,132993.00
18,2026-05-11,6,113994.00
18,2026-05-12,6,113994.00
18,2026-05-13,6,113994.00
18,2026-05-14,6,113994.00
18,2026-05-15,6,113994.00
18,2026-05-16,7,132993.00
18,2026-05-17,7,132993.00
18,2026-05-18,6,113994.00
18,2026-05-19,6,113994.00
18,2026-05-20,6,113994.00
18,2026-05-21,6,113994.00
18,2026-05-22,6,113994.00
18,2026-05-23,7,132993.00
18,2026-05-24,7,132993.00
18,2026-05-25,6,113994.00
18,2026-05-26,6,113994.00
18,2026-05-27,6,113994.00
18,2026-05-28,6,113994.00
18,2026-05-29,6,113994.00
18,2026-05-30,7,132993.00
18,2026-05-31,7,132993.00
18,2026-06-01,7,132993.00
18,2026-06-02,7,132993.00
18,2026-06-03,7,132993.00
18,2026-06-04,7,132993.00
18,2026-06-05,7,132993.00
18,2026-06-06,8,151992.00
18,2026-06-07,8,151992.00
18,2026-06-08,7,132993.00
18,2026-06-09,7,132993.00
18,2026-06-10,7,132993.00
18,2026-06-11,7,132993.00
18,2026-06-12,7,132993.00
18,2026-06-13,8,151992.00
18,2026-06-14,8,151992.00
18,2026-06-15,7,132993.00
18,2026-06-16,7,132993.00
18,2026-06-17,7,132993.00
18,2026-06-18,7,132993.00
18,2026-06-19,7,132993.00
18,2026-06-20,8,151992.00
18,2026-06-21,8,151992.00
18,2026-06-22,7,132993.00
18,2026-06-23,7,132993.00
18,2026-06-24,7,132993.00
18,2026-06-25,7,132993.00
18,2026-06-26,7,132993.00
18,2026-06-27,8,151992.00
18,2026-06-28,8,151992.00
18,2026-06-29,7,132993.00
18,2026-06-30,7,132993.00
18,2026-07-01,7,132993.00
18,2026-07-02,7,132993.00
18,2026-07-03,7,132993.00
18,2026-07-04,8,151992.00
18,2026-07-05,8,151992.00
18,2026-07-06,7,132993.00
18,2026-07-07,7,132993.00
18,2026-07-08,7,132993.00
18,2026-07-09,7,132993.00
18,2026-07-10,7,132993.00
18,2026-07-11,8,151992.00
18,2026-07-12,8,151992.00
18,2026-07-13,7,132993.00
18,2026-07-14,7,132993.00
18,2026-07-15,7,132993.00
18,2026-07-16,7,132993.00
18,2026-07-17,7,132993.00
18,2026-07-18,8,151992.00
18,2026-07-19,8,151992.00
18,2026-07-20,7,132993.00
18,2026-07-21,7,132993.00
18,2026-07-22,7,132993.00
18,2026-07-23,7,132993.00
18,2026-07-24,7,132993.00
18,2026-07-25,8,151992.00
18,2026-07-26,8,151992.00
18,2026-07-27,7,132993.00
18,2026-07-28,7,132993.00
18,2026-07-29,7,132993.00
18,2026-07-30,7,132993.00
18,2026-07-31,7,132993.00
18,2026-08-01,7,132993.00
18,2026-08-02,7,132993.00
18,2026-08-03,6,113994.00
18,2026-08-04,6,113994.00
18,2026-08-05,6,113994.00
18,2026-08-06,6,113994.00
18,2026-08-07,6,113994.00
18,2026-08-08,7,132993.00
18,2026-08-09,7,132993.00
18,2026-08-10,6,113994.00
18,2026-08-11,6,113994.00
18,2026-08-12,6,113994.00
18,2026-08-13,6,113994.00
18,2026-08-14,6,113994.00
18,2026-08-15,7,132993.00
18,2026-08-16,7,132993.00
18,2026-08-17,6,113994.00
18,2026-08-18,6,113994.00
18,2026-08-19,6,113994.00
18,2026-08-20,6,113994.00
18,2026-08-21,6,113994.00
18,2026-08-22,7,132993.00
18,2026-08-23,7,132993.00
18,2026-08-24,6,113994.00
18,2026-08-25,6,113994.00
18,2026-08-26,6,113994.00
18,2026-08-27,6,113994.00
18,2026-08-28,6,113994.00
18,2026-08-29,7,132993.00
18,2026-08-30,7,132993.00
18,2026-08-31,6,113994.00
18,2026-09-01,6,113994.00
18,2026-09-02,6,113994.00
18,2026-09-03,6,113994.00
18,2026-09-04,6,113994.00
18,2026-09-05,7,132993.00
18,2026-09-06,7,132993.00
18,2026-09-07,6,113994.00
18,2026-09-08,6,113994.00
18,2026-09-09,6,113994.00
18,2026-09-10,6,113994.00
18,2026-09-11,6,113994.00
18,2026-09-12,7,132993.00
18,2026-09-13,7,132993.00
18,2026-09-14,6,113994.00
18,2026-09-15,6,113994.00
18,2026-09-16,6,113994.00
18,2026-09-17,6,113994.00
18,2026-09-18,6,113994.00
18,2026-09-19,7,132993.00
18,2026-09-20,7,132993.00
18,2026-09-21,6,113994.00
18,2026-09-22,6,113994.00
18,2026-09-23,6,113994.00
18,2026-09-24,6,113994.00
18,2026-09-25,6,113994.00
18,2026-09-26,7,132993.00
18,2026-09-27,7,132993.00
18,2026-09-28,6,113994.00
18,2026-09-29,6,113994.00
19,2025-09-30,27,26973.00
19,2025-10-01,33,32967.00
19,2025-10-02,33,32967.00
19,2025-10-03,33,32967.00
19,2025-10-04,40,39960.00
19,2025-10-05,38,37962.00
19,2025-10-06,33,32967.00
19,2025-10-07,33,32967.00
19,2025-10-08,33,32967.00
19,2025-10-09,33,32967.00
19,2025-10-10,33,32967.00
19,2025-10-11,40,39960.00
19,2025-10-12,38,37962.00
19,2025-10-13,33,32967.00
19,2025-10-14,33,32967.00
19,2025-10-15,33,32967.00
19,2025-10-16,33,32967.00
19,2025-10-17,33,32967.00
19,2025-10-18,40,39960.00
19,2025-10-19,38,37962.00
19,2025-10-20,33,32967.00
19,2025-10-21,33,32967.00
19,2025-10-22,33,32967.00
19,2025-10-23,33,32967.00
19,2025-10-24,33,32967.00
19,2025-10-25,40,39960.00
19,2025-10-26,38,37962.00
19,2025-10-27,33,32967.00
19,2025-10-28,33,32967.00
19,2025-10-29,33,32967.00
19,2025-10-30,33,32967.00
19,2025-10-31,33,32967.00
19,2025-11-01,40,39960.00
19,2025-11-02,38,37962.00
19,2025-11-03,33,32967.00
19,2025-11-04,33,32967.00
19,2025-11-05,33,32967.00
19,2025-11-06,33,32967.00
19,2025-11-07,33,32967.00
19,2025-11-08,40,39960.00
19,2025-11-09,38,37962.00
19,2025-11-10,33,32967.00
19,2025-11-11,33,32967.00
19,2025-11-12,33,32967.00
19,2025-11-13,33,32967.00
19,2025-11-14,33,32967.00
19,2025-11-15,40,39960.00
19,2025-11-16,38,37962.00
19,2025-11-17,33,32967.00
19,2025-11-18,33,32967.00
19,2025-11-19,33,32967.00
19,2025-11-20,33,32967.00
19,2025-11-21,33,32967.00
19,2025-11-22,40,39960.00
19,2025-11-23,38,37962.00
19,2025-11-24,33,32967.00
19,2025-11-25,33,32967.00
19,2025-11-26,33,32967.00
19,2025-11-27,33,32967.00
19,2025-11-28,33,32967.00
19,2025-11-29,40,39960.00
19,2025-11-30,38,37962.00
19,2025-12-01,27,26973.00
19,2025-12-02,27,26973.00
19,2025-12-03,27,26973.00
19,2025-12-04,27,26973.00
19,2025-12-05,27,26973.00
19,2025-12-06,32,31968.00
19,2025-12-07,31,30969.00
19,2025-12-08,27,26973.00
19,2025-12-09,27,26973.00
19,2025-12-10,27,26973.00
19,2025-12-11,27,26973.00
19,2025-12-12,27,26973.00
19,2025-12-13,32,31968.00
19,2025-12-14,31,30969.00
19,2025-12-15,27,26973.00
19,2025-12-16,27,26973.00
19,2025-12-17,27,26973.00
19,2025-12-18,27,26973.00
19,2025-12-19,27,26973.00
19,2025-12-20,32,31968.00
19,2025-12-21,31,30969.00
19,2025-12-22,27,26973.00
19,2025-12-23,27,26973.00
19,2025-12-24,27,26973.00
19,2025-12-25,27,26973.00
19,2025-12-26,27,26973.00
19,2025-12-27,32,31968.00
19,2025-12-28,31,30969.00
19,2025-12-29,27,26973.00
19,2025-12-30,27,26973.00
19,2025-12-31,27,26973.00
19,2026-01-01,27,26973.00
19,2026-01-02,27,26973.00
19,2026-01-03,32,31968.00
19,2026-01-04,31,30969.00
19,2026-01-05,27,26973.00
19,2026-01-06,27,26973.00
19,2026-01-07,27,26973.00
19,2026-01-08,27,26973.00
19,2026-01-09,27,26973.00
19,2026-01-10,32,31968.00
19,2026-01-11,31,30969.00
19,2026-01-12,27,26973.00
19,2026-01-13,27,26973.00
19,2026-01-14,27,26973.00
19,2026-01-15,27,26973.00
19,2026-01-16,27,26973.00
19,2026-01-17,32,31968.00
19,2026-01-18,31,30969.00
19,2026-01-19,27,26973.00
19,2026-01-20,27,26973.00
19,2026-01-21,27,26973.00
19,2026-01-22,27,26973.00
19,2026-01-23,27,26973.00
19,2026-01-24,32,31968.00
19,2026-01-25,31,30969.00
19,2026-01-26,27,26973.00
19,2026-01-27,27,26973.00
19,2026-01-28,27,26973.00
19,2026-01-29,27,26973.00
19,2026-01-30,27,26973.00
19,2026-01-31,32,31968.00
19,2026-02-01,31,30969.00
19,2026-02-02,27,26973.00
19,2026-02-03,27,26973.00
19,2026-02-04,27,26973.00
19,2026-02-05,27,26973.00
19,2026-02-06,27,26973.00
19,2026-02-07,32,31968.00
19,2026-02-08,31,30969.00
19,2026-02-09,27,26973.00
19,2026-02-10,27,26973.00
19,2026-02-11,27,26973.00
19,2026-02-12,27,26973.00
19,2026-02-13,27,26973.00
19,2026-02-14,32,31968.00
19,2026-02-15,31,30969.00
19,2026-02-16,27,26973.00
19,2026-02-17,27,26973.00
19,2026-02-18,27,26973.00
19,2026-02-19,27,26973.00
19,2026-02-20,27,26973.00
19,2026-02-21,32,31968.00
19,2026-02-22,31,30969.00
19,2026-02-23,27,26973.00
19,2026-02-24,27,26973.00
19,2026-02-25,27,26973.00
19,2026-02-26,27,26973.00
19,2026-02-27,27,26973.00
19,2026-02-28,32,31968.00
19,2026-03-01,31,30969.00
19,2026-03-02,27,26973.00
19,2026-03-03,27,26973.00
19,2026-03-04,27,26973.00
19,2026-03-05,27,26973.00
19,2026-03-06,27,26973.00
19,2026-03-07,32,31968.00
19,2026-03-08,31,30969.00
19,2026-03-09,27,26973.00
19,2026-03-10,27,26973.00
19,2026-03-11,27,26973.00
19,2026-03-12,27,26973.00
19,2026-03-13,27,26973.00
19,2026-03-14,32,31968.00
19,2026-03-15,31,30969.00
19,2026-03-16,27,26973.00
19,2026-03-17,27,26973.00
19,2026-03-18,27,26973.00
19,2026-03-19,27,26973.00
19,2026-03-20,27,26973.00
19,2026-03-21,32,31968.00
19,2026-03-22,31,30969.00
19,2026-03-23,27,26973.00
19,2026-03-24,27,26973.00
19,2026-03-25,27,26973.00
19,2026-03-26,27,26973.00
19,2026-03-27,27,26973.00
19,2026-03-28,32,31968.00
19,2026-03-29,31,30969.00
19,2026-03-30,27,26973.00
19,2026-03-31,27,26973.00
19,2026-04-01,27,26973.00
19,2026-04-02,27,26973.00
19,2026-04-03,27,26973.00
19,2026-04-04,32,31968.00
19,2026-04-05,31,30969.00
19,2026-04-06,27,26973.00
19,2026-04-07,27,26973.00
19,2026-04-08,27,26973.00
19,2026-04-09,27,26973.00
19,2026-04-10,27,26973.00
19,2026-04-11,32,31968.00
19,2026-04-12,31,30969.00
19,2026-04-13,27,26973.00
19,2026-04-14,27,26973.00
19,2026-04-15,27,26973.00
19,2026-04-16,27,26973.00
19,2026-04-17,27,26973.00
19,2026-04-18,32,31968.00
19,2026-04-19,31,30969.00
19,2026-04-20,27,26973.00
19,2026-04-21,27,26973.00
19,2026-04-22,27,26973.00
19,2026-04-23,27,26973.00
19,2026-04-24,27,26973.00
19,2026-04-25,32,31968.00
19,2026-04-26,31,30969.00
19,2026-04-27,27,26973.00
19,2026-04-28,27,26973.00
19,2026-04-29,27,26973.00
19,2026-04-30,27,26973.00
19,2026-05-01,27,26973.00
19,2026-05-02,32,31968.00
19,2026-05-03,31,30969.00
19,2026-05-04,27,26973.00
19,2026-05-05,27,26973.00
19,2026-05-06,27,26973.00
19,2026-05-07,27,26973.00
19,2026-05-08,27,26973.00
19,2026-05-09,32,31968.00
19,2026-05-10,31,30969.00
19,2026-05-11,27,26973.00
19,2026-05-12,27,26973.00
19,2026-05-13,27,26973.00
19,2026-05-14,27,26973.00
19,2026-05-15,27,26973.00
19,2026-05-16,32,31968.00
19,2026-05-17,31,30969.00
19,2026-05-18,27,26973.00
19,2026-05-19,27,26973.00
19,2026-05-20,27,26973.00
19,2026-05-21,27,26973.00
19,2026-05-22,27,26973.00
19,2026-05-23,32,31968.00
19,2026-05-24,31,30969.00
19,2026-05-25,27,26973.00
19,2026-05-26,27,26973.00
19,2026-05-27,27,26973.00
19,2026-05-28,27,26973.00
19,2026-05-29,27,26973.00
19,2026-05-30,32,31968.00
19,2026-05-31,31,30969.00
19,2026-06-01,31,30969.00
19,2026-06-02,31,30969.00
19,2026-06-03,31,30969.00
19,2026-06-04,31,30969.00
19,2026-06-05,31,30969.00
19,2026-06-06,37,36963.00
19,2026-06-07,35,34965.00
19,2026-06-08,31,30969.00
19,2026-06-09,31,30969.00
19,2026-06-10,31,30969.00
19,2026-06-11,31,30969.00
19,2026-06-12,31,30969.00
19,2026-06-13,37,36963.00
19,2026-06-14,35,34965.00
19,2026-06-15,31,30969.00
19,2026-06-16,31,30969.00
19,2026-06-17,31,30969.00
19,2026-06-18,31,30969.00
19,2026-06-19,31,30969.00
19,2026-06-20,37,36963.00
19,2026-06-21,35,34965.00
19,2026-06-22,31,30969.00
19,2026-06-23,31,30969.00
19,2026-06-24,31,30969.00
19,2026-06-25,31,30969.00
19,2026-06-26,31,30969.00
19,2026-06-27,37,36963.00
19,2026-06-28,35,34965.00
19,2026-06-29,31,30969.00
19,2026-06-30,31,30969.00
19,2026-07-01,31,30969.00
19,2026-07-02,31,30969.00
19,2026-07-03,31,30969.00
19,2026-07-04,37,36963.00
19,2026-07-05,35,34965.00
19,2026-07-06,31,30969.00
19,2026-07-07,31,30969.00
19,2026-07-08,31,30969.00
19,2026-07-09,31,30969.00
19,2026-07-10,31,30969.00
19,2026-07-11,37,36963.00
19,2026-07-12,35,34965.00
19,2026-07-13,31,30969.00
19,2026-07-14,31,30969.00
19,2026-07-15,31,30969.00
19,2026-07-16,31,30969.00
19,2026-07-17,31,30969.00
19,2026-07-18,37,36963.00
19,2026-07-19,35,34965.00
19,2026-07-20,31,30969.00
19,2026-07-21,31,30969.00
19,2026-07-22,31,30969.00
19,2026-07-23,31,30969.00
19,2026-07-24,31,30969.00
19,2026-07-25,37,36963.00
19,2026-07-26,35,34965.00
19,2026-07-27,31,30969.00
19,2026-07-28,31,30969.00
19,2026-07-29,31,30969.00
19,2026-07-30,31,30969.00
19,2026-07-31,31,30969.00
19,2026-08-01,32,31968.00
19,2026-08-02,31,30969.00
19,2026-08-03,27,26973.00
19,2026-08-04,27,26973.00
19,2026-08-05,27,26973.00
19,2026-08-06,27,26973.00
19,2026-08-07,27,26973.00
19,2026-08-08,32,31968.00
19,2026-08-09,31,30969.00
19,2026-08-10,27,26973.00
19,2026-08-11,27,26973.00
19,2026-08-12,27,26973.00
19,2026-08-13,27,26973.00
19,2026-08-14,27,26973.00
19,2026-08-15,32,31968.00
19,2026-08-16,31,30969.00
19,2026-08-17,27,26973.00
19,2026-08-18,27,26973.00
19,2026-08-19,27,26973.00
19,2026-08-20,27,26973.00
19,2026-08-21,27,26973.00
19,2026-08-22,32,31968.00
19,2026-08-23,31,30969.00
19,2026-08-24,27,26973.00
19,2026-08-25,27,26973.00
19,2026-08-26,27,26973.00
19,2026-08-27,27,26973.00
19,2026-08-28,27,26973.00
19,2026-08-29,32,31968.00
19,2026-08-30,31,30969.00
19,2026-08-31,27,26973.00
19,2026-09-01,27,26973.00
19,2026-09-02,27,26973.00
19,2026-09-03,27,26973.00
19,2026-09-04,27,26973.00
19,2026-09-05,32,31968.00
19,2026-09-06,31,30969.00
19,2026-09-07,27,26973.00
19,2026-09-08,27,26973.00
19,2026-09-09,27,26973.00
19,2026-09-10,27,26973.00
19,2026-09-11,27,26973.00
19,2026-09-12,32,31968.00
19,2026-09-13,31,30969.00
19,2026-09-14,27,26973.00
19,2026-09-15,27,26973.00
19,2026-09-16,27,26973.00
19,2026-09-17,27,26973.00
19,2026-09-18,27,26973.00
19,2026-09-19,32,31968.00
19,2026-09-20,31,30969.00
19,2026-09-21,27,26973.00
19,2026-09-22,27,26973.00
19,2026-09-23,27,26973.00
19,2026-09-24,27,26973.00
19,2026-09-25,27,26973.00
19,2026-09-26,32,31968.00
19,2026-09-27,31,30969.00
19,2026-09-28,27,26973.00
19,2026-09-29,27,26973.00
20,2025-09-30,17,22083.00
20,2025-10-01,21,27279.00
20,2025-10-02,21,27279.00
20,2025-10-03,21,27279.00
20,2025-10-04,26,33774.00
20,2025-10-05,25,32475.00
20,2025-10-06,21,27279.00
20,2025-10-07,21,27279.00
20,2025-10-08,21,27279.00
20,2025-10-09,21,27279.00
20,2025-10-10,21,27279.00
20,2025-10-11,26,33774.00
20,2025-10-12,25,32475.00
20,2025-10-13,21,27279.00
20,2025-10-14,21,27279.00
20,2025-10-15,21,27279.00
20,2025-10-16,21,27279.00
20,2025-10-17,21,27279.00
20,2025-10-18,26,33774.00
20,2025-10-19,25,32475.00
20,2025-10-20,21,27279.00
20,2025-10-21,21,27279.00
20,2025-10-22,21,27279.00
20,2025-10-23,21,27279.00
20,2025-10-24,21,27279.00
20,2025-10-25,26,33774.00
20,2025-10-26,25,32475.00
20,2025-10-27,21,27279.00
20,2025-10-28,21,27279.00
20,2025-10-29,21,27279.00
20,2025-10-30,21,27279.00
20,2025-10-31,21,27279.00
20,2025-11-01,26,33774.00
20,2025-11-02,25,32475.00
20,2025-11-03,21,27279.00
20,2025-11-04,21,27279.00
20,2025-11-05,21,27279.00
20,2025-11-06,21,27279.00
20,2025-11-07,21,27279.00
20,2025-11-08,26,33774.00
20,2025-11-09,25,32475.00
20,2025-11-10,21,27279.00
20,2025-11-11,21,27279.00
20,2025-11-12,21,27279.00
20,2025-11-13,21,27279.00
20,2025-11-14,21,27279.00
20,2025-11-15,26,33774.00
20,2025-11-16,25,32475.00
20,2025-11-17,21,27279.00
20,2025-11-18,21,27279.00
20,2025-11-19,21,27279.00
20,2025-11-20,21,27279.00
20,2025-11-21,21,27279.00
20,2025-11-22,26,33774.00
20,2025-11-23,25,32475.00
20,2025-11-24,21,27279.00
20,2025-11-25,21,27279.00
20,2025-11-26,21,27279.00
20,2025-11-27,21,27279.00
20,2025-11-28,21,27279.00
20,2025-11-29,26,33774.00
20,2025-11-30,25,32475.00
20,2025-12-01,17,22083.00
20,2025-12-02,17,22083.00
20,2025-12-03,17,22083.00
20,2025-12-04,17,22083.00
20,2025-12-05,17,22083.00
20,2025-12-06,20,25980.00
20,2025-12-07,20,25980.00
20,2025-12-08,17,22083.00
20,2025-12-09,17,22083.00
20,2025-12-10,17,22083.00
20,2025-12-11,17,22083.00
20,2025-12-12,17,22083.00
20,2025-12-13,20,25980.00
20,2025-12-14,20,25980.00
20,2025-12-15,17,22083.00
20,2025-12-16,17,22083.00
20,2025-12-17,17,22083.00
20,2025-12-18,17,22083.00
20,2025-12-19,17,22083.00
20,2025-12-20,20,25980.00
20,2025-12-21,20,25980.00
20,2025-12-22,17,22083.00
20,2025-12-23,17,22083.00
20,2025-12-24,17,22083.00
20,2025-12-25,17,22083.00
20,2025-12-26,17,22083.00
20,2025-12-27,20,25980.00
20,2025-12-28,20,25980.00
20,2025-12-29,17,22083.00
20,2025-12-30,17,22083.00
20,2025-12-31,17,22083.00
20,2026-01-01,17,22083.00
20,2026-01-02,17,22083.00
20,2026-01-03,20,25980.00
20,2026-01-04,20,25980.00
20,2026-01-05,17,22083.00
20,2026-01-06,17,22083.00
20,2026-01-07,17,22083.00
20,2026-01-08,17,22083.00
20,2026-01-09,17,22083.00
20,2026-01-10,20,25980.00
20,2026-01-11,20,25980.00
20,2026-01-12,17,22083.00
20,2026-01-13,17,22083.00
20,2026-01-14,17,22083.00
20,2026-01-15,17,22083.00
20,2026-01-16,17,22083.00
20,2026-01-17,20,25980.00
20,2026-01-18,20,25980.00
20,2026-01-19,17,22083.00
20,2026-01-20,17,22083.00
20,2026-01-21,17,22083.00
20,2026-01-22,17,22083.00
20,2026-01-23,17,22083.00
20,2026-01-24,20,25980.00
20,2026-01-25,20,25980.00
20,2026-01-26,17,22083.00
20,2026-01-27,17,22083.00
20,2026-01-28,17,22083.00
20,2026-01-29,17,22083.00
20,2026-01-30,17,22083.00
20,2026-01-31,20,25980.00
20,2026-02-01,20,25980.00
20,2026-02-02,17,22083.00
20,2026-02-03,17,22083.00
20,2026-02-04,17,22083.00
20,2026-02-05,17,22083.00
20,2026-02-06,17,22083.00
20,2026-02-07,20,25980.00
20,2026-02-08,20,25980.00
20,2026-02-09,17,22083.00
20,2026-02-10,17,22083.00
20,2026-02-11,17,22083.00
20,2026-02-12,17,22083.00
20,2026-02-13,17,22083.00
20,2026-02-14,20,25980.00
20,2026-02-15,20,25980.00
20,2026-02-16,17,22083.00
20,2026-02-17,17,22083.00
20,2026-02-18,17,22083.00
20,2026-02-19,17,22083.00
20,2026-02-20,17,22083.00
20,2026-02-21,20,25980.00
20,2026-02-22,20,25980.00
20,2026-02-23,17,22083.00
20,2026-02-24,17,22083.00
20,2026-02-25,17,22083.00
20,2026-02-26,17,22083.00
20,2026-02-27,17,22083.00
20,2026-02-28,20,25980.00
20,2026-03-01,20,25980.00
20,2026-03-02,17,22083.00
20,2026-03-03,17,22083.00
20,2026-03-04,17,22083.00
20,2026-03-05,17,22083.00
20,2026-03-06,17,22083.00
20,2026-03-07,20,25980.00
20,2026-03-08,20,25980.00
20,2026-03-09,17,22083.00
20,2026-03-10,17,22083.00
20,2026-03-11,17,22083.00
20,2026-03-12,17,22083.00
20,2026-03-13,17,22083.00
20,2026-03-14,20,25980.00
20,2026-03-15,20,25980.00
20,2026-03-16,17,22083.00
20,2026-03-17,17,22083.00
20,2026-03-18,17,22083.00
20,2026-03-19,17,22083.00
20,2026-03-20,17,22083.00
20,2026-03-21,20,25980.00
20,2026-03-22,20,25980.00
20,2026-03-23,17,22083.00
20,2026-03-24,17,22083.00
20,2026-03-25,17,22083.00
20,2026-03-26,17,22083.00
20,2026-03-27,17,22083.00
20,2026-03-28,20,25980.00
20,2026-03-29,20,25980.00
20,2026-03-30,17,22083.00
20,2026-03-31,17,22083.00
20,2026-04-01,17,22083.00
20,2026-04-02,17,22083.00
20,2026-04-03,17,22083.00
20,2026-04-04,20,25980.00
20,2026-04-05,20,25980.00
20,2026-04-06,17,22083.00
20,2026-04-07,17,22083.00
20,2026-04-08,17,22083.00
20,2026-04-09,17,22083.00
20,2026-04-10,17,22083.00
20,2026-04-11,20,25980.00
20,2026-04-12,20,25980.00
20,2026-04-13,17,22083.00
20,2026-04-14,17,22083.00
20,2026-04-15,17,22083.00
20,2026-04-16,17,22083.00
20,2026-04-17,17,22083.00
20,2026-04-18,20,25980.00
20,2026-04-19,20,25980.00
20,2026-04-20,17,22083.00
20,2026-04-21,17,22083.00
20,2026-04-22,17,22083.00
20,2026-04-23,17,22083.00
20,2026-04-24,17,22083.00
20,2026-04-25,20,25980.00
20,2026-04-26,20,25980.00
20,2026-04-27,17,22083.00
20,2026-04-28,17,22083.00
20,2026-04-29,17,22083.00
20,2026-04-30,17,22083.00
20,2026-05-01,17,22083.00
20,2026-05-02,20,25980.00
20,2026-05-03,20,25980.00
20,2026-05-04,17,22083.00
20,2026-05-05,17,22083.00
20,2026-05-06,17,22083.00
20,2026-05-07,17,22083.00
20,2026-05-08,17,22083.00
20,2026-05-09,20,25980.00
20,2026-05-10,20,25980.00
20,2026-05-11,17,22083.00
20,2026-05-12,17,22083.00
20,2026-05-13,17,22083.00
20,2026-05-14,17,22083.00
20,2026-05-15,17,22083.00
20,2026-05-16,20,25980.00
20,2026-05-17,20,25980.00
20,2026-05-18,17,22083.00
20,2026-05-19,17,22083.00
20,2026-05-20,17,22083.00
20,2026-05-21,17,22083.00
20,2026-05-22,17,22083.00
20,2026-05-23,20,25980.00
20,2026-05-24,20,25980.00
20,2026-05-25,17,22083.00
20,2026-05-26,17,22083.00
20,2026-05-27,17,22083.00
20,2026-05-28,17,22083.00
20,2026-05-29,17,22083.00
20,2026-05-30,20,25980.00
20,2026-05-31,20,25980.00
20,2026-06-01,20,25980.00
20,2026-06-02,20,25980.00
20,2026-06-03,20,25980.00
20,2026-06-04,20,25980.00
20,2026-06-05,20,25980.00
20,2026-06-06,24,31176.00
20,2026-06-07,23,29877.00
20,2026-06-08,20,25980.00
20,2026-06-09,20,25980.00
20,2026-06-10,20,25980.00
20,2026-06-11,20,25980.00
20,2026-06-12,20,25980.00
20,2026-06-13,24,31176.00
20,2026-06-14,23,29877.00
20,2026-06-15,20,25980.00
20,2026-06-16,20,25980.00
20,2026-06-17,20,25980.00
20,2026-06-18,20,25980.00
20,2026-06-19,20,25980.00
20,2026-06-20,24,31176.00
20,2026-06-21,23,29877.00
20,2026-06-22,20,25980.00
20,2026-06-23,20,25980.00
20,2026-06-24,20,25980.00
20,2026-06-25,20,25980.00
20,2026-06-26,20,25980.00
20,2026-06-27,24,31176.00
20,2026-06-28,23,29877.00
20,2026-06-29,20,25980.00
20,2026-06-30,20,25980.00
20,2026-07-01,20,25980.00
20,2026-07-02,20,25980.00
20,2026-07-03,20,25980.00
20,2026-07-04,24,31176.00
20,2026-07-05,23,29877.00
20,2026-07-06,20,25980.00
20,2026-07-07,20,25980.00
20,2026-07-08,20,25980.00
20,2026-07-09,20,25980.00
20,2026-07-10,20,25980.00
20,2026-07-11,24,31176.00
20,2026-07-12,23,29877.00
20,2026-07-13,20,25980.00
20,2026-07-14,20,25980.00
20,2026-07-15,20,25980.00
20,2026-07-16,20,25980.00
20,2026-07-17,20,25980.00
20,2026-07-18,24,31176.00
20,2026-07-19,23,29877.00
20,2026-07-20,20,25980.00
20,2026-07-21,20,25980.00
20,2026-07-22,20,25980.00
20,2026-07-23,20,25980.00
20,2026-07-24,20,25980.00
20,2026-07-25,24,31176.00
20,2026-07-26,23,29877.00
20,2026-07-27,20,25980.00
20,2026-07-28,20,25980.00
20,2026-07-29,20,25980.00
20,2026-07-30,20,25980.00
20,2026-07-31,20,25980.00
20,2026-08-01,20,25980.00
20,2026-08-02,20,25980.00
20,2026-08-03,17,22083.00
20,2026-08-04,17,22083.00
20,2026-08-05,17,22083.00
20,2026-08-06,17,22083.00
20,2026-08-07,17,22083.00
20,2026-08-08,20,25980.00
20,2026-08-09,20,25980.00
20,2026-08-10,17,22083.00
20,2026-08-11,17,22083.00
20,2026-08-12,17,22083.00
20,2026-08-13,17,22083.00
20,2026-08-14,17,22083.00
20,2026-08-15,20,25980.00
20,2026-08-16,20,25980.00
20,2026-08-17,17,22083.00
20,2026-08-18,17,22083.00
20,2026-08-19,17,22083.00
20,2026-08-20,17,22083.00
20,2026-08-21,17,22083.00
20,2026-08-22,20,25980.00
20,2026-08-23,20,25980.00
20,2026-08-24,17,22083.00
20,2026-08-25,17,22083.00
20,2026-08-26,17,22083.00
20,2026-08-27,17,22083.00
20,2026-08-28,17,22083.00
20,2026-08-29,20,25980.00
20,2026-08-30,20,25980.00
20,2026-08-31,17,22083.00
20,2026-09-01,17,22083.00
20,2026-09-02,17,22083.00
20,2026-09-03,17,22083.00
20,2026-09-04,17,22083.00
20,2026-09-05,20,25980.00
20,2026-09-06,20,25980.00
20,2026-09-07,17,22083.00
20,2026-09-08,17,22083.00
20,2026-09-09,17,22083.00
20,2026-09-10,17,22083.00
20,2026-09-11,17,22083.00
20,2026-09-12,20,25980.00
20,2026-09-13,20,25980.00
20,2026-09-14,17,22083.00
20,2026-09-15,17,22083.00
20,2026-09-16,17,22083.00
20,2026-09-17,17,22083.00
20,2026-09-18,17,22083.00
20,2026-09-19,20,25980.00
20,2026-09-20,20,25980.00
20,2026-09-21,17,22083.00
20,2026-09-22,17,22083.00
20,2026-09-23,17,22083.00
20,2026-09-24,17,22083.00
20,2026-09-25,17,22083.00
20,2026-09-26,20,25980.00
20,2026-09-27,20,25980.00
20,2026-09-28,17,22083.00
20,2026-09-29,17,22083.00
21,2025-09-30,4,235996.00
21,2025-10-01,5,294995.00
21,2025-10-02,5,294995.00
21,2025-10-03,5,294995.00
21,2025-10-04,6,353994.00
21,2025-10-05,6,353994.00
21,2025-10-06,5,294995.00
21,2025-10-07,5,294995.00
21,2025-10-08,5,294995.00
21,2025-10-09,5,294995.00
21,2025-10-10,5,294995.00
21,2025-10-11,6,353994.00
21,2025-10-12,6,353994.00
21,2025-10-13,5,294995.00
21,2025-10-14,5,294995.00
21,2025-10-15,5,294995.00
21,2025-10-16,5,294995.00
21,2025-10-17,5,294995.00
21,2025-10-18,6,353994.00
21,2025-10-19,6,353994.00
21,2025-10-20,5,294995.00
21,2025-10-21,5,294995.00
21,2025-10-22,5,294995.00
21,2025-10-23,5,294995.00
21,2025-10-24,5,294995.00
21,2025-10-25,6,353994.00
21,2025-10-26,6,353994.00
21,2025-10-27,5,294995.00
21,2025-10-28,5,294995.00
21,2025-10-29,5,294995.00
21,2025-10-30,5,294995.00
21,2025-10-31,5,294995.00
21,2025-11-01,6,353994.00
21,2025-11-02,6,353994.00
21,2025-11-03,5,294995.00
21,2025-11-04,5,294995.00
21,2025-11-05,5,294995.00
21,2025-11-06,5,294995.00
21,2025-11-07,5,294995.00
21,2025-11-08,6,353994.00
21,2025-11-09,6,353994.00
21,2025-11-10,5,294995.00
21,2025-11-11,5,294995.00
21,2025-11-12,5,294995.00
21,2025-11-13,5,294995.00
21,2025-11-14,5,294995.00
21,2025-11-15,6,353994.00
21,2025-11-16,6,353994.00
21,2025-11-17,5,294995.00
21,2025-11-18,5,294995.00
21,2025-11-19,5,294995.00
21,2025-11-20,5,294995.00
21,2025-11-21,5,294995.00
21,2025-11-22,6,353994.00
21,2025-11-23,6,353994.00
21,2025-11-24,5,294995.00
21,2025-11-25,5,294995.00
21,2025-11-26,5,294995.00
21,2025-11-27,5,294995.00
21,2025-11-28,5,294995.00
21,2025-11-29,6,353994.00
21,2025-11-30,6,353994.00
21,2025-12-01,4,235996.00
21,2025-12-02,4,235996.00
21,2025-12-03,4,235996.00
21,2025-12-04,4,235996.00
21,2025-12-05,4,235996.00
21,2025-12-06,5,294995.00
21,2025-12-07,5,294995.00
21,2025-12-08,4,235996.00
21,2025-12-09,4,235996.00
21,2025-12-10,4,235996.00
21,2025-12-11,4,235996.00
21,2025-12-12,4,235996.00
21,2025-12-13,5,294995.00
21,2025-12-14,5,294995.00
21,2025-12-15,4,235996.00
21,2025-12-16,4,235996.00
21,2025-12-17,4,235996.00
21,2025-12-18,4,235996.00
21,2025-12-19,4,235996.00
21,2025-12-20,5,294995.00
21,2025-12-21,5,294995.00
21,2025-12-22,4,235996.00
21,2025-12-23,4,235996.00
21,2025-12-24,4,235996.00
21,2025-12-25,4,235996.00
21,2025-12-26,4,235996.00
21,2025-12-27,5,294995.00
21,2025-12-28,5,294995.00
21,2025-12-29,4,235996.00
21,2025-12-30,4,235996.00
21,2025-12-31,4,235996.00
21,2026-01-01,4,235996.00
21,2026-01-02,4,235996.00
21,2026-01-03,5,294995.00
21,2026-01-04,5,294995.00
21,2026-01-05,4,235996.00
21,2026-01-06,4,235996.00
21,2026-01-07,4,235996.00
21,2026-01-08,4,235996.00
21,2026-01-09,4,235996.00
21,2026-01-10,5,294995.00
21,2026-01-11,5,294995.00
21,2026-01-12,4,235996.00
21,2026-01-13,4,235996.00
21,2026-01-14,4,235996.00
21,2026-01-15,4,235996.00
21,2026-01-16,4,235996.00
21,2026-01-17,5,294995.00
21,2026-01-18,5,294995.00
21,2026-01-19,4,235996.00
21,2026-01-20,4,235996.00
21,2026-01-21,4,235996.00
21,2026-01-22,4,235996.00
21,2026-01-23,4,235996.00
21,2026-01-24,5,294995.00
21,2026-01-25,5,294995.00
21,2026-01-26,4,235996.00
21,2026-01-27,4,235996.00
21,2026-01-28,4,235996.00
21,2026-01-29,4,235996.00
21,2026-01-30,4,235996.00
21,2026-01-31,5,294995.00
21,2026-02-01,5,294995.00
21,2026-02-02,4,235996.00
21,2026-02-03,4,235996.00
21,2026-02-04,4,235996.00
21,2026-02-05,4,235996.00
21,2026-02-06,4,235996.00
21,2026-02-07,5,294995.00
21,2026-02-08,5,294995.00
21,2026-02-09,4,235996.00
21,2026-02-10,4,235996.00
21,2026-02-11,4,235996.00
21,2026-02-12,4,235996.00
21,2026-02-13,4,235996.00
21,2026-02-14,5,294995.00
21,2026-02-15,5,294995.00
21,2026-02-16,4,235996.00
21,2026-02-17,4,235996.00
21,2026-02-18,4,235996.00
21,2026-02-19,4,235996.00
21,2026-02-20,4,235996.00
21,2026-02-21,5,294995.00
21,2026-02-22,5,294995.00
21,2026-02-23,4,235996.00
21,2026-02-24,4,235996.00
21,2026-02-25,4,235996.00
21,2026-02-26,4,235996.00
21,2026-02-27,4,235996.00
21,2026-02-28,5,294995.00
21,2026-03-01,5,294995.00
21,2026-03-02,4,235996.00
21,2026-03-03,4,235996.00
21,2026-03-04,4,235996.00
21,2026-03-05,4,235996.00
21,2026-03-06,4,235996.00
21,2026-03-07,5,294995.00
21,2026-03-08,5,294995.00
21,2026-03-09,4,235996.00
21,2026-03-10,4,235996.00
21,2026-03-11,4,235996.00
21,2026-03-12,4,235996.00
21,2026-03-13,4,235996.00
21,2026-03-14,5,294995.00
21,2026-03-15,5,294995.00
21,2026-03-16,4,235996.00
21,2026-03-17,4,235996.00
21,2026-03-18,4,235996.00
21,2026-03-19,4,235996.00
21,2026-03-20,4,235996.00
21,2026-03-21,5,294995.00
21,2026-03-22,5,294995.00
21,2026-03-23,4,235996.00
21,2026-03-24,4,235996.00
21,2026-03-25,4,235996.00
21,2026-03-26,4,235996.00
21,2026-03-27,4,235996.00
21,2026-03-28,5,294995.00
21,2026-03-29,5,294995.00
21,2026-03-30,4,235996.00
21,2026-03-31,4,235996.00
21,2026-04-01,4,235996.00
21,2026-04-02,4,235996.00
21,2026-04-03,4,235996.00
21,2026-04-04,5,294995.00
21,2026-04-05,5,294995.00
21,2026-04-06,4,235996.00
21,2026-04-07,4,235996.00
21,2026-04-08,4,235996.00
21,2026-04-09,4,235996.00
21,2026-04-10,4,235996.00
21,2026-04-11,5,294995.00
21,2026-04-12,5,294995.00
21,2026-04-13,4,235996.00
21,2026-04-14,4,235996.00
21,2026-04-15,4,235996.00
21,2026-04-16,4,235996.00
21,2026-04-17,4,235996.00
21,2026-04-18,5,294995.00
21,2026-04-19,5,294995.00
21,2026-04-20,4,235996.00
21,2026-04-21,4,235996.00
21,2026-04-22,4,235996.00
21,2026-04-23,4,235996.00
21,2026-04-24,4,235996.00
21,2026-04-25,5,294995.00
21,2026-04-26,5,294995.00
21,2026-04-27,4,235996.00
21,2026-04-28,4,235996.00
21,2026-04-29,4,235996.00
21,2026-04-30,4,235996.00
21,2026-05-01,4,235996.00
21,2026-05-02,5,294995.00
21,2026-05-03,5,294995.00
21,2026-05-04,4,235996.00
21,2026-05-05,4,235996.00
21,2026-05-06,4,235996.00
21,2026-05-07,4,235996.00
21,2026-05-08,4,235996.00
21,2026-05-09,5,294995.00
21,2026-05-10,5,294995.00
21,2026-05-11,4,235996.00
21,2026-05-12,4,235996.00
21,2026-05-13,4,235996.00
21,2026-05-14,4,235996.00
21,2026-05-15,4,235996.00
21,2026-05-16,5,294995.00
21,2026-05-17,5,294995.00
21,2026-05-18,4,235996.00
21,2026-05-19,4,235996.00
21,2026-05-20,4,235996.00
21,2026-05-21,4,235996.00
21,2026-05-22,4,235996.00
21,2026-05-23,5,294995.00
21,2026-05-24,5,294995.00
21,2026-05-25,4,235996.00
21,2026-05-26,4,235996.00
21,2026-05-27,4,235996.00
21,2026-05-28,4,235996.00
21,2026-05-29,4,235996.00
21,2026-05-30,5,294995.00
21,2026-05-31,5,294995.00
21,2026-06-01,5,294995.00
21,2026-06-02,5,294995.00
21,2026-06-03,5,294995.00
21,2026-06-04,5,294995.00
21,2026-06-05,5,294995.00
21,2026-06-06,6,353994.00
21,2026-06-07,5,294995.00
21,2026-06-08,5,294995.00
21,2026-06-09,5,294995.00
21,2026-06-10,5,294995.00
21,2026-06-11,5,294995.00
21,2026-06-12,5,294995.00
21,2026-06-13,6,353994.00
21,2026-06-14,5,294995.00
21,2026-06-15,5,294995.00
21,2026-06-16,5,294995.00
21,2026-06-17,5,294995.00
21,2026-06-18,5,294995.00
21,2026-06-19,5,294995.00
21,2026-06-20,6,353994.00
21,2026-06-21,5,294995.00
21,2026-06-22,5,294995.00
21,2026-06-23,5,294995.00
21,2026-06-24,5,294995.00
21,2026-06-25,5,294995.00
21,2026-06-26,5,294995.00
21,2026-06-27,6,353994.00
21,2026-06-28,5,294995.00
21,2026-06-29,5,294995.00
21,2026-06-30,5,294995.00
21,2026-07-01,5,294995.00
21,2026-07-02,5,294995.00
21,2026-07-03,5,294995.00
21,2026-07-04,6,353994.00
21,2026-07-05,5,294995.00
21,2026-07-06,5,294995.00
21,2026-07-07,5,294995.00
21,2026-07-08,5,294995.00
21,2026-07-09,5,294995.00
21,2026-07-10,5,294995.00
21,2026-07-11,6,353994.00
21,2026-07-12,5,294995.00
21,2026-07-13,5,294995.00
21,2026-07-14,5,294995.00
21,2026-07-15,5,294995.00
21,2026-07-16,5,294995.00
21,2026-07-17,5,294995.00
21,2026-07-18,6,353994.00
21,2026-07-19,5,294995.00
21,2026-07-20,5,294995.00
21,2026-07-21,5,294995.00
21,2026-07-22,5,294995.00
21,2026-07-23,5,294995.00
21,2026-07-24,5,294995.00
21,2026-07-25,6,353994.00
21,2026-07-26,5,294995.00
21,2026-07-27,5,294995.00
21,2026-07-28,5,294995.00
21,2026-07-29,5,294995.00
21,2026-07-30,5,294995.00
21,2026-07-31,5,294995.00
21,2026-08-01,5,294995.00
21,2026-08-02,5,294995.00
21,2026-08-03,4,235996.00
21,2026-08-04,4,235996.00
21,2026-08-05,4,235996.00
21,2026-08-06,4,235996.00
21,2026-08-07,4,235996.00
21,2026-08-08,5,294995.00
21,2026-08-09,5,294995.00
21,2026-08-10,4,235996.00
21,2026-08-11,4,235996.00
21,2026-08-12,4,235996.00
21,2026-08-13,4,235996.00
21,2026-08-14,4,235996.00
21,2026-08-15,5,294995.00
21,2026-08-16,5,294995.00
21,2026-08-17,4,235996.00
21,2026-08-18,4,235996.00
21,2026-08-19,4,235996.00
21,2026-08-20,4,235996.00
21,2026-08-21,4,235996.00
21,2026-08-22,5,294995.00
21,2026-08-23,5,294995.00
21,2026-08-24,4,235996.00
21,2026-08-25,4,235996.00
21,2026-08-26,4,235996.00
21,2026-08-27,4,235996.00
21,2026-08-28,4,235996.00
21,2026-08-29,5,294995.00
21,2026-08-30,5,294995.00
21,2026-08-31,4,235996.00
21,2026-09-01,4,235996.00
21,2026-09-02,4,235996.00
21,2026-09-03,4,235996.00
21,2026-09-04,4,235996.00
21,2026-09-05,5,294995.00
21,2026-09-06,5,294995.00
21,2026-09-07,4,235996.00
21,2026-09-08,4,235996.00
21,2026-09-09,4,235996.00
21,2026-09-10,4,235996.00
21,2026-09-11,4,235996.00
21,2026-09-12,5,294995.00
21,2026-09-13,5,294995.00
21,2026-09-14,4,235996.00
21,2026-09-15,4,235996.00
21,2026-09-16,4,235996.00
21,2026-09-17,4,235996.00
21,2026-09-18,4,235996.00
21,2026-09-19,5,294995.00
21,2026-09-20,5,294995.00
21,2026-09-21,4,235996.00
21,2026-09-22,4,235996.00
21,2026-09-23,4,235996.00
21,2026-09-24,4,235996.00
21,2026-09-25,4,235996.00
21,2026-09-26,5,294995.00
21,2026-09-27,5,294995.00
21,2026-09-28,4,235996.00
21,2026-09-29,4,235996.00
22,2025-09-30,5,574995.00
22,2025-10-01,7,804993.00
22,2025-10-02,7,804993.00
22,2025-10-03,7,804993.00
22,2025-10-04,8,919992.00
22,2025-10-05,8,919992.00
22,2025-10-06,7,804993.00
22,2025-10-07,7,804993.00
22,2025-10-08,7,804993.00
22,2025-10-09,7,804993.00
22,2025-10-10,7,804993.00
22,2025-10-11,8,919992.00
22,2025-10-12,8,919992.00
22,2025-10-13,7,804993.00
22,2025-10-14,7,804993.00
22,2025-10-15,7,804993.00
22,2025-10-16,7,804993.00
22,2025-10-17,7,804993.00
22,2025-10-18,8,919992.00
22,2025-10-19,8,919992.00
22,2025-10-20,7,804993.00
22,2025-10-21,7,804993.00
22,2025-10-22,7,804993.00
22,2025-10-23,7,804993.00
22,2025-10-24,7,804993.00
22,2025-10-25,8,919992.00
22,2025-10-26,8,919992.00
22,2025-10-27,7,804993.00
22,2025-10-28,7,804993.00
22,2025-10-29,7,804993.00
22,2025-10-30,7,804993.00
22,2025-10-31,7,804993.00
22,2025-11-01,8,919992.00
22,2025-11-02,8,919992.00
22,2025-11-03,7,804993.00
22,2025-11-04,7,804993.00
22,2025-11-05,7,804993.00
22,2025-11-06,7,804993.00
22,2025-11-07,7,804993.00
22,2025-11-08,8,919992.00
22,2025-11-09,8,919992.00
22,2025-11-10,7,804993.00
22,2025-11-11,7,804993.00
22,2025-11-12,7,804993.00
22,2025-11-13,7,804993.00
22,2025-11-14,7,804993.00
22,2025-11-15,8,919992.00
22,2025-11-16,8,919992.00
22,2025-11-17,7,804993.00
22,2025-11-18,7,804993.00
22,2025-11-19,7,804993.00
22,2025-11-20,7,804993.00
22,2025-11-21,7,804993.00
22,2025-11-22,8,919992.00
22,2025-11-23,8,919992.00
22,2025-11-24,7,804993.00
22,2025-11-25,7,804993.00
22,2025-11-26,7,804993.00
22,2025-11-27,7,804993.00
22,2025-11-28,7,804993.00
22,2025-11-29,8,919992.00
22,2025-11-30,8,919992.00
22,2025-12-01,5,574995.00
22,2025-12-02,5,574995.00
22,2025-12-03,5,574995.00
22,2025-12-04,5,574995.00
22,2025-12-05,5,574995.00
22,2025-12-06,6,689994.00
22,2025-12-07,6,689994.00
22,2025-12-08,5,574995.00
22,2025-12-09,5,574995.00
22,2025-12-10,5,574995.00
22,2025-12-11,5,574995.00
22,2025-12-12,5,574995.00
22,2025-12-13,6,689994.00
22,2025-12-14,6,689994.00
22,2025-12-15,5,574995.00
22,2025-12-16,5,574995.00
22,2025-12-17,5,574995.00
22,2025-12-18,5,574995.00
22,2025-12-19,5,574995.00
22,2025-12-20,6,689994.00
22,2025-12-21,6,689994.00
22,2025-12-22,5,574995.00
22,2025-12-23,5,574995.00
22,2025-12-24,5,574995.00
22,2025-12-25,5,574995.00
22,2025-12-26,5,574995.00
22,2025-12-27,6,689994.00
22,2025-12-28,6,689994.00
22,2025-12-29,5,574995.00
22,2025-12-30,5,574995.00
22,2025-12-31,5,574995.00
22,2026-01-01,5,574995.00
22,2026-01-02,5,574995.00
22,2026-01-03,6,689994.00
22,2026-01-04,6,689994.00
22,2026-01-05,5,574995.00
22,2026-01-06,5,574995.00
22,2026-01-07,5,574995.00
22,2026-01-08,5,574995.00
22,2026-01-09,5,574995.00
22,2026-01-10,6,689994.00
22,2026-01-11,6,689994.00
22,2026-01-12,5,574995.00
22,2026-01-13,5,574995.00
22,2026-01-14,5,574995.00
22,2026-01-15,5,574995.00
22,2026-01-16,5,574995.00
22,2026-01-17,6,689994.00
22,2026-01-18,6,689994.00
22,2026-01-19,5,574995.00
22,2026-01-20,5,574995.00
22,2026-01-21,5,574995.00
22,2026-01-22,5,574995.00
22,2026-01-23,5,574995.00
22,2026-01-24,6,689994.00
22,2026-01-25,6,689994.00
22,2026-01-26,5,574995.00
22,2026-01-27,5,574995.00
22,2026-01-28,5,574995.00
22,2026-01-29,5,574995.00
22,2026-01-30,5,574995.00
22,2026-01-31,6,689994.00
22,2026-02-01,6,689994.00
22,2026-02-02,5,574995.00
22,2026-02-03,5,574995.00
22,2026-02-04,5,574995.00
22,2026-02-05,5,574995.00
22,2026-02-06,5,574995.00
22,2026-02-07,6,689994.00
22,2026-02-08,6,689994.00
22,2026-02-09,5,574995.00
22,2026-02-10,5,574995.00
22,2026-02-11,5,574995.00
22,2026-02-12,5,574995.00
22,2026-02-13,5,574995.00
22,2026-02-14,6,689994.00
22,2026-02-15,6,689994.00
22,2026-02-16,5,574995.00
22,2026-02-17,5,574995.00
22,2026-02-18,5,574995.00
22,2026-02-19,5,574995.00
22,2026-02-20,5,574995.00
22,2026-02-21,6,689994.00
22,2026-02-22,6,689994.00
22,2026-02-23,5,574995.00
22,2026-02-24,5,574995.00
22,2026-02-25,5,574995.00
22,2026-02-26,5,574995.00
22,2026-02-27,5,574995.00
22,2026-02-28,6,689994.00
22,2026-03-01,6,689994.00
22,2026-03-02,5,574995.00
22,2026-03-03,5,574995.00
22,2026-03-04,5,574995.00
22,2026-03-05,5,574995.00
22,2026-03-06,5,574995.00
22,2026-03-07,6,689994.00
22,2026-03-08,6,689994.00
22,2026-03-09,5,574995.00
22,2026-03-10,5,574995.00
22,2026-03-11,5,574995.00
22,2026-03-12,5,574995.00
22,2026-03-13,5,574995.00
22,2026-03-14,6,689994.00
22,2026-03-15,6,689994.00
22,2026-03-16,5,574995.00
22,2026-03-17,5,574995.00
22,2026-03-18,5,574995.00
22,2026-03-19,5,574995.00
22,2026-03-20,5,574995.00
22,2026-03-21,6,689994.00
22,2026-03-22,6,689994.00
22,2026-03-23,5,574995.00
22,2026-03-24,5,574995.00
22,2026-03-25,5,574995.00
22,2026-03-26,5,574995.00
22,2026-03-27,5,574995.00
22,2026-03-28,6,689994.00
22,2026-03-29,6,689994.00
22,2026-03-30,5,574995.00
22,2026-03-31,5,574995.00
22,2026-04-01,5,574995.00
22,2026-04-02,5,574995.00
22,2026-04-03,5,574995.00
22,2026-04-04,6,689994.00
22,2026-04-05,6,689994.00
22,2026-04-06,5,574995.00
22,2026-04-07,5,574995.00
22,2026-04-08,5,574995.00
22,2026-04-09,5,574995.00
22,2026-04-10,5,574995.00
22,2026-04-11,6,689994.00
22,2026-04-12,6,689994.00
22,2026-04-13,5,574995.00
22,2026-04-14,5,574995.00
22,2026-04-15,5,574995.00
22,2026-04-16,5,574995.00
22,2026-04-17,5,574995.00
22,2026-04-18,6,689994.00
22,2026-04-19,6,689994.00
22,2026-04-20,5,574995.00
22,2026-04-21,5,574995.00
22,2026-04-22,5,574995.00
22,2026-04-23,5,574995.00
22,2026-04-24,5,574995.00
22,2026-04-25,6,689994.00
22,2026-04-26,6,689994.00
22,2026-04-27,5,574995.00
22,2026-04-28,5,574995.00
22,2026-04-29,5,574995.00
22,2026-04-30,5,574995.00
22,2026-05-01,5,574995.00
22,2026-05-02,6,689994.00
22,2026-05-03,6,689994.00
22,2026-05-04,5,574995.00
22,2026-05-05,5,574995.00
22,2026-05-06,5,574995.00
22,2026-05-07,5,574995.00
22,2026-05-08,5,574995.00
22,2026-05-09,6,689994.00
22,2026-05-10,6,689994.00
22,2026-05-11,5,574995.00
22,2026-05-12,5,574995.00
22,2026-05-13,5,574995.00
22,2026-05-14,5,574995.00
22,2026-05-15,5,574995.00
22,2026-05-16,6,689994.00
22,2026-05-17,6,689994.00
22,2026-05-18,5,574995.00
22,2026-05-19,5,574995.00
22,2026-05-20,5,574995.00
22,2026-05-21,5,574995.00
22,2026-05-22,5,574995.00
22,2026-05-23,6,689994.00
22,2026-05-24,6,689994.00
22,2026-05-25,5,574995.00
22,2026-05-26,5,574995.00
22,2026-05-27,5,574995.00
22,2026-05-28,5,574995.00
22,2026-05-29,5,574995.00
22,2026-05-30,6,689994.00
22,2026-05-31,6,689994.00
22,2026-06-01,6,689994.00
22,2026-06-02,6,689994.00
22,2026-06-03,6,689994.00
22,2026-06-04,6,689994.00
22,2026-06-05,6,689994.00
22,2026-06-06,7,804993.00
22,2026-06-07,7,804993.00
22,2026-06-08,6,689994.00
22,2026-06-09,6,689994.00
22,2026-06-10,6,689994.00
22,2026-06-11,6,689994.00
22,2026-06-12,6,689994.00
22,2026-06-13,7,804993.00
22,2026-06-14,7,804993.00
22,2026-06-15,6,689994.00
22,2026-06-16,6,689994.00
22,2026-06-17,6,689994.00
22,2026-06-18,6,689994.00
22,2026-06-19,6,689994.00
22,2026-06-20,7,804993.00
22,2026-06-21,7,804993.00
22,2026-06-22,6,689994.00
22,2026-06-23,6,689994.00
22,2026-06-24,6,689994.00
22,2026-06-25,6,689994.00
22,2026-06-26,6,689994.00
22,2026-06-27,7,804993.00
22,2026-06-28,7,804993.00
22,2026-06-29,6,689994.00
22,2026-06-30,6,689994.00
22,2026-07-01,6,689994.00
22,2026-07-02,6,689994.00
22,2026-07-03,6,689994.00
22,2026-07-04,7,804993.00
22,2026-07-05,7,804993.00
22,2026-07-06,6,689994.00
22,2026-07-07,6,689994.00
22,2026-07-08,6,689994.00
22,2026-07-09,6,689994.00
22,2026-07-10,6,689994.00
22,2026-07-11,7,804993.00
22,2026-07-12,7,804993.00
22,2026-07-13,6,689994.00
22,2026-07-14,6,689994.00
22,2026-07-15,6,689994.00
22,2026-07-16,6,689994.00
22,2026-07-17,6,689994.00
22,2026-07-18,7,804993.00
22,2026-07-19,7,804993.00
22,2026-07-20,6,689994.00
22,2026-07-21,6,689994.00
22,2026-07-22,6,689994.00
22,2026-07-23,6,689994.00
22,2026-07-24,6,689994.00
22,2026-07-25,7,804993.00
22,2026-07-26,7,804993.00
22,2026-07-27,6,689994.00
22,2026-07-28,6,689994.00
22,2026-07-29,6,689994.00
22,2026-07-30,6,689994.00
22,2026-07-31,6,689994.00
22,2026-08-01,6,689994.00
22,2026-08-02,6,689994.00
22,2026-08-03,5,574995.00
22,2026-08-04,5,574995.00
22,2026-08-05,5,574995.00
22,2026-08-06,5,574995.00
22,2026-08-07,5,574995.00
22,2026-08-08,6,689994.00
22,2026-08-09,6,689994.00
22,2026-08-10,5,574995.00
22,2026-08-11,5,574995.00
22,2026-08-12,5,574995.00
22,2026-08-13,5,574995.00
22,2026-08-14,5,574995.00
22,2026-08-15,6,689994.00
22,2026-08-16,6,689994.00
22,2026-08-17,5,574995.00
22,2026-08-18,5,574995.00
22,2026-08-19,5,574995.00
22,2026-08-20,5,574995.00
22,2026-08-21,5,574995.00
22,2026-08-22,6,689994.00
22,2026-08-23,6,689994.00
22,2026-08-24,5,574995.00
22,2026-08-25,5,574995.00
22,2026-08-26,5,574995.00
22,2026-08-27,5,574995.00
22,2026-08-28,5,574995.00
22,2026-08-29,6,689994.00
22,2026-08-30,6,689994.00
22,2026-08-31,5,574995.00
22,2026-09-01,5,574995.00
22,2026-09-02,5,574995.00
22,2026-09-03,5,574995.00
22,2026-09-04,5,574995.00
22,2026-09-05,6,689994.00
22,2026-09-06,6,689994.00
22,2026-09-07,5,574995.00
22,2026-09-08,5,574995.00
22,2026-09-09,5,574995.00
22,2026-09-10,5,574995.00
22,2026-09-11,5,574995.00
22,2026-09-12,6,689994.00
22,2026-09-13,6,689994.00
22,2026-09-14,5,574995.00
22,2026-09-15,5,574995.00
22,2026-09-16,5,574995.00
22,2026-09-17,5,574995.00
22,2026-09-18,5,574995.00
22,2026-09-19,6,689994.00
22,2026-09-20,6,689994.00
22,2026-09-21,5,574995.00
22,2026-09-22,5,574995.00
22,2026-09-23,5,574995.00
22,2026-09-24,5,574995.00
22,2026-09-25,5,574995.00
22,2026-09-26,6,689994.00
22,2026-09-27,6,689994.00
22,2026-09-28,5,574995.00
22,2026-09-29,5,574995.00
23,2025-09-30,4,79996.00
23,2025-10-01,5,99995.00
23,2025-10-02,5,99995.00
23,2025-10-03,5,99995.00
23,2025-10-04,6,119994.00
23,2025-10-05,6,119994.00
23,2025-10-06,5,99995.00
23,2025-10-07,5,99995.00
23,2025-10-08,5,99995.00
23,2025-10-09,5,99995.00
23,2025-10-10,5,99995.00
23,2025-10-11,6,119994.00
23,2025-10-12,6,119994.00
23,2025-10-13,5,99995.00
23,2025-10-14,5,99995.00
23,2025-10-15,5,99995.00
23,2025-10-16,5,99995.00
23,2025-10-17,5,99995.00
23,2025-10-18,6,119994.00
23,2025-10-19,6,119994.00
23,2025-10-20,5,99995.00
23,2025-10-21,5,99995.00
23,2025-10-22,5,99995.00
23,2025-10-23,5,99995.00
23,2025-10-24,5,99995.00
23,2025-10-25,6,119994.00
23,2025-10-26,6,119994.00
23,2025-10-27,5,99995.00
23,2025-10-28,5,99995.00
23,2025-10-29,5,99995.00
23,2025-10-30,5,99995.00
23,2025-10-31,5,99995.00
23,2025-11-01,6,119994.00
23,2025-11-02,6,119994.00
23,2025-11-03,5,99995.00
23,2025-11-04,5,99995.00
23,2025-11-05,5,99995.00
23,2025-11-06,5,99995.00
23,2025-11-07,5,99995.00
23,2025-11-08,6,119994.00
23,2025-11-09,6,119994.00
23,2025-11-10,5,99995.00
23,2025-11-11,5,99995.00
23,2025-11-12,5,99995.00
23,2025-11-13,5,99995.00
23,2025-11-14,5,99995.00
23,2025-11-15,6,119994.00
23,2025-11-16,6,119994.00
23,2025-11-17,5,99995.00
23,2025-11-18,5,99995.00
23,2025-11-19,5,99995.00
23,2025-11-20,5,99995.00
23,2025-11-21,5,99995.00
23,2025-11-22,6,119994.00
23,2025-11-23,6,119994.00
23,2025-11-24,5,99995.00
23,2025-11-25,5,99995.00
23,2025-11-26,5,99995.00
23,2025-11-27,5,99995.00
23,2025-11-28,5,99995.00
23,2025-11-29,6,119994.00
23,2025-11-30,6,119994.00
23,2025-12-01,4,79996.00
23,2025-12-02,4,79996.00
23,2025-12-03,4,79996.00
23,2025-12-04,4,79996.00
23,2025-12-05,4,79996.00
23,2025-12-06,5,99995.00
23,2025-12-07,5,99995.00
23,2025-12-08,4,79996.00
23,2025-12-09,4,79996.00
23,2025-12-10,4,79996.00
23,2025-12-11,4,79996.00
23,2025-12-12,4,79996.00
23,2025-12-13,5,99995.00
23,2025-12-14,5,99995.00
23,2025-12-15,4,79996.00
23,2025-12-16,4,79996.00
23,2025-12-17,4,79996.00
23,2025-12-18,4,79996.00
23,2025-12-19,4,79996.00
23,2025-12-20,5,99995.00
23,2025-12-21,5,99995.00
23,2025-12-22,4,79996.00
23,2025-12-23,4,79996.00
23,2025-12-24,4,79996.00
23,2025-12-25,4,79996.00
23,2025-12-26,4,79996.00
23,2025-12-27,5,99995.00
23,2025-12-28,5,99995.00
23,2025-12-29,4,79996.00
23,2025-12-30,4,79996.00
23,2025-12-31,4,79996.00
23,2026-01-01,4,79996.00
23,2026-01-02,4,79996.00
23,2026-01-03,5,99995.00
23,2026-01-04,5,99995.00
23,2026-01-05,4,79996.00
23,2026-01-06,4,79996.00
23,2026-01-07,4,79996.00
23,2026-01-08,4,79996.00
23,2026-01-09,4,79996.00
23,2026-01-10,5,99995.00
23,2026-01-11,5,99995.00
23,2026-01-12,4,79996.00
23,2026-01-13,4,79996.00
23,2026-01-14,4,79996.00
23,2026-01-15,4,79996.00
23,2026-01-16,4,79996.00
23,2026-01-17,5,99995.00
23,2026-01-18,5,99995.00
23,2026-01-19,4,79996.00
23,2026-01-20,4,79996.00
23,2026-01-21,4,79996.00
23,2026-01-22,4,79996.00
23,2026-01-23,4,79996.00
23,2026-01-24,5,99995.00
23,2026-01-25,5,99995.00
23,2026-01-26,4,79996.00
23,2026-01-27,4,79996.00
23,2026-01-28,4,79996.00
23,2026-01-29,4,79996.00
23,2026-01-30,4,79996.00
23,2026-01-31,5,99995.00
23,2026-02-01,5,99995.00
23,2026-02-02,4,79996.00
23,2026-02-03,4,79996.00
23,2026-02-04,4,79996.00
23,2026-02-05,4,79996.00
23,2026-02-06,4,79996.00
23,2026-02-07,5,99995.00
23,2026-02-08,5,99995.00
23,2026-02-09,4,79996.00
23,2026-02-10,4,79996.00
23,2026-02-11,4,79996.00
23,2026-02-12,4,79996.00
23,2026-02-13,4,79996.00
23,2026-02-14,5,99995.00
23,2026-02-15,5,99995.00
23,2026-02-16,4,79996.00
23,2026-02-17,4,79996.00
23,2026-02-18,4,79996.00
23,2026-02-19,4,79996.00
23,2026-02-20,4,79996.00
23,2026-02-21,5,99995.00
23,2026-02-22,5,99995.00
23,2026-02-23,4,79996.00
23,2026-02-24,4,79996.00
23,2026-02-25,4,79996.00
23,2026-02-26,4,79996.00
23,2026-02-27,4,79996.00
23,2026-02-28,5,99995.00
23,2026-03-01,5,99995.00
23,2026-03-02,4,79996.00
23,2026-03-03,4,79996.00
23,2026-03-04,4,79996.00
23,2026-03-05,4,79996.00
23,2026-03-06,4,79996.00
23,2026-03-07,5,99995.00
23,2026-03-08,5,99995.00
23,2026-03-09,4,79996.00
23,2026-03-10,4,79996.00
23,2026-03-11,4,79996.00
23,2026-03-12,4,79996.00
23,2026-03-13,4,79996.00
23,2026-03-14,5,99995.00
23,2026-03-15,5,99995.00
23,2026-03-16,4,79996.00
23,2026-03-17,4,79996.00
23,2026-03-18,4,79996.00
23,2026-03-19,4,79996.00
23,2026-03-20,4,79996.00
23,2026-03-21,5,99995.00
23,2026-03-22,5,99995.00
23,2026-03-23,4,79996.00
23,2026-03-24,4,79996.00
23,2026-03-25,4,79996.00
23,2026-03-26,4,79996.00
23,2026-03-27,4,79996.00
23,2026-03-28,5,99995.00
23,2026-03-29,5,99995.00
23,2026-03-30,4,79996.00
23,2026-03-31,4,79996.00
23,2026-04-01,4,79996.00
23,2026-04-02,4,79996.00
23,2026-04-03,4,79996.00
23,2026-04-04,5,99995.00
23,2026-04-05,5,99995.00
23,2026-04-06,4,79996.00
23,2026-04-07,4,79996.00
23,2026-04-08,4,79996.00
23,2026-04-09,4,79996.00
23,2026-04-10,4,79996.00
23,2026-04-11,5,99995.00
23,2026-04-12,5,99995.00
23,2026-04-13,4,79996.00
23,2026-04-14,4,79996.00
23,2026-04-15,4,79996.00
23,2026-04-16,4,79996.00
23,2026-04-17,4,79996.00
23,2026-04-18,5,99995.00
23,2026-04-19,5,99995.00
23,2026-04-20,4,79996.00
23,2026-04-21,4,79996.00
23,2026-04-22,4,79996.00
23,2026-04-23,4,79996.00
23,2026-04-24,4,79996.00
23,2026-04-25,5,99995.00
23,2026-04-26,5,99995.00
23,2026-04-27,4,79996.00
23,2026-04-28,4,79996.00
23,2026-04-29,4,79996.00
23,2026-04-30,4,79996.00
23,2026-05-01,4,79996.00
23,2026-05-02,5,99995.00
23,2026-05-03,5,99995.00
23,2026-05-04,4,79996.00
23,2026-05-05,4,79996.00
23,2026-05-06,4,79996.00
23,2026-05-07,4,79996.00
23,2026-05-08,4,79996.00
23,2026-05-09,5,99995.00
23,2026-05-10,5,99995.00
23,2026-05-11,4,79996.00
23,2026-05-12,4,79996.00
23,2026-05-13,4,79996.00
23,2026-05-14,4,79996.00
23,2026-05-15,4,79996.00
23,2026-05-16,5,99995.00
23,2026-05-17,5,99995.00
23,2026-05-18,4,79996.00
23,2026-05-19,4,79996.00
23,2026-05-20,4,79996.00
23,2026-05-21,4,79996.00
23,2026-05-22,4,79996.00
23,2026-05-23,5,99995.00
23,2026-05-24,5,99995.00
23,2026-05-25,4,79996.00
23,2026-05-26,4,79996.00
23,2026-05-27,4,79996.00
23,2026-05-28,4,79996.00
23,2026-05-29,4,79996.00
23,2026-05-30,5,99995.00
23,2026-05-31,5,99995.00
23,2026-06-01,4,79996.00
23,2026-06-02,4,79996.00
23,2026-06-03,4,79996.00
23,2026-06-04,4,79996.00
23,2026-06-05,4,79996.00
23,2026-06-06,5,99995.00
23,2026-06-07,5,99995.00
23,2026-06-08,4,79996.00
23,2026-06-09,4,79996.00
23,2026-06-10,4,79996.00
23,2026-06-11,4,79996.00
23,2026-06-12,4,79996.00
23,2026-06-13,5,99995.00
23,2026-06-14,5,99995.00
23,2026-06-15,4,79996.00
23,2026-06-16,4,79996.00
23,2026-06-17,4,79996.00
23,2026-06-18,4,79996.00
23,2026-06-19,4,79996.00
23,2026-06-20,5,99995.00
23,2026-06-21,5,99995.00
23,2026-06-22,4,79996.00
23,2026-06-23,4,79996.00
23,2026-06-24,4,79996.00
23,2026-06-25,4,79996.00
23,2026-06-26,4,79996.00
23,2026-06-27,5,99995.00
23,2026-06-28,5,99995.00
23,2026-06-29,4,79996.00
23,2026-06-30,4,79996.00
23,2026-07-01,4,79996.00
23,2026-07-02,4,79996.00
23,2026-07-03,4,79996.00
23,2026-07-04,5,99995.00
23,2026-07-05,5,99995.00
23,2026-07-06,4,79996.00
23,2026-07-07,4,79996.00
23,2026-07-08,4,79996.00
23,2026-07-09,4,79996.00
23,2026-07-10,4,79996.00
23,2026-07-11,5,99995.00
23,2026-07-12,5,99995.00
23,2026-07-13,4,79996.00
23,2026-07-14,4,79996.00
23,2026-07-15,4,79996.00
23,2026-07-16,4,79996.00
23,2026-07-17,4,79996.00
23,2026-07-18,5,99995.00
23,2026-07-19,5,99995.00
23,2026-07-20,4,79996.00
23,2026-07-21,4,79996.00
23,2026-07-22,4,79996.00
23,2026-07-23,4,79996.00
23,2026-07-24,4,79996.00
23,2026-07-25,5,99995.00
23,2026-07-26,5,99995.00
23,2026-07-27,4,79996.00
23,2026-07-28,4,79996.00
23,2026-07-29,4,79996.00
23,2026-07-30,4,79996.00
23,2026-07-31,4,79996.00
23,2026-08-01,5,99995.00
23,2026-08-02,5,99995.00
23,2026-08-03,4,79996.00
23,2026-08-04,4,79996.00
23,2026-08-05,4,79996.00
23,2026-08-06,4,79996.00
23,2026-08-07,4,79996.00
23,2026-08-08,5,99995.00
23,2026-08-09,5,99995.00
23,2026-08-10,4,79996.00
23,2026-08-11,4,79996.00
23,2026-08-12,4,79996.00
23,2026-08-13,4,79996.00
23,2026-08-14,4,79996.00
23,2026-08-15,5,99995.00
23,2026-08-16,5,99995.00
23,2026-08-17,4,79996.00
23,2026-08-18,4,79996.00
23,2026-08-19,4,79996.00
23,2026-08-20,4,79996.00
23,2026-08-21,4,79996.00
23,2026-08-22,5,99995.00
23,2026-08-23,5,99995.00
23,2026-08-24,4,79996.00
23,2026-08-25,4,79996.00
23,2026-08-26,4,79996.00
23,2026-08-27,4,79996.00
23,2026-08-28,4,79996.00
23,2026-08-29,5,99995.00
23,2026-08-30,5,99995.00
23,2026-08-31,4,79996.00
23,2026-09-01,4,79996.00
23,2026-09-02,4,79996.00
23,2026-09-03,4,79996.00
23,2026-09-04,4,79996.00
23,2026-09-05,5,99995.00
23,2026-09-06,5,99995.00
23,2026-09-07,4,79996.00
23,2026-09-08,4,79996.00
23,2026-09-09,4,79996.00
23,2026-09-10,4,79996.00
23,2026-09-11,4,79996.00
23,2026-09-12,5,99995.00
23,2026-09-13,5,99995.00
23,2026-09-14,4,79996.00
23,2026-09-15,4,79996.00
23,2026-09-16,4,79996.00
23,2026-09-17,4,79996.00
23,2026-09-18,4,79996.00
23,2026-09-19,5,99995.00
23,2026-09-20,5,99995.00
23,2026-09-21,4,79996.00
23,2026-09-22,4,79996.00
23,2026-09-23,4,79996.00
23,2026-09-24,4,79996.00
23,2026-09-25,4,79996.00
23,2026-09-26,5,99995.00
23,2026-09-27,5,99995.00
23,2026-09-28,4,79996.00
23,2026-09-29,4,79996.00
24,2025-09-30,16,23984.00
24,2025-10-01,20,29980.00
24,2025-10-02,20,29980.00
24,2025-10-03,20,29980.00
24,2025-10-04,23,34477.00
24,2025-10-05,22,32978.00
24,2025-10-06,20,29980.00
24,2025-10-07,20,29980.00
24,2025-10-08,20,29980.00
24,2025-10-09,20,29980.00
24,2025-10-10,20,29980.00
24,2025-10-11,23,34477.00
24,2025-10-12,22,32978.00
24,2025-10-13,20,29980.00
24,2025-10-14,20,29980.00
24,2025-10-15,20,29980.00
24,2025-10-16,20,29980.00
24,2025-10-17,20,29980.00
24,2025-10-18,23,34477.00
24,2025-10-19,22,32978.00
24,2025-10-20,20,29980.00
24,2025-10-21,20,29980.00
24,2025-10-22,20,29980.00
24,2025-10-23,20,29980.00
24,2025-10-24,20,29980.00
24,2025-10-25,23,34477.00
24,2025-10-26,22,32978.00
24,2025-10-27,20,29980.00
24,2025-10-28,20,29980.00
24,2025-10-29,20,29980.00
24,2025-10-30,20,29980.00
24,2025-10-31,20,29980.00
24,2025-11-01,23,34477.00
24,2025-11-02,22,32978.00
24,2025-11-03,20,29980.00
24,2025-11-04,20,29980.00
24,2025-11-05,20,29980.00
24,2025-11-06,20,29980.00
24,2025-11-07,20,29980.00
24,2025-11-08,23,34477.00
24,2025-11-09,22,32978.00
24,2025-11-10,20,29980.00
24,2025-11-11,20,29980.00
24,2025-11-12,20,29980.00
24,2025-11-13,20,29980.00
24,2025-11-14,20,29980.00
24,2025-11-15,23,34477.00
24,2025-11-16,22,32978.00
24,2025-11-17,20,29980.00
24,2025-11-18,20,29980.00
24,2025-11-19,20,29980.00
24,2025-11-20,20,29980.00
24,2025-11-21,20,29980.00
24,2025-11-22,23,34477.00
24,2025-11-23,22,32978.00
24,2025-11-24,20,29980.00
24,2025-11-25,20,29980.00
24,2025-11-26,20,29980.00
24,2025-11-27,20,29980.00
24,2025-11-28,20,29980.00
24,2025-11-29,23,34477.00
24,2025-11-30,22,32978.00
24,2025-12-01,16,23984.00
24,2025-12-02,16,23984.00
24,2025-12-03,16,23984.00
24,2025-12-04,16,23984.00
24,2025-12-05,16,23984.00
24,2025-12-06,19,28481.00
24,2025-12-07,18,26982.00
24,2025-12-08,16,23984.00
24,2025-12-09,16,23984.00
24,2025-12-10,16,23984.00
24,2025-12-11,16,23984.00
24,2025-12-12,16,23984.00
24,2025-12-13,19,28481.00
24,2025-12-14,18,26982.00
24,2025-12-15,16,23984.00
24,2025-12-16,16,23984.00
24,2025-12-17,16,23984.00
24,2025-12-18,16,23984.00
24,2025-12-19,16,23984.00
24,2025-12-20,19,28481.00
24,2025-12-21,18,26982.00
24,2025-12-22,16,23984.00
24,2025-12-23,16,23984.00
24,2025-12-24,16,23984.00
24,2025-12-25,16,23984.00
24,2025-12-26,16,23984.00
24,2025-12-27,19,28481.00
24,2025-12-28,18,26982.00
24,2025-12-29,16,23984.00
24,2025-12-30,16,23984.00
24,2025-12-31,16,23984.00
24,2026-01-01,16,23984.00
24,2026-01-02,16,23984.00
24,2026-01-03,19,28481.00
24,2026-01-04,18,26982.00
24,2026-01-05,16,23984.00
24,2026-01-06,16,23984.00
24,2026-01-07,16,23984.00
24,2026-01-08,16,23984.00
24,2026-01-09,16,23984.00
24,2026-01-10,19,28481.00
24,2026-01-11,18,26982.00
24,2026-01-12,16,23984.00
24,2026-01-13,16,23984.00
24,2026-01-14,16,23984.00
24,2026-01-15,16,23984.00
24,2026-01-16,16,23984.00
24,2026-01-17,19,28481.00
24,2026-01-18,18,26982.00
24,2026-01-19,16,23984.00
24,2026-01-20,16,23984.00
24,2026-01-21,16,23984.00
24,2026-01-22,16,23984.00
24,2026-01-23,16,23984.00
24,2026-01-24,19,28481.00
24,2026-01-25,18,26982.00
24,2026-01-26,16,23984.00
24,2026-01-27,16,23984.00
24,2026-01-28,16,23984.00
24,2026-01-29,16,23984.00
24,2026-01-30,16,23984.00
24,2026-01-31,19,28481.00
24,2026-02-01,18,26982.00
24,2026-02-02,16,23984.00
24,2026-02-03,16,23984.00
24,2026-02-04,16,23984.00
24,2026-02-05,16,23984.00
24,2026-02-06,16,23984.00
24,2026-02-07,19,28481.00
24,2026-02-08,18,26982.00
24,2026-02-09,16,23984.00
24,2026-02-10,16,23984.00
24,2026-02-11,16,23984.00
24,2026-02-12,16,23984.00
24,2026-02-13,16,23984.00
24,2026-02-14,19,28481.00
24,2026-02-15,18,26982.00
24,2026-02-16,16,23984.00
24,2026-02-17,16,23984.00
24,2026-02-18,16,23984.00
24,2026-02-19,16,23984.00
24,2026-02-20,16,23984.00
24,2026-02-21,19,28481.00
24,2026-02-22,18,26982.00
24,2026-02-23,16,23984.00
24,2026-02-24,16,23984.00
24,2026-02-25,16,23984.00
24,2026-02-26,16,23984.00
24,2026-02-27,16,23984.00
24,2026-02-28,19,28481.00
24,2026-03-01,18,26982.00
24,2026-03-02,16,23984.00
24,2026-03-03,16,23984.00
24,2026-03-04,16,23984.00
24,2026-03-05,16,23984.00
24,2026-03-06,16,23984.00
24,2026-03-07,19,28481.00
24,2026-03-08,18,26982.00
24,2026-03-09,16,23984.00
24,2026-03-10,16,23984.00
24,2026-03-11,16,23984.00
24,2026-03-12,16,23984.00
24,2026-03-13,16,23984.00
24,2026-03-14,19,28481.00
24,2026-03-15,18,26982.00
24,2026-03-16,16,23984.00
24,2026-03-17,16,23984.00
24,2026-03-18,16,23984.00
24,2026-03-19,16,23984.00
24,2026-03-20,16,23984.00
24,2026-03-21,19,28481.00
24,2026-03-22,18,26982.00
24,2026-03-23,16,23984.00
24,2026-03-24,16,23984.00
24,2026-03-25,16,23984.00
24,2026-03-26,16,23984.00
24,2026-03-27,16,23984.00
24,2026-03-28,19,28481.00
24,2026-03-29,18,26982.00
24,2026-03-30,16,23984.00
24,2026-03-31,16,23984.00
24,2026-04-01,16,23984.00
24,2026-04-02,16,23984.00
24,2026-04-03,16,23984.00
24,2026-04-04,19,28481.00
24,2026-04-05,18,26982.00
24,2026-04-06,16,23984.00
24,2026-04-07,16,23984.00
24,2026-04-08,16,23984.00
24,2026-04-09,16,23984.00
24,2026-04-10,16,23984.00
24,2026-04-11,19,28481.00
24,2026-04-12,18,26982.00
24,2026-04-13,16,23984.00
24,2026-04-14,16,23984.00
24,2026-04-15,16,23984.00
24,2026-04-16,16,23984.00
24,2026-04-17,16,23984.00
24,2026-04-18,19,28481.00
24,2026-04-19,18,26982.00
24,2026-04-20,16,23984.00
24,2026-04-21,16,23984.00
24,2026-04-22,16,23984.00
24,2026-04-23,16,23984.00
24,2026-04-24,16,23984.00
24,2026-04-25,19,28481.00
24,2026-04-26,18,26982.00
24,2026-04-27,16,23984.00
24,2026-04-28,16,23984.00
24,2026-04-29,16,23984.00
24,2026-04-30,16,23984.00
24,2026-05-01,16,23984.00
24,2026-05-02,19,28481.00
24,2026-05-03,18,26982.00
24,2026-05-04,16,23984.00
24,2026-05-05,16,23984.00
24,2026-05-06,16,23984.00
24,2026-05-07,16,23984.00
24,2026-05-08,16,23984.00
24,2026-05-09,19,28481.00
24,2026-05-10,18,26982.00
24,2026-05-11,16,23984.00
24,2026-05-12,16,23984.00
24,2026-05-13,16,23984.00
24,2026-05-14,16,23984.00
24,2026-05-15,16,23984.00
24,2026-05-16,19,28481.00
24,2026-05-17,18,26982.00
24,2026-05-18,16,23984.00
24,2026-05-19,16,23984.00
24,2026-05-20,16,23984.00
24,2026-05-21,16,23984.00
24,2026-05-22,16,23984.00
24,2026-05-23,19,28481.00
24,2026-05-24,18,26982.00
24,2026-05-25,16,23984.00
24,2026-05-26,16,23984.00
24,2026-05-27,16,23984.00
24,2026-05-28,16,23984.00
24,2026-05-29,16,23984.00
24,2026-05-30,19,28481.00
24,2026-05-31,18,26982.00
24,2026-06-01,18,26982.00
24,2026-06-02,18,26982.00
24,2026-06-03,18,26982.00
24,2026-06-04,18,26982.00
24,2026-06-05,18,26982.00
24,2026-06-06,22,32978.00
24,2026-06-07,21,31479.00
24,2026-06-08,18,26982.00
24,2026-06-09,18,26982.00
24,2026-06-10,18,26982.00
24,2026-06-11,18,26982.00
24,2026-06-12,18,26982.00
24,2026-06-13,22,32978.00
24,2026-06-14,21,31479.00
24,2026-06-15,18,26982.00
24,2026-06-16,18,26982.00
24,2026-06-17,18,26982.00
24,2026-06-18,18,26982.00
24,2026-06-19,18,26982.00
24,2026-06-20,22,32978.00
24,2026-06-21,21,31479.00
24,2026-06-22,18,26982.00
24,2026-06-23,18,26982.00
24,2026-06-24,18,26982.00
24,2026-06-25,18,26982.00
24,2026-06-26,18,26982.00
24,2026-06-27,22,32978.00
24,2026-06-28,21,31479.00
24,2026-06-29,18,26982.00
24,2026-06-30,18,26982.00
24,2026-07-01,18,26982.00
24,2026-07-02,18,26982.00
24,2026-07-03,18,26982.00
24,2026-07-04,22,32978.00
24,2026-07-05,21,31479.00
24,2026-07-06,18,26982.00
24,2026-07-07,18,26982.00
24,2026-07-08,18,26982.00
24,2026-07-09,18,26982.00
24,2026-07-10,18,26982.00
24,2026-07-11,22,32978.00
24,2026-07-12,21,31479.00
24,2026-07-13,18,26982.00
24,2026-07-14,18,26982.00
24,2026-07-15,18,26982.00
24,2026-07-16,18,26982.00
24,2026-07-17,18,26982.00
24,2026-07-18,22,32978.00
24,2026-07-19,21,31479.00
24,2026-07-20,18,26982.00
24,2026-07-21,18,26982.00
24,2026-07-22,18,26982.00
24,2026-07-23,18,26982.00
24,2026-07-24,18,26982.00
24,2026-07-25,22,32978.00
24,2026-07-26,21,31479.00
24,2026-07-27,18,26982.00
24,2026-07-28,18,26982.00
24,2026-07-29,18,26982.00
24,2026-07-30,18,26982.00
24,2026-07-31,18,26982.00
24,2026-08-01,19,28481.00
24,2026-08-02,18,26982.00
24,2026-08-03,16,23984.00
24,2026-08-04,16,23984.00
24,2026-08-05,16,23984.00
24,2026-08-06,16,23984.00
24,2026-08-07,16,23984.00
24,2026-08-08,19,28481.00
24,2026-08-09,18,26982.00
24,2026-08-10,16,23984.00
24,2026-08-11,16,23984.00
24,2026-08-12,16,23984.00
24,2026-08-13,16,23984.00
24,2026-08-14,16,23984.00
24,2026-08-15,19,28481.00
24,2026-08-16,18,26982.00
24,2026-08-17,16,23984.00
24,2026-08-18,16,23984.00
24,2026-08-19,16,23984.00
24,2026-08-20,16,23984.00
24,2026-08-21,16,23984.00
24,2026-08-22,19,28481.00
24,2026-08-23,18,26982.00
24,2026-08-24,16,23984.00
24,2026-08-25,16,23984.00
24,2026-08-26,16,23984.00
24,2026-08-27,16,23984.00
24,2026-08-28,16,23984.00
24,2026-08-29,19,28481.00
24,2026-08-30,18,26982.00
24,2026-08-31,16,23984.00
24,2026-09-01,16,23984.00
24,2026-09-02,16,23984.00
24,2026-09-03,16,23984.00
24,2026-09-04,16,23984.00
24,2026-09-05,19,28481.00
24,2026-09-06,18,26982.00
24,2026-09-07,16,23984.00
24,2026-09-08,16,23984.00
24,2026-09-09,16,23984.00
24,2026-09-10,16,23984.00
24,2026-09-11,16,23984.00
24,2026-09-12,19,28481.00
24,2026-09-13,18,26982.00
24,2026-09-14,16,23984.00
24,2026-09-15,16,23984.00
24,2026-09-16,16,23984.00
24,2026-09-17,16,23984.00
24,2026-09-18,16,23984.00
24,2026-09-19,19,28481.00
24,2026-09-20,18,26982.00
24,2026-09-21,16,23984.00
24,2026-09-22,16,23984.00
24,2026-09-23,16,23984.00
24,2026-09-24,16,23984.00
24,2026-09-25,16,23984.00
24,2026-09-26,19,28481.00
24,2026-09-27,18,26982.00
24,2026-09-28,16,23984.00
24,2026-09-29,16,23984.00
25,2025-09-30,23,252977.00
25,2025-10-01,29,318971.00
25,2025-10-02,29,318971.00
25,2025-10-03,29,318971.00
25,2025-10-04,35,384965.00
25,2025-10-05,33,362967.00
25,2025-10-06,29,318971.00
25,2025-10-07,29,318971.00
25,2025-10-08,29,318971.00
25,2025-10-09,29,318971.00
25,2025-10-10,29,318971.00
25,2025-10-11,35,384965.00
25,2025-10-12,33,362967.00
25,2025-10-13,29,318971.00
25,2025-10-14,29,318971.00
25,2025-10-15,29,318971.00
25,2025-10-16,29,318971.00
25,2025-10-17,29,318971.00
25,2025-10-18,35,384965.00
25,2025-10-19,33,362967.00
25,2025-10-20,29,318971.00
25,2025-10-21,29,318971.00
25,2025-10-22,29,318971.00
25,2025-10-23,29,318971.00
25,2025-10-24,29,318971.00
25,2025-10-25,35,384965.00
25,2025-10-26,33,362967.00
25,2025-10-27,29,318971.00
25,2025-10-28,29,318971.00
25,2025-10-29,29,318971.00
25,2025-10-30,29,318971.00
25,2025-10-31,29,318971.00
25,2025-11-01,35,384965.00
25,2025-11-02,33,362967.00
25,2025-11-03,29,318971.00
25,2025-11-04,29,318971.00
25,2025-11-05,29,318971.00
25,2025-11-06,29,318971.00
25,2025-11-07,29,318971.00
25,2025-11-08,35,384965.00
25,2025-11-09,33,362967.00
25,2025-11-10,29,318971.00
25,2025-11-11,29,318971.00
25,2025-11-12,29,318971.00
25,2025-11-13,29,318971.00
25,2025-11-14,29,318971.00
25,2025-11-15,35,384965.00
25,2025-11-16,33,362967.00
25,2025-11-17,29,318971.00
25,2025-11-18,29,318971.00
25,2025-11-19,29,318971.00
25,2025-11-20,29,318971.00
25,2025-11-21,29,318971.00
25,2025-11-22,35,384965.00
25,2025-11-23,33,362967.00
25,2025-11-24,29,318971.00
25,2025-11-25,29,318971.00
25,2025-11-26,29,318971.00
25,2025-11-27,29,318971.00
25,2025-11-28,29,318971.00
25,2025-11-29,35,384965.00
25,2025-11-30,33,362967.00
25,2025-12-01,23,252977.00
25,2025-12-02,23,252977.00
25,2025-12-03,23,252977.00
25,2025-12-04,23,252977.00
25,2025-12-05,23,252977.00
25,2025-12-06,28,307972.00
25,2025-12-07,27,296973.00
25,2025-12-08,23,252977.00
25,2025-12-09,23,252977.00
25,2025-12-10,23,252977.00
25,2025-12-11,23,252977.00
25,2025-12-12,23,252977.00
25,2025-12-13,28,307972.00
25,2025-12-14,27,296973.00
25,2025-12-15,23,252977.00
25,2025-12-16,23,252977.00
25,2025-12-17,23,252977.00
25,2025-12-18,23,252977.00
25,2025-12-19,23,252977.00
25,2025-12-20,28,307972.00
25,2025-12-21,27,296973.00
25,2025-12-22,23,252977.00
25,2025-12-23,23,252977.00
25,2025-12-24,23,252977.00
25,2025-12-25,23,252977.00
25,2025-12-26,23,252977.00
25,2025-12-27,28,307972.00
25,2025-12-28,27,296973.00
25,2025-12-29,23,252977.00
25,2025-12-30,23,252977.00
25,2025-12-31,23,252977.00
25,2026-01-01,23,252977.00
25,2026-01-02,23,252977.00
25,2026-01-03,28,307972.00
25,2026-01-04,27,296973.00
25,2026-01-05,23,252977.00
25,2026-01-06,23,252977.00
25,2026-01-07,23,252977.00
25,2026-01-08,23,252977.00
25,2026-01-09,23,252977.00
25,2026-01-10,28,307972.00
25,2026-01-11,27,296973.00
25,2026-01-12,23,252977.00
25,2026-01-13,23,252977.00
25,2026-01-14,23,252977.00
25,2026-01-15,23,252977.00
25,2026-01-16,23,252977.00
25,2026-01-17,28,307972.00
25,2026-01-18,27,296973.00
25,2026-01-19,23,252977.00
25,2026-01-20,23,252977.00
25,2026-01-21,23,252977.00
25,2026-01-22,23,252977.00
25,2026-01-23,23,252977.00
25,2026-01-24,28,307972.00
25,2026-01-25,27,296973.00
25,2026-01-26,23,252977.00
25,2026-01-27,23,252977.00
25,2026-01-28,23,252977.00
25,2026-01-29,23,252977.00
25,2026-01-30,23,252977.00
25,2026-01-31,28,307972.00
25,2026-02-01,27,296973.00
25,2026-02-02,23,252977.00
25,2026-02-03,23,252977.00
25,2026-02-04,23,252977.00
25,2026-02-05,23,252977.00
25,2026-02-06,23,252977.00
25,2026-02-07,28,307972.00
25,2026-02-08,27,296973.00
25,2026-02-09,23,252977.00
25,2026-02-10,23,252977.00
25,2026-02-11,23,252977.00
25,2026-02-12,23,252977.00
25,2026-02-13,23,252977.00
25,2026-02-14,28,307972.00
25,2026-02-15,27,296973.00
25,2026-02-16,23,252977.00
25,2026-02-17,23,252977.00
25,2026-02-18,23,252977.00
25,2026-02-19,23,252977.00
25,2026-02-20,23,252977.00
25,2026-02-21,28,307972.00
25,2026-02-22,27,296973.00
25,2026-02-23,23,252977.00
25,2026-02-24,23,252977.00
25,2026-02-25,23,252977.00
25,2026-02-26,23,252977.00
25,2026-02-27,23,252977.00
25,2026-02-28,28,307972.00
25,2026-03-01,27,296973.00
25,2026-03-02,23,252977.00
25,2026-03-03,23,252977.00
25,2026-03-04,23,252977.00
25,2026-03-05,23,252977.00
25,2026-03-06,23,252977.00
25,2026-03-07,28,307972.00
25,2026-03-08,27,296973.00
25,2026-03-09,23,252977.00
25,2026-03-10,23,252977.00
25,2026-03-11,23,252977.00
25,2026-03-12,23,252977.00
25,2026-03-13,23,252977.00
25,2026-03-14,28,307972.00
25,2026-03-15,27,296973.00
25,2026-03-16,23,252977.00
25,2026-03-17,23,252977.00
25,2026-03-18,23,252977.00
25,2026-03-19,23,252977.00
25,2026-03-20,23,252977.00
25,2026-03-21,28,307972.00
25,2026-03-22,27,296973.00
25,2026-03-23,23,252977.00
25,2026-03-24,23,252977.00
25,2026-03-25,23,252977.00
25,2026-03-26,23,252977.00
25,2026-03-27,23,252977.00
25,2026-03-28,28,307972.00
25,2026-03-29,27,296973.00
25,2026-03-30,23,252977.00
25,2026-03-31,23,252977.00
25,2026-04-01,23,252977.00
25,2026-04-02,23,252977.00
25,2026-04-03,23,252977.00
25,2026-04-04,28,307972.00
25,2026-04-05,27,296973.00
25,2026-04-06,23,252977.00
25,2026-04-07,23,252977.00
25,2026-04-08,23,252977.00
25,2026-04-09,23,252977.00
25,2026-04-10,23,252977.00
25,2026-04-11,28,307972.00
25,2026-04-12,27,296973.00
25,2026-04-13,23,252977.00
25,2026-04-14,23,252977.00
25,2026-04-15,23,252977.00
25,2026-04-16,23,252977.00
25,2026-04-17,23,252977.00
25,2026-04-18,28,307972.00
25,2026-04-19,27,296973.00
25,2026-04-20,23,252977.00
25,2026-04-21,23,252977.00
25,2026-04-22,23,252977.00
25,2026-04-23,23,252977.00
25,2026-04-24,23,252977.00
25,2026-04-25,28,307972.00
25,2026-04-26,27,296973.00
25,2026-04-27,23,252977.00
25,2026-04-28,23,252977.00
25,2026-04-29,23,252977.00
25,2026-04-30,23,252977.00
25,2026-05-01,23,252977.00
25,2026-05-02,28,307972.00
25,2026-05-03,27,296973.00
25,2026-05-04,23,252977.00
25,2026-05-05,23,252977.00
25,2026-05-06,23,252977.00
25,2026-05-07,23,252977.00
25,2026-05-08,23,252977.00
25,2026-05-09,28,307972.00
25,2026-05-10,27,296973.00
25,2026-05-11,23,252977.00
25,2026-05-12,23,252977.00
25,2026-05-13,23,252977.00
25,2026-05-14,23,252977.00
25,2026-05-15,23,252977.00
25,2026-05-16,28,307972.00
25,2026-05-17,27,296973.00
25,2026-05-18,23,252977.00
25,2026-05-19,23,252977.00
25,2026-05-20,23,252977.00
25,2026-05-21,23,252977.00
25,2026-05-22,23,252977.00
25,2026-05-23,28,307972.00
25,2026-05-24,27,296973.00
25,2026-05-25,23,252977.00
25,2026-05-26,23,252977.00
25,2026-05-27,23,252977.00
25,2026-05-28,23,252977.00
25,2026-05-29,23,252977.00
25,2026-05-30,28,307972.00
25,2026-05-31,27,296973.00
25,2026-06-01,27,296973.00
25,2026-06-02,27,296973.00
25,2026-06-03,27,296973.00
25,2026-06-04,27,296973.00
25,2026-06-05,27,296973.00
25,2026-06-06,32,351968.00
25,2026-06-07,31,340969.00
25,2026-06-08,27,296973.00
25,2026-06-09,27,296973.00
25,2026-06-10,27,296973.00
25,2026-06-11,27,296973.00
25,2026-06-12,27,296973.00
25,2026-06-13,32,351968.00
25,2026-06-14,31,340969.00
25,2026-06-15,27,296973.00
25,2026-06-16,27,296973.00
25,2026-06-17,27,296973.00
25,2026-06-18,27,296973.00
25,2026-06-19,27,296973.00
25,2026-06-20,32,351968.00
25,2026-06-21,31,340969.00
25,2026-06-22,27,296973.00
25,2026-06-23,27,296973.00
25,2026-06-24,27,296973.00
25,2026-06-25,27,296973.00
25,2026-06-26,27,296973.00
25,2026-06-27,32,351968.00
25,2026-06-28,31,340969.00
25,2026-06-29,27,296973.00
25,2026-06-30,27,296973.00
25,2026-07-01,27,296973.00
25,2026-07-02,27,296973.00
25,2026-07-03,27,296973.00
25,2026-07-04,32,351968.00
25,2026-07-05,31,340969.00
25,2026-07-06,27,296973.00
25,2026-07-07,27,296973.00
25,2026-07-08,27,296973.00
25,2026-07-09,27,296973.00
25,2026-07-10,27,296973.00
25,2026-07-11,32,351968.00
25,2026-07-12,31,340969.00
25,2026-07-13,27,296973.00
25,2026-07-14,27,296973.00
25,2026-07-15,27,296973.00
25,2026-07-16,27,296973.00
25,2026-07-17,27,296973.00
25,2026-07-18,32,351968.00
25,2026-07-19,31,340969.00
25,2026-07-20,27,296973.00
25,2026-07-21,27,296973.00
25,2026-07-22,27,296973.00
25,2026-07-23,27,296973.00
25,2026-07-24,27,296973.00
25,2026-07-25,32,351968.00
25,2026-07-26,31,340969.00
25,2026-07-27,27,296973.00
25,2026-07-28,27,296973.00
25,2026-07-29,27,296973.00
25,2026-07-30,27,296973.00
25,2026-07-31,27,296973.00
25,2026-08-01,28,307972.00
25,2026-08-02,27,296973.00
25,2026-08-03,23,252977.00
25,2026-08-04,23,252977.00
25,2026-08-05,23,252977.00
25,2026-08-06,23,252977.00
25,2026-08-07,23,252977.00
25,2026-08-08,28,307972.00
25,2026-08-09,27,296973.00
25,2026-08-10,23,252977.00
25,2026-08-11,23,252977.00
25,2026-08-12,23,252977.00
25,2026-08-13,23,252977.00
25,2026-08-14,23,252977.00
25,2026-08-15,28,307972.00
25,2026-08-16,27,296973.00
25,2026-08-17,23,252977.00
25,2026-08-18,23,252977.00
25,2026-08-19,23,252977.00
25,2026-08-20,23,252977.00
25,2026-08-21,23,252977.00
25,2026-08-22,28,307972.00
25,2026-08-23,27,296973.00
25,2026-08-24,23,252977.00
25,2026-08-25,23,252977.00
25,2026-08-26,23,252977.00
25,2026-08-27,23,252977.00
25,2026-08-28,23,252977.00
25,2026-08-29,28,307972.00
25,2026-08-30,27,296973.00
25,2026-08-31,23,252977.00
25,2026-09-01,23,252977.00
25,2026-09-02,23,252977.00
25,2026-09-03,23,252977.00
25,2026-09-04,23,252977.00
25,2026-09-05,28,307972.00
25,2026-09-06,27,296973.00
25,2026-09-07,23,252977.00
25,2026-09-08,23,252977.00
25,2026-09-09,23,252977.00
25,2026-09-10,23,252977.00
25,2026-09-11,23,252977.00
25,2026-09-12,28,307972.00
25,2026-09-13,27,296973.00
25,2026-09-14,23,252977.00
25,2026-09-15,23,252977.00
25,2026-09-16,23,252977.00
25,2026-09-17,23,252977.00
25,2026-09-18,23,252977.00
25,2026-09-19,28,307972.00
25,2026-09-20,27,296973.00
25,2026-09-21,23,252977.00
25,2026-09-22,23,252977.00
25,2026-09-23,23,252977.00
25,2026-09-24,23,252977.00
25,2026-09-25,23,252977.00
25,2026-09-26,28,307972.00
25,2026-09-27,27,296973.00
25,2026-09-28,23,252977.00
25,2026-09-29,23,252977.00
26,2025-09-30,5,374995.00
26,2025-10-01,6,449994.00
26,2025-10-02,6,449994.00
26,2025-10-03,6,449994.00
26,2025-10-04,7,524993.00
26,2025-10-05,7,524993.00
26,2025-10-06,6,449994.00
26,2025-10-07,6,449994.00
26,2025-10-08,6,449994.00
26,2025-10-09,6,449994.00
26,2025-10-10,6,449994.00
26,2025-10-11,7,524993.00
26,2025-10-12,7,524993.00
26,2025-10-13,6,449994.00
26,2025-10-14,6,449994.00
26,2025-10-15,6,449994.00
26,2025-10-16,6,449994.00
26,2025-10-17,6,449994.00
26,2025-10-18,7,524993.00
26,2025-10-19,7,524993.00
26,2025-10-20,6,449994.00
26,2025-10-21,6,449994.00
26,2025-10-22,6,449994.00
26,2025-10-23,6,449994.00
26,2025-10-24,6,449994.00
26,2025-10-25,7,524993.00
26,2025-10-26,7,524993.00
26,2025-10-27,6,449994.00
26,2025-10-28,6,449994.00
26,2025-10-29,6,449994.00
26,2025-10-30,6,449994.00
26,2025-10-31,6,449994.00
26,2025-11-01,7,524993.00
26,2025-11-02,7,524993.00
26,2025-11-03,6,449994.00
26,2025-11-04,6,449994.00
26,2025-11-05,6,449994.00
26,2025-11-06,6,449994.00
26,2025-11-07,6,449994.00
26,2025-11-08,7,524993.00
26,2025-11-09,7,524993.00
26,2025-11-10,6,449994.00
26,2025-11-11,6,449994.00
26,2025-11-12,6,449994.00
26,2025-11-13,6,449994.00
26,2025-11-14,6,449994.00
26,2025-11-15,7,524993.00
26,2025-11-16,7,524993.00
26,2025-11-17,6,449994.00
26,2025-11-18,6,449994.00
26,2025-11-19,6,449994.00
26,2025-11-20,6,449994.00
26,2025-11-21,6,449994.00
26,2025-11-22,7,524993.00
26,2025-11-23,7,524993.00
26,2025-11-24,6,449994.00
26,2025-11-25,6,449994.00
26,2025-11-26,6,449994.00
26,2025-11-27,6,449994.00
26,2025-11-28,6,449994.00
26,2025-11-29,7,524993.00
26,2025-11-30,7,524993.00
26,2025-12-01,5,374995.00
26,2025-12-02,5,374995.00
26,2025-12-03,5,374995.00
26,2025-12-04,5,374995.00
26,2025-12-05,5,374995.00
26,2025-12-06,6,449994.00
26,2025-12-07,6,449994.00
26,2025-12-08,5,374995.00
26,2025-12-09,5,374995.00
26,2025-12-10,5,374995.00
26,2025-12-11,5,374995.00
26,2025-12-12,5,374995.00
26,2025-12-13,6,449994.00
26,2025-12-14,6,449994.00
26,2025-12-15,5,374995.00
26,2025-12-16,5,374995.00
26,2025-12-17,5,374995.00
26,2025-12-18,5,374995.00
26,2025-12-19,5,374995.00
26,2025-12-20,6,449994.00
26,2025-12-21,6,449994.00
26,2025-12-22,5,374995.00
26,2025-12-23,5,374995.00
26,2025-12-24,5,374995.00
26,2025-12-25,5,374995.00
26,2025-12-26,5,374995.00
26,2025-12-27,6,449994.00
26,2025-12-28,6,449994.00
26,2025-12-29,5,374995.00
26,2025-12-30,5,374995.00
26,2025-12-31,5,374995.00
26,2026-01-01,5,374995.00
26,2026-01-02,5,374995.00
26,2026-01-03,6,449994.00
26,2026-01-04,6,449994.00
26,2026-01-05,5,374995.00
26,2026-01-06,5,374995.00
26,2026-01-07,5,374995.00
26,2026-01-08,5,374995.00
26,2026-01-09,5,374995.00
26,2026-01-10,6,449994.00
26,2026-01-11,6,449994.00
26,2026-01-12,5,374995.00
26,2026-01-13,5,374995.00
26,2026-01-14,5,374995.00
26,2026-01-15,5,374995.00
26,2026-01-16,5,374995.00
26,2026-01-17,6,449994.00
26,2026-01-18,6,449994.00
26,2026-01-19,5,374995.00
26,2026-01-20,5,374995.00
26,2026-01-21,5,374995.00
26,2026-01-22,5,374995.00
26,2026-01-23,5,374995.00
26,2026-01-24,6,449994.00
26,2026-01-25,6,449994.00
26,2026-01-26,5,374995.00
26,2026-01-27,5,374995.00
26,2026-01-28,5,374995.00
26,2026-01-29,5,374995.00
26,2026-01-30,5,374995.00
26,2026-01-31,6,449994.00
26,2026-02-01,6,449994.00
26,2026-02-02,5,374995.00
26,2026-02-03,5,374995.00
26,2026-02-04,5,374995.00
26,2026-02-05,5,374995.00
26,2026-02-06,5,374995.00
26,2026-02-07,6,449994.00
26,2026-02-08,6,449994.00
26,2026-02-09,5,374995.00
26,2026-02-10,5,374995.00
26,2026-02-11,5,374995.00
26,2026-02-12,5,374995.00
26,2026-02-13,5,374995.00
26,2026-02-14,6,449994.00
26,2026-02-15,6,449994.00
26,2026-02-16,5,374995.00
26,2026-02-17,5,374995.00
26,2026-02-18,5,374995.00
26,2026-02-19,5,374995.00
26,2026-02-20,5,374995.00
26,2026-02-21,6,449994.00
26,2026-02-22,6,449994.00
26,2026-02-23,5,374995.00
26,2026-02-24,5,374995.00
26,2026-02-25,5,374995.00
26,2026-02-26,5,374995.00
26,2026-02-27,5,374995.00
26,2026-02-28,6,449994.00
26,2026-03-01,6,449994.00
26,2026-03-02,5,374995.00
26,2026-03-03,5,374995.00
26,2026-03-04,5,374995.00
26,2026-03-05,5,374995.00
26,2026-03-06,5,374995.00
26,2026-03-07,6,449994.00
26,2026-03-08,6,449994.00
26,2026-03-09,5,374995.00
26,2026-03-10,5,374995.00
26,2026-03-11,5,374995.00
26,2026-03-12,5,374995.00
26,2026-03-13,5,374995.00
26,2026-03-14,6,449994.00
26,2026-03-15,6,449994.00
26,2026-03-16,5,374995.00
26,2026-03-17,5,374995.00
26,2026-03-18,5,374995.00
26,2026-03-19,5,374995.00
26,2026-03-20,5,374995.00
26,2026-03-21,6,449994.00
26,2026-03-22,6,449994.00
26,2026-03-23,5,374995.00
26,2026-03-24,5,374995.00
26,2026-03-25,5,374995.00
26,2026-03-26,5,374995.00
26,2026-03-27,5,374995.00
26,2026-03-28,6,449994.00
26,2026-03-29,6,449994.00
26,2026-03-30,5,374995.00
26,2026-03-31,5,374995.00
26,2026-04-01,5,374995.00
26,2026-04-02,5,374995.00
26,2026-04-03,5,374995.00
26,2026-04-04,6,449994.00
26,2026-04-05,6,449994.00
26,2026-04-06,5,374995.00
26,2026-04-07,5,374995.00
26,2026-04-08,5,374995.00
26,2026-04-09,5,374995.00
26,2026-04-10,5,374995.00
26,2026-04-11,6,449994.00
26,2026-04-12,6,449994.00
26,2026-04-13,5,374995.00
26,2026-04-14,5,374995.00
26,2026-04-15,5,374995.00
26,2026-04-16,5,374995.00
26,2026-04-17,5,374995.00
26,2026-04-18,6,449994.00
26,2026-04-19,6,449994.00
26,2026-04-20,5,374995.00
26,2026-04-21,5,374995.00
26,2026-04-22,5,374995.00
26,2026-04-23,5,374995.00
26,2026-04-24,5,374995.00
26,2026-04-25,6,449994.00
26,2026-04-26,6,449994.00
26,2026-04-27,5,374995.00
26,2026-04-28,5,374995.00
26,2026-04-29,5,374995.00
26,2026-04-30,5,374995.00
26,2026-05-01,5,374995.00
26,2026-05-02,6,449994.00
26,2026-05-03,6,449994.00
26,2026-05-04,5,374995.00
26,2026-05-05,5,374995.00
26,2026-05-06,5,374995.00
26,2026-05-07,5,374995.00
26,2026-05-08,5,374995.00
26,2026-05-09,6,449994.00
26,2026-05-10,6,449994.00
26,2026-05-11,5,374995.00
26,2026-05-12,5,374995.00
26,2026-05-13,5,374995.00
26,2026-05-14,5,374995.00
26,2026-05-15,5,374995.00
26,2026-05-16,6,449994.00
26,2026-05-17,6,449994.00
26,2026-05-18,5,374995.00
26,2026-05-19,5,374995.00
26,2026-05-20,5,374995.00
26,2026-05-21,5,374995.00
26,2026-05-22,5,374995.00
26,2026-05-23,6,449994.00
26,2026-05-24,6,449994.00
26,2026-05-25,5,374995.00
26,2026-05-26,5,374995.00
26,2026-05-27,5,374995.00
26,2026-05-28,5,374995.00
26,2026-05-29,5,374995.00
26,2026-05-30,6,449994.00
26,2026-05-31,6,449994.00
26,2026-06-01,6,449994.00
26,2026-06-02,6,449994.00
26,2026-06-03,6,449994.00
26,2026-06-04,6,449994.00
26,2026-06-05,6,449994.00
26,2026-06-06,7,524993.00
26,2026-06-07,6,449994.00
26,2026-06-08,6,449994.00
26,2026-06-09,6,449994.00
26,2026-06-10,6,449994.00
26,2026-06-11,6,449994.00
26,2026-06-12,6,449994.00
26,2026-06-13,7,524993.00
26,2026-06-14,6,449994.00
26,2026-06-15,6,449994.00
26,2026-06-16,6,449994.00
26,2026-06-17,6,449994.00
26,2026-06-18,6,449994.00
26,2026-06-19,6,449994.00
26,2026-06-20,7,524993.00
26,2026-06-21,6,449994.00
26,2026-06-22,6,449994.00
26,2026-06-23,6,449994.00
26,2026-06-24,6,449994.00
26,2026-06-25,6,449994.00
26,2026-06-26,6,449994.00
26,2026-06-27,7,524993.00
26,2026-06-28,6,449994.00
26,2026-06-29,6,449994.00
26,2026-06-30,6,449994.00
26,2026-07-01,6,449994.00
26,2026-07-02,6,449994.00
26,2026-07-03,6,449994.00
26,2026-07-04,7,524993.00
26,2026-07-05,6,449994.00
26,2026-07-06,6,449994.00
26,2026-07-07,6,449994.00
26,2026-07-08,6,449994.00
26,2026-07-09,6,449994.00
26,2026-07-10,6,449994.00
26,2026-07-11,7,524993.00
26,2026-07-12,6,449994.00
26,2026-07-13,6,449994.00
26,2026-07-14,6,449994.00
26,2026-07-15,6,449994.00
26,2026-07-16,6,449994.00
26,2026-07-17,6,449994.00
26,2026-07-18,7,524993.00
26,2026-07-19,6,449994.00
26,2026-07-20,6,449994.00
26,2026-07-21,6,449994.00
26,2026-07-22,6,449994.00
26,2026-07-23,6,449994.00
26,2026-07-24,6,449994.00
26,2026-07-25,7,524993.00
26,2026-07-26,6,449994.00
26,2026-07-27,6,449994.00
26,2026-07-28,6,449994.00
26,2026-07-29,6,449994.00
26,2026-07-30,6,449994.00
26,2026-07-31,6,449994.00
26,2026-08-01,6,449994.00
26,2026-08-02,6,449994.00
26,2026-08-03,5,374995.00
26,2026-08-04,5,374995.00
26,2026-08-05,5,374995.00
26,2026-08-06,5,374995.00
26,2026-08-07,5,374995.00
26,2026-08-08,6,449994.00
26,2026-08-09,6,449994.00
26,2026-08-10,5,374995.00
26,2026-08-11,5,374995.00
26,2026-08-12,5,374995.00
26,2026-08-13,5,374995.00
26,2026-08-14,5,374995.00
26,2026-08-15,6,449994.00
26,2026-08-16,6,449994.00
26,2026-08-17,5,374995.00
26,2026-08-18,5,374995.00
26,2026-08-19,5,374995.00
26,2026-08-20,5,374995.00
26,2026-08-21,5,374995.00
26,2026-08-22,6,449994.00
26,2026-08-23,6,449994.00
26,2026-08-24,5,374995.00
26,2026-08-25,5,374995.00
26,2026-08-26,5,374995.00
26,2026-08-27,5,374995.00
26,2026-08-28,5,374995.00
26,2026-08-29,6,449994.00
26,2026-08-30,6,449994.00
26,2026-08-31,5,374995.00
26,2026-09-01,5,374995.00
26,2026-09-02,5,374995.00
26,2026-09-03,5,374995.00
26,2026-09-04,5,374995.00
26,2026-09-05,6,449994.00
26,2026-09-06,6,449994.00
26,2026-09-07,5,374995.00
26,2026-09-08,5,374995.00
26,2026-09-09,5,374995.00
26,2026-09-10,5,374995.00
26,2026-09-11,5,374995.00
26,2026-09-12,6,449994.00
26,2026-09-13,6,449994.00
26,2026-09-14,5,374995.00
26,2026-09-15,5,374995.00
26,2026-09-16,5,374995.00
26,2026-09-17,5,374995.00
26,2026-09-18,5,374995.00
26,2026-09-19,6,449994.00
26,2026-09-20,6,449994.00
26,2026-09-21,5,374995.00
26,2026-09-22,5,374995.00
26,2026-09-23,5,374995.00
26,2026-09-24,5,374995.00
26,2026-09-25,5,374995.00
26,2026-09-26,6,449994.00
26,2026-09-27,6,449994.00
26,2026-09-28,5,374995.00
26,2026-09-29,5,374995.00
27,2025-09-30,14,741986.00
27,2025-10-01,18,953982.00
27,2025-10-02,18,953982.00
27,2025-10-03,18,953982.00
27,2025-10-04,21,1112979.00
27,2025-10-05,20,1059980.00
27,2025-10-06,18,953982.00
27,2025-10-07,18,953982.00
27,2025-10-08,18,953982.00
27,2025-10-09,18,953982.00
27,2025-10-10,18,953982.00
27,2025-10-11,21,1112979.00
27,2025-10-12,20,1059980.00
27,2025-10-13,18,953982.00
27,2025-10-14,18,953982.00
27,2025-10-15,18,953982.00
27,2025-10-16,18,953982.00
27,2025-10-17,18,953982.00
27,2025-10-18,21,1112979.00
27,2025-10-19,20,1059980.00
27,2025-10-20,18,953982.00
27,2025-10-21,18,953982.00
27,2025-10-22,18,953982.00
27,2025-10-23,18,953982.00
27,2025-10-24,18,953982.00
27,2025-10-25,21,1112979.00
27,2025-10-26,20,1059980.00
27,2025-10-27,18,953982.00
27,2025-10-28,18,953982.00
27,2025-10-29,18,953982.00
27,2025-10-30,18,953982.00
27,2025-10-31,18,953982.00
27,2025-11-01,21,1112979.00
27,2025-11-02,20,1059980.00
27,2025-11-03,18,953982.00
27,2025-11-04,18,953982.00
27,2025-11-05,18,953982.00
27,2025-11-06,18,953982.00
27,2025-11-07,18,953982.00
27,2025-11-08,21,1112979.00
27,2025-11-09,20,1059980.00
27,2025-11-10,18,953982.00
27,2025-11-11,18,953982.00
27,2025-11-12,18,953982.00
27,2025-11-13,18,953982.00
27,2025-11-14,18,953982.00
27,2025-11-15,21,1112979.00
27,2025-11-16,20,1059980.00
27,2025-11-17,18,953982.00
27,2025-11-18,18,953982.00
27,2025-11-19,18,953982.00
27,2025-11-20,18,953982.00
27,2025-11-21,18,953982.00
27,2025-11-22,21,1112979.00
27,2025-11-23,20,1059980.00
27,2025-11-24,18,953982.00
27,2025-11-25,18,953982.00
27,2025-11-26,18,953982.00
27,2025-11-27,18,953982.00
27,2025-11-28,18,953982.00
27,2025-11-29,21,1112979.00
27,2025-11-30,20,1059980.00
27,2025-12-01,14,741986.00
27,2025-12-02,14,741986.00
27,2025-12-03,14,741986.00
27,2025-12-04,14,741986.00
27,2025-12-05,14,741986.00
27,2025-12-06,17,900983.00
27,2025-12-07,16,847984.00
27,2025-12-08,14,741986.00
27,2025-12-09,14,741986.00
27,2025-12-10,14,741986.00
27,2025-12-11,14,741986.00
27,2025-12-12,14,741986.00
27,2025-12-13,17,900983.00
27,2025-12-14,16,847984.00
27,2025-12-15,14,741986.00
27,2025-12-16,14,741986.00
27,2025-12-17,14,741986.00
27,2025-12-18,14,741986.00
27,2025-12-19,14,741986.00
27,2025-12-20,17,900983.00
27,2025-12-21,16,847984.00
27,2025-12-22,14,741986.00
27,2025-12-23,14,741986.00
27,2025-12-24,14,741986.00
27,2025-12-25,14,741986.00
27,2025-12-26,14,741986.00
27,2025-12-27,17,900983.00
27,2025-12-28,16,847984.00
27,2025-12-29,14,741986.00
27,2025-12-30,14,741986.00
27,2025-12-31,14,741986.00
27,2026-01-01,14,741986.00
27,2026-01-02,14,741986.00
27,2026-01-03,17,900983.00
27,2026-01-04,16,847984.00
27,2026-01-05,14,741986.00
27,2026-01-06,14,741986.00
27,2026-01-07,14,741986.00
27,2026-01-08,14,741986.00
27,2026-01-09,14,741986.00
27,2026-01-10,17,900983.00
27,2026-01-11,16,847984.00
27,2026-01-12,14,741986.00
27,2026-01-13,14,741986.00
27,2026-01-14,14,741986.00
27,2026-01-15,14,741986.00
27,2026-01-16,14,741986.00
27,2026-01-17,17,900983.00
27,2026-01-18,16,847984.00
27,2026-01-19,14,741986.00
27,2026-01-20,14,741986.00
27,2026-01-21,14,741986.00
27,2026-01-22,14,741986.00
27,2026-01-23,14,741986.00
27,2026-01-24,17,900983.00
27,2026-01-25,16,847984.00
27,2026-01-26,14,741986.00
27,2026-01-27,14,741986.00
27,2026-01-28,14,741986.00
27,2026-01-29,14,741986.00
27,2026-01-30,14,741986.00
27,2026-01-31,17,900983.00
27,2026-02-01,16,847984.00
27,2026-02-02,14,741986.00
27,2026-02-03,14,741986.00
27,2026-02-04,14,741986.00
27,2026-02-05,14,741986.00
27,2026-02-06,14,741986.00
27,2026-02-07,17,900983.00
27,2026-02-08,16,847984.00
27,2026-02-09,14,741986.00
27,2026-02-10,14,741986.00
27,2026-02-11,14,741986.00
27,2026-02-12,14,741986.00
27,2026-02-13,14,741986.00
27,2026-02-14,17,900983.00
27,2026-02-15,16,847984.00
27,2026-02-16,14,741986.00
27,2026-02-17,14,741986.00
27,2026-02-18,14,741986.00
27,2026-02-19,14,741986.00
27,2026-02-20,14,741986.00
27,2026-02-21,17,900983.00
27,2026-02-22,16,847984.00
27,2026-02-23,14,741986.00
27,2026-02-24,14,741986.00
27,2026-02-25,14,741986.00
27,2026-02-26,14,741986.00
27,2026-02-27,14,741986.00
27,2026-02-28,17,900983.00
27,2026-03-01,16,847984.00
27,2026-03-02,14,741986.00
27,2026-03-03,14,741986.00
27,2026-03-04,14,741986.00
27,2026-03-05,14,741986.00
27,2026-03-06,14,741986.00
27,2026-03-07,17,900983.00
27,2026-03-08,16,847984.00
27,2026-03-09,14,741986.00
27,2026-03-10,14,741986.00
27,2026-03-11,14,741986.00
27,2026-03-12,14,741986.00
27,2026-03-13,14,741986.00
27,2026-03-14,17,900983.00
27,2026-03-15,16,847984.00
27,2026-03-16,14,741986.00
27,2026-03-17,14,741986.00
27,2026-03-18,14,741986.00
27,2026-03-19,14,741986.00
27,2026-03-20,14,741986.00
27,2026-03-21,17,900983.00
27,2026-03-22,16,847984.00
27,2026-03-23,14,741986.00
27,2026-03-24,14,741986.00
27,2026-03-25,14,741986.00
27,2026-03-26,14,741986.00
27,2026-03-27,14,741986.00
27,2026-03-28,17,900983.00
27,2026-03-29,16,847984.00
27,2026-03-30,14,741986.00
27,2026-03-31,14,741986.00
27,2026-04-01,14,741986.00
27,2026-04-02,14,741986.00
27,2026-04-03,14,741986.00
27,2026-04-04,17,900983.00
27,2026-04-05,16,847984.00
27,2026-04-06,14,741986.00
27,2026-04-07,14,741986.00
27,2026-04-08,14,741986.00
27,2026-04-09,14,741986.00
27,2026-04-10,14,741986.00
27,2026-04-11,17,900983.00
27,2026-04-12,16,847984.00
27,2026-04-13,14,741986.00
27,2026-04-14,14,741986.00
27,2026-04-15,14,741986.00
27,2026-04-16,14,741986.00
27,2026-04-17,14,741986.00
27,2026-04-18,17,900983.00
27,2026-04-19,16,847984.00
27,2026-04-20,14,741986.00
27,2026-04-21,14,741986.00
27,2026-04-22,14,741986.00
27,2026-04-23,14,741986.00
27,2026-04-24,14,741986.00
27,2026-04-25,17,900983.00
27,2026-04-26,16,847984.00
27,2026-04-27,14,741986.00
27,2026-04-28,14,741986.00
27,2026-04-29,14,741986.00
27,2026-04-30,14,741986.00
27,2026-05-01,14,741986.00
27,2026-05-02,17,900983.00
27,2026-05-03,16,847984.00
27,2026-05-04,14,741986.00
27,2026-05-05,14,741986.00
27,2026-05-06,14,741986.00
27,2026-05-07,14,741986.00
27,2026-05-08,14,741986.00
27,2026-05-09,17,900983.00
27,2026-05-10,16,847984.00
27,2026-05-11,14,741986.00
27,2026-05-12,14,741986.00
27,2026-05-13,14,741986.00
27,2026-05-14,14,741986.00
27,2026-05-15,14,741986.00
27,2026-05-16,17,900983.00
27,2026-05-17,16,847984.00
27,2026-05-18,14,741986.00
27,2026-05-19,14,741986.00
27,2026-05-20,14,741986.00
27,2026-05-21,14,741986.00
27,2026-05-22,14,741986.00
27,2026-05-23,17,900983.00
27,2026-05-24,16,847984.00
27,2026-05-25,14,741986.00
27,2026-05-26,14,741986.00
27,2026-05-27,14,741986.00
27,2026-05-28,14,741986.00
27,2026-05-29,14,741986.00
27,2026-05-30,17,900983.00
27,2026-05-31,16,847984.00
27,2026-06-01,16,847984.00
27,2026-06-02,16,847984.00
27,2026-06-03,16,847984.00
27,2026-06-04,16,847984.00
27,2026-06-05,16,847984.00
27,2026-06-06,19,1006981.00
27,2026-06-07,19,1006981.00
27,2026-06-08,16,847984.00
27,2026-06-09,16,847984.00
27,2026-06-10,16,847984.00
27,2026-06-11,16,847984.00
27,2026-06-12,16,847984.00
27,2026-06-13,19,1006981.00
27,2026-06-14,19,1006981.00
27,2026-06-15,16,847984.00
27,2026-06-16,16,847984.00
27,2026-06-17,16,847984.00
27,2026-06-18,16,847984.00
27,2026-06-19,16,847984.00
27,2026-06-20,19,1006981.00
27,2026-06-21,19,1006981.00
27,2026-06-22,16,847984.00
27,2026-06-23,16,847984.00
27,2026-06-24,16,847984.00
27,2026-06-25,16,847984.00
27,2026-06-26,16,847984.00
27,2026-06-27,19,1006981.00
27,2026-06-28,19,1006981.00
27,2026-06-29,16,847984.00
27,2026-06-30,16,847984.00
27,2026-07-01,16,847984.00
27,2026-07-02,16,847984.00
27,2026-07-03,16,847984.00
27,2026-07-04,19,1006981.00
27,2026-07-05,19,1006981.00
27,2026-07-06,16,847984.00
27,2026-07-07,16,847984.00
27,2026-07-08,16,847984.00
27,2026-07-09,16,847984.00
27,2026-07-10,16,847984.00
27,2026-07-11,19,1006981.00
27,2026-07-12,19,1006981.00
27,2026-07-13,16,847984.00
27,2026-07-14,16,847984.00
27,2026-07-15,16,847984.00
27,2026-07-16,16,847984.00
27,2026-07-17,16,847984.00
27,2026-07-18,19,1006981.00
27,2026-07-19,19,1006981.00
27,2026-07-20,16,847984.00
27,2026-07-21,16,847984.00
27,2026-07-22,16,847984.00
27,2026-07-23,16,847984.00
27,2026-07-24,16,847984.00
27,2026-07-25,19,1006981.00
27,2026-07-26,19,1006981.00
27,2026-07-27,16,847984.00
27,2026-07-28,16,847984.00
27,2026-07-29,16,847984.00
27,2026-07-30,16,847984.00
27,2026-07-31,16,847984.00
27,2026-08-01,17,900983.00
27,2026-08-02,16,847984.00
27,2026-08-03,14,741986.00
27,2026-08-04,14,741986.00
27,2026-08-05,14,741986.00
27,2026-08-06,14,741986.00
27,2026-08-07,14,741986.00
27,2026-08-08,17,900983.00
27,2026-08-09,16,847984.00
27,2026-08-10,14,741986.00
27,2026-08-11,14,741986.00
27,2026-08-12,14,741986.00
27,2026-08-13,14,741986.00
27,2026-08-14,14,741986.00
27,2026-08-15,17,900983.00
27,2026-08-16,16,847984.00
27,2026-08-17,14,741986.00
27,2026-08-18,14,741986.00
27,2026-08-19,14,741986.00
27,2026-08-20,14,741986.00
27,2026-08-21,14,741986.00
27,2026-08-22,17,900983.00
27,2026-08-23,16,847984.00
27,2026-08-24,14,741986.00
27,2026-08-25,14,741986.00
27,2026-08-26,14,741986.00
27,2026-08-27,14,741986.00
27,2026-08-28,14,741986.00
27,2026-08-29,17,900983.00
27,2026-08-30,16,847984.00
27,2026-08-31,14,741986.00
27,2026-09-01,14,741986.00
27,2026-09-02,14,741986.00
27,2026-09-03,14,741986.00
27,2026-09-04,14,741986.00
27,2026-09-05,17,900983.00
27,2026-09-06,16,847984.00
27,2026-09-07,14,741986.00
27,2026-09-08,14,741986.00
27,2026-09-09,14,741986.00
27,2026-09-10,14,741986.00
27,2026-09-11,14,741986.00
27,2026-09-12,17,900983.00
27,2026-09-13,16,847984.00
27,2026-09-14,14,741986.00
27,2026-09-15,14,741986.00
27,2026-09-16,14,741986.00
27,2026-09-17,14,741986.00
27,2026-09-18,14,741986.00
27,2026-09-19,17,900983.00
27,2026-09-20,16,847984.00
27,2026-09-21,14,741986.00
27,2026-09-22,14,741986.00
27,2026-09-23,14,741986.00
27,2026-09-24,14,741986.00
27,2026-09-25,14,741986.00
27,2026-09-26,17,900983.00
27,2026-09-27,16,847984.00
27,2026-09-28,14,741986.00
27,2026-09-29,14,741986.00
28,2025-09-30,8,799992.00
28,2025-10-01,10,999990.00
28,2025-10-02,10,999990.00
28,2025-10-03,10,999990.00
28,2025-10-04,12,1199988.00
28,2025-10-05,11,1099989.00
28,2025-10-06,10,999990.00
28,2025-10-07,10,999990.00
28,2025-10-08,10,999990.00
28,2025-10-09,10,999990.00
28,2025-10-10,10,999990.00
28,2025-10-11,12,1199988.00
28,2025-10-12,11,1099989.00
28,2025-10-13,10,999990.00
28,2025-10-14,10,999990.00
28,2025-10-15,10,999990.00
28,2025-10-16,10,999990.00
28,2025-10-17,10,999990.00
28,2025-10-18,12,1199988.00
28,2025-10-19,11,1099989.00
28,2025-10-20,10,999990.00
28,2025-10-21,10,999990.00
28,2025-10-22,10,999990.00
28,2025-10-23,10,999990.00
28,2025-10-24,10,999990.00
28,2025-10-25,12,1199988.00
28,2025-10-26,11,1099989.00
28,2025-10-27,10,999990.00
28,2025-10-28,10,999990.00
28,2025-10-29,10,999990.00
28,2025-10-30,10,999990.00
28,2025-10-31,10,999990.00
28,2025-11-01,12,1199988.00
28,2025-11-02,11,1099989.00
28,2025-11-03,10,999990.00
28,2025-11-04,10,999990.00
28,2025-11-05,10,999990.00
28,2025-11-06,10,999990.00
28,2025-11-07,10,999990.00
28,2025-11-08,12,1199988.00
28,2025-11-09,11,1099989.00
28,2025-11-10,10,999990.00
28,2025-11-11,10,999990.00
28,2025-11-12,10,999990.00
28,2025-11-13,10,999990.00
28,2025-11-14,10,999990.00
28,2025-11-15,12,1199988.00
28,2025-11-16,11,1099989.00
28,2025-11-17,10,999990.00
28,2025-11-18,10,999990.00
28,2025-11-19,10,999990.00
28,2025-11-20,10,999990.00
28,2025-11-21,10,999990.00
28,2025-11-22,12,1199988.00
28,2025-11-23,11,1099989.00
28,2025-11-24,10,999990.00
28,2025-11-25,10,999990.00
28,2025-11-26,10,999990.00
28,2025-11-27,10,999990.00
28,2025-11-28,10,999990.00
28,2025-11-29,12,1199988.00
28,2025-11-30,11,1099989.00
28,2025-12-01,8,799992.00
28,2025-12-02,8,799992.00
28,2025-12-03,8,799992.00
28,2025-12-04,8,799992.00
28,2025-12-05,8,799992.00
28,2025-12-06,9,899991.00
28,2025-12-07,9,899991.00
28,2025-12-08,8,799992.00
28,2025-12-09,8,799992.00
28,2025-12-10,8,799992.00
28,2025-12-11,8,799992.00
28,2025-12-12,8,799992.00
28,2025-12-13,9,899991.00
28,2025-12-14,9,899991.00
28,2025-12-15,8,799992.00
28,2025-12-16,8,799992.00
28,2025-12-17,8,799992.00
28,2025-12-18,8,799992.00
28,2025-12-19,8,799992.00
28,2025-12-20,9,899991.00
28,2025-12-21,9,899991.00
28,2025-12-22,8,799992.00
28,2025-12-23,8,799992.00
28,2025-12-24,8,799992.00
28,2025-12-25,8,799992.00
28,2025-12-26,8,799992.00
28,2025-12-27,9,899991.00
28,2025-12-28,9,899991.00
28,2025-12-29,8,799992.00
28,2025-12-30,8,799992.00
28,2025-12-31,8,799992.00
28,2026-01-01,8,799992.00
28,2026-01-02,8,799992.00
28,2026-01-03,9,899991.00
28,2026-01-04,9,899991.00
28,2026-01-05,8,799992.00
28,2026-01-06,8,799992.00
28,2026-01-07,8,799992.00
28,2026-01-08,8,799992.00
28,2026-01-09,8,799992.00
28,2026-01-10,9,899991.00
28,2026-01-11,9,899991.00
28,2026-01-12,8,799992.00
28,2026-01-13,8,799992.00
28,2026-01-14,8,799992.00
28,2026-01-15,8,799992.00
28,2026-01-16,8,799992.00
28,2026-01-17,9,899991.00
28,2026-01-18,9,899991.00
28,2026-01-19,8,799992.00
28,2026-01-20,8,799992.00
28,2026-01-21,8,799992.00
28,2026-01-22,8,799992.00
28,2026-01-23,8,799992.00
28,2026-01-24,9,899991.00
28,2026-01-25,9,899991.00
28,2026-01-26,8,799992.00
28,2026-01-27,8,799992.00
28,2026-01-28,8,799992.00
28,2026-01-29,8,799992.00
28,2026-01-30,8,799992.00
28,2026-01-31,9,899991.00
28,2026-02-01,9,899991.00
28,2026-02-02,8,799992.00
28,2026-02-03,8,799992.00
28,2026-02-04,8,799992.00
28,2026-02-05,8,799992.00
28,2026-02-06,8,799992.00
28,2026-02-07,9,899991.00
28,2026-02-08,9,899991.00
28,2026-02-09,8,799992.00
28,2026-02-10,8,799992.00
28,2026-02-11,8,799992.00
28,2026-02-12,8,799992.00
28,2026-02-13,8,799992.00
28,2026-02-14,9,899991.00
28,2026-02-15,9,899991.00
28,2026-02-16,8,799992.00
28,2026-02-17,8,799992.00
28,2026-02-18,8,799992.00
28,2026-02-19,8,799992.00
28,2026-02-20,8,799992.00
28,2026-02-21,9,899991.00
28,2026-02-22,9,899991.00
28,2026-02-23,8,799992.00
28,2026-02-24,8,799992.00
28,2026-02-25,8,799992.00
28,2026-02-26,8,799992.00
28,2026-02-27,8,799992.00
28,2026-02-28,9,899991.00
28,2026-03-01,9,899991.00
28,2026-03-02,8,799992.00
28,2026-03-03,8,799992.00
28,2026-03-04,8,799992.00
28,2026-03-05,8,799992.00
28,2026-03-06,8,799992.00
28,2026-03-07,9,899991.00
28,2026-03-08,9,899991.00
28,2026-03-09,8,799992.00
28,2026-03-10,8,799992.00
28,2026-03-11,8,799992.00
28,2026-03-12,8,799992.00
28,2026-03-13,8,799992.00
28,2026-03-14,9,899991.00
28,2026-03-15,9,899991.00
28,2026-03-16,8,799992.00
28,2026-03-17,8,799992.00
28,2026-03-18,8,799992.00
28,2026-03-19,8,799992.00
28,2026-03-20,8,799992.00
28,2026-03-21,9,899991.00
28,2026-03-22,9,899991.00
28,2026-03-23,8,799992.00
28,2026-03-24,8,799992.00
28,2026-03-25,8,799992.00
28,2026-03-26,8,799992.00
28,2026-03-27,8,799992.00
28,2026-03-28,9,899991.00
28,2026-03-29,9,899991.00
28,2026-03-30,8,799992.00
28,2026-03-31,8,799992.00
28,2026-04-01,8,799992.00
28,2026-04-02,8,799992.00
28,2026-04-03,8,799992.00
28,2026-04-04,9,899991.00
28,2026-04-05,9,899991.00
28,2026-04-06,8,799992.00
28,2026-04-07,8,799992.00
28,2026-04-08,8,799992.00
28,2026-04-09,8,799992.00
28,2026-04-10,8,799992.00
28,2026-04-11,9,899991.00
28,2026-04-12,9,899991.00
28,2026-04-13,8,799992.00
28,2026-04-14,8,799992.00
28,2026-04-15,8,799992.00
28,2026-04-16,8,799992.00
28,2026-04-17,8,799992.00
28,2026-04-18,9,899991.00
28,2026-04-19,9,899991.00
28,2026-04-20,8,799992.00
28,2026-04-21,8,799992.00
28,2026-04-22,8,799992.00
28,2026-04-23,8,799992.00
28,2026-04-24,8,799992.00
28,2026-04-25,9,899991.00
28,2026-04-26,9,899991.00
28,2026-04-27,8,799992.00
28,2026-04-28,8,799992.00
28,2026-04-29,8,799992.00
28,2026-04-30,8,799992.00
28,2026-05-01,8,799992.00
28,2026-05-02,9,899991.00
28,2026-05-03,9,899991.00
28,2026-05-04,8,799992.00
28,2026-05-05,8,799992.00
28,2026-05-06,8,799992.00
28,2026-05-07,8,799992.00
28,2026-05-08,8,799992.00
28,2026-05-09,9,899991.00
28,2026-05-10,9,899991.00
28,2026-05-11,8,799992.00
28,2026-05-12,8,799992.00
28,2026-05-13,8,799992.00
28,2026-05-14,8,799992.00
28,2026-05-15,8,799992.00
28,2026-05-16,9,899991.00
28,2026-05-17,9,899991.00
28,2026-05-18,8,799992.00
28,2026-05-19,8,799992.00
28,2026-05-20,8,799992.00
28,2026-05-21,8,799992.00
28,2026-05-22,8,799992.00
28,2026-05-23,9,899991.00
28,2026-05-24,9,899991.00
28,2026-05-25,8,799992.00
28,2026-05-26,8,799992.00
28,2026-05-27,8,799992.00
28,2026-05-28,8,799992.00
28,2026-05-29,8,799992.00
28,2026-05-30,9,899991.00
28,2026-05-31,9,899991.00
28,2026-06-01,9,899991.00
28,2026-06-02,9,899991.00
28,2026-06-03,9,899991.00
28,2026-06-04,9,899991.00
28,2026-06-05,9,899991.00
28,2026-06-06,11,1099989.00
28,2026-06-07,10,999990.00
28,2026-06-08,9,899991.00
28,2026-06-09,9,899991.00
28,2026-06-10,9,899991.00
28,2026-06-11,9,899991.00
28,2026-06-12,9,899991.00
28,2026-06-13,11,1099989.00
28,2026-06-14,10,999990.00
28,2026-06-15,9,899991.00
28,2026-06-16,9,899991.00
28,2026-06-17,9,899991.00
28,2026-06-18,9,899991.00
28,2026-06-19,9,899991.00
28,2026-06-20,11,1099989.00
28,2026-06-21,10,999990.00
28,2026-06-22,9,899991.00
28,2026-06-23,9,899991.00
28,2026-06-24,9,899991.00
28,2026-06-25,9,899991.00
28,2026-06-26,9,899991.00
28,2026-06-27,11,1099989.00
28,2026-06-28,10,999990.00
28,2026-06-29,9,899991.00
28,2026-06-30,9,899991.00
28,2026-07-01,9,899991.00
28,2026-07-02,9,899991.00
28,2026-07-03,9,899991.00
28,2026-07-04,11,1099989.00
28,2026-07-05,10,999990.00
28,2026-07-06,9,899991.00
28,2026-07-07,9,899991.00
28,2026-07-08,9,899991.00
28,2026-07-09,9,899991.00
28,2026-07-10,9,899991.00
28,2026-07-11,11,1099989.00
28,2026-07-12,10,999990.00
28,2026-07-13,9,899991.00
28,2026-07-14,9,899991.00
28,2026-07-15,9,899991.00
28,2026-07-16,9,899991.00
28,2026-07-17,9,899991.00
28,2026-07-18,11,1099989.00
28,2026-07-19,10,999990.00
28,2026-07-20,9,899991.00
28,2026-07-21,9,899991.00
28,2026-07-22,9,899991.00
28,2026-07-23,9,899991.00
28,2026-07-24,9,899991.00
28,2026-07-25,11,1099989.00
28,2026-07-26,10,999990.00
28,2026-07-27,9,899991.00
28,2026-07-28,9,899991.00
28,2026-07-29,9,899991.00
28,2026-07-30,9,899991.00
28,2026-07-31,9,899991.00
28,2026-08-01,9,899991.00
28,2026-08-02,9,899991.00
28,2026-08-03,8,799992.00
28,2026-08-04,8,799992.00
28,2026-08-05,8,799992.00
28,2026-08-06,8,799992.00
28,2026-08-07,8,799992.00
28,2026-08-08,9,899991.00
28,2026-08-09,9,899991.00
28,2026-08-10,8,799992.00
28,2026-08-11,8,799992.00
28,2026-08-12,8,799992.00
28,2026-08-13,8,799992.00
28,2026-08-14,8,799992.00
28,2026-08-15,9,899991.00
28,2026-08-16,9,899991.00
28,2026-08-17,8,799992.00
28,2026-08-18,8,799992.00
28,2026-08-19,8,799992.00
28,2026-08-20,8,799992.00
28,2026-08-21,8,799992.00
28,2026-08-22,9,899991.00
28,2026-08-23,9,899991.00
28,2026-08-24,8,799992.00
28,2026-08-25,8,799992.00
28,2026-08-26,8,799992.00
28,2026-08-27,8,799992.00
28,2026-08-28,8,799992.00
28,2026-08-29,9,899991.00
28,2026-08-30,9,899991.00
28,2026-08-31,8,799992.00
28,2026-09-01,8,799992.00
28,2026-09-02,8,799992.00
28,2026-09-03,8,799992.00
28,2026-09-04,8,799992.00
28,2026-09-05,9,899991.00
28,2026-09-06,9,899991.00
28,2026-09-07,8,799992.00
28,2026-09-08,8,799992.00
28,2026-09-09,8,799992.00
28,2026-09-10,8,799992.00
28,2026-09-11,8,799992.00
28,2026-09-12,9,899991.00
28,2026-09-13,9,899991.00
28,2026-09-14,8,799992.00
28,2026-09-15,8,799992.00
28,2026-09-16,8,799992.00
28,2026-09-17,8,799992.00
28,2026-09-18,8,799992.00
28,2026-09-19,9,899991.00
28,2026-09-20,9,899991.00
28,2026-09-21,8,799992.00
28,2026-09-22,8,799992.00
28,2026-09-23,8,799992.00
28,2026-09-24,8,799992.00
28,2026-09-25,8,799992.00
28,2026-09-26,9,899991.00
28,2026-09-27,9,899991.00
28,2026-09-28,8,799992.00
28,2026-09-29,8,799992.00
29,2025-09-30,10,179990.00
29,2025-10-01,12,215988.00
29,2025-10-02,12,215988.00
29,2025-10-03,12,215988.00
29,2025-10-04,15,269985.00
29,2025-10-05,14,251986.00
29,2025-10-06,12,215988.00
29,2025-10-07,12,215988.00
29,2025-10-08,12,215988.00
29,2025-10-09,12,215988.00
29,2025-10-10,12,215988.00
29,2025-10-11,15,269985.00
29,2025-10-12,14,251986.00
29,2025-10-13,12,215988.00
29,2025-10-14,12,215988.00
29,2025-10-15,12,215988.00
29,2025-10-16,12,215988.00
29,2025-10-17,12,215988.00
29,2025-10-18,15,269985.00
29,2025-10-19,14,251986.00
29,2025-10-20,12,215988.00
29,2025-10-21,12,215988.00
29,2025-10-22,12,215988.00
29,2025-10-23,12,215988.00
29,2025-10-24,12,215988.00
29,2025-10-25,15,269985.00
29,2025-10-26,14,251986.00
29,2025-10-27,12,215988.00
29,2025-10-28,12,215988.00
29,2025-10-29,12,215988.00
29,2025-10-30,12,215988.00
29,2025-10-31,12,215988.00
29,2025-11-01,15,269985.00
29,2025-11-02,14,251986.00
29,2025-11-03,12,215988.00
29,2025-11-04,12,215988.00
29,2025-11-05,12,215988.00
29,2025-11-06,12,215988.00
29,2025-11-07,12,215988.00
29,2025-11-08,15,269985.00
29,2025-11-09,14,251986.00
29,2025-11-10,12,215988.00
29,2025-11-11,12,215988.00
29,2025-11-12,12,215988.00
29,2025-11-13,12,215988.00
29,2025-11-14,12,215988.00
29,2025-11-15,15,269985.00
29,2025-11-16,14,251986.00
29,2025-11-17,12,215988.00
29,2025-11-18,12,215988.00
29,2025-11-19,12,215988.00
29,2025-11-20,12,215988.00
29,2025-11-21,12,215988.00
29,2025-11-22,15,269985.00
29,2025-11-23,14,251986.00
29,2025-11-24,12,215988.00
29,2025-11-25,12,215988.00
29,2025-11-26,12,215988.00
29,2025-11-27,12,215988.00
29,2025-11-28,12,215988.00
29,2025-11-29,15,269985.00
29,2025-11-30,14,251986.00
29,2025-12-01,10,179990.00
29,2025-12-02,10,179990.00
29,2025-12-03,10,179990.00
29,2025-12-04,10,179990.00
29,2025-12-05,10,179990.00
29,2025-12-06,12,215988.00
29,2025-12-07,11,197989.00
29,2025-12-08,10,179990.00
29,2025-12-09,10,179990.00
29,2025-12-10,10,179990.00
29,2025-12-11,10,179990.00
29,2025-12-12,10,179990.00
29,2025-12-13,12,215988.00
29,2025-12-14,11,197989.00
29,2025-12-15,10,179990.00
29,2025-12-16,10,179990.00
29,2025-12-17,10,179990.00
29,2025-12-18,10,179990.00
29,2025-12-19,10,179990.00
29,2025-12-20,12,215988.00
29,2025-12-21,11,197989.00
29,2025-12-22,10,179990.00
29,2025-12-23,10,179990.00
29,2025-12-24,10,179990.00
29,2025-12-25,10,179990.00
29,2025-12-26,10,179990.00
29,2025-12-27,12,215988.00
29,2025-12-28,11,197989.00
29,2025-12-29,10,179990.00
29,2025-12-30,10,179990.00
29,2025-12-31,10,179990.00
29,2026-01-01,10,179990.00
29,2026-01-02,10,179990.00
29,2026-01-03,12,215988.00
29,2026-01-04,11,197989.00
29,2026-01-05,10,179990.00
29,2026-01-06,10,179990.00
29,2026-01-07,10,179990.00
29,2026-01-08,10,179990.00
29,2026-01-09,10,179990.00
29,2026-01-10,12,215988.00
29,2026-01-11,11,197989.00
29,2026-01-12,10,179990.00
29,2026-01-13,10,179990.00
29,2026-01-14,10,179990.00
29,2026-01-15,10,179990.00
29,2026-01-16,10,179990.00
29,2026-01-17,12,215988.00
29,2026-01-18,11,197989.00
29,2026-01-19,10,179990.00
29,2026-01-20,10,179990.00
29,2026-01-21,10,179990.00
29,2026-01-22,10,179990.00
29,2026-01-23,10,179990.00
29,2026-01-24,12,215988.00
29,2026-01-25,11,197989.00
29,2026-01-26,10,179990.00
29,2026-01-27,10,179990.00
29,2026-01-28,10,179990.00
29,2026-01-29,10,179990.00
29,2026-01-30,10,179990.00
29,2026-01-31,12,215988.00
29,2026-02-01,11,197989.00
29,2026-02-02,10,179990.00
29,2026-02-03,10,179990.00
29,2026-02-04,10,179990.00
29,2026-02-05,10,179990.00
29,2026-02-06,10,179990.00
29,2026-02-07,12,215988.00
29,2026-02-08,11,197989.00
29,2026-02-09,10,179990.00
29,2026-02-10,10,179990.00
29,2026-02-11,10,179990.00
29,2026-02-12,10,179990.00
29,2026-02-13,10,179990.00
29,2026-02-14,12,215988.00
29,2026-02-15,11,197989.00
29,2026-02-16,10,179990.00
29,2026-02-17,10,179990.00
29,2026-02-18,10,179990.00
29,2026-02-19,10,179990.00
29,2026-02-20,10,179990.00
29,2026-02-21,12,215988.00
29,2026-02-22,11,197989.00
29,2026-02-23,10,179990.00
29,2026-02-24,10,179990.00
29,2026-02-25,10,179990.00
29,2026-02-26,10,179990.00
29,2026-02-27,10,179990.00
29,2026-02-28,12,215988.00
29,2026-03-01,11,197989.00
29,2026-03-02,10,179990.00
29,2026-03-03,10,179990.00
29,2026-03-04,10,179990.00
29,2026-03-05,10,179990.00
29,2026-03-06,10,179990.00
29,2026-03-07,12,215988.00
29,2026-03-08,11,197989.00
29,2026-03-09,10,179990.00
29,2026-03-10,10,179990.00
29,2026-03-11,10,179990.00
29,2026-03-12,10,179990.00
29,2026-03-13,10,179990.00
29,2026-03-14,12,215988.00
29,2026-03-15,11,197989.00
29,2026-03-16,10,179990.00
29,2026-03-17,10,179990.00
29,2026-03-18,10,179990.00
29,2026-03-19,10,179990.00
29,2026-03-20,10,179990.00
29,2026-03-21,12,215988.00
29,2026-03-22,11,197989.00
29,2026-03-23,10,179990.00
29,2026-03-24,10,179990.00
29,2026-03-25,10,179990.00
29,2026-03-26,10,179990.00
29,2026-03-27,10,179990.00
29,2026-03-28,12,215988.00
29,2026-03-29,11,197989.00
29,2026-03-30,10,179990.00
29,2026-03-31,10,179990.00
29,2026-04-01,10,179990.00
29,2026-04-02,10,179990.00
29,2026-04-03,10,179990.00
29,2026-04-04,12,215988.00
29,2026-04-05,11,197989.00
29,2026-04-06,10,179990.00
29,2026-04-07,10,179990.00
29,2026-04-08,10,179990.00
29,2026-04-09,10,179990.00
29,2026-04-10,10,179990.00
29,2026-04-11,12,215988.00
29,2026-04-12,11,197989.00
29,2026-04-13,10,179990.00
29,2026-04-14,10,179990.00
29,2026-04-15,10,179990.00
29,2026-04-16,10,179990.00
29,2026-04-17,10,179990.00
29,2026-04-18,12,215988.00
29,2026-04-19,11,197989.00
29,2026-04-20,10,179990.00
29,2026-04-21,10,179990.00
29,2026-04-22,10,179990.00
29,2026-04-23,10,179990.00
29,2026-04-24,10,179990.00
29,2026-04-25,12,215988.00
29,2026-04-26,11,197989.00
29,2026-04-27,10,179990.00
29,2026-04-28,10,179990.00
29,2026-04-29,10,179990.00
29,2026-04-30,10,179990.00
29,2026-05-01,10,179990.00
29,2026-05-02,12,215988.00
29,2026-05-03,11,197989.00
29,2026-05-04,10,179990.00
29,2026-05-05,10,179990.00
29,2026-05-06,10,179990.00
29,2026-05-07,10,179990.00
29,2026-05-08,10,179990.00
29,2026-05-09,12,215988.00
29,2026-05-10,11,197989.00
29,2026-05-11,10,179990.00
29,2026-05-12,10,179990.00
29,2026-05-13,10,179990.00
29,2026-05-14,10,179990.00
29,2026-05-15,10,179990.00
29,2026-05-16,12,215988.00
29,2026-05-17,11,197989.00
29,2026-05-18,10,179990.00
29,2026-05-19,10,179990.00
29,2026-05-20,10,179990.00
29,2026-05-21,10,179990.00
29,2026-05-22,10,179990.00
29,2026-05-23,12,215988.00
29,2026-05-24,11,197989.00
29,2026-05-25,10,179990.00
29,2026-05-26,10,179990.00
29,2026-05-27,10,179990.00
29,2026-05-28,10,179990.00
29,2026-05-29,10,179990.00
29,2026-05-30,12,215988.00
29,2026-05-31,11,197989.00
29,2026-06-01,11,197989.00
29,2026-06-02,11,197989.00
29,2026-06-03,11,197989.00
29,2026-06-04,11,197989.00
29,2026-06-05,11,197989.00
29,2026-06-06,13,233987.00
29,2026-06-07,13,233987.00
29,2026-06-08,11,197989.00
29,2026-06-09,11,197989.00
29,2026-06-10,11,197989.00
29,2026-06-11,11,197989.00
29,2026-06-12,11,197989.00
29,2026-06-13,13,233987.00
29,2026-06-14,13,233987.00
29,2026-06-15,11,197989.00
29,2026-06-16,11,197989.00
29,2026-06-17,11,197989.00
29,2026-06-18,11,197989.00
29,2026-06-19,11,197989.00
29,2026-06-20,13,233987.00
29,2026-06-21,13,233987.00
29,2026-06-22,11,197989.00
29,2026-06-23,11,197989.00
29,2026-06-24,11,197989.00
29,2026-06-25,11,197989.00
29,2026-06-26,11,197989.00
29,2026-06-27,13,233987.00
29,2026-06-28,13,233987.00
29,2026-06-29,11,197989.00
29,2026-06-30,11,197989.00
29,2026-07-01,11,197989.00
29,2026-07-02,11,197989.00
29,2026-07-03,11,197989.00
29,2026-07-04,13,233987.00
29,2026-07-05,13,233987.00
29,2026-07-06,11,197989.00
29,2026-07-07,11,197989.00
29,2026-07-08,11,197989.00
29,2026-07-09,11,197989.00
29,2026-07-10,11,197989.00
29,2026-07-11,13,233987.00
29,2026-07-12,13,233987.00
29,2026-07-13,11,197989.00
29,2026-07-14,11,197989.00
29,2026-07-15,11,197989.00
29,2026-07-16,11,197989.00
29,2026-07-17,11,197989.00
29,2026-07-18,13,233987.00
29,2026-07-19,13,233987.00
29,2026-07-20,11,197989.00
29,2026-07-21,11,197989.00
29,2026-07-22,11,197989.00
29,2026-07-23,11,197989.00
29,2026-07-24,11,197989.00
29,2026-07-25,13,233987.00
29,2026-07-26,13,233987.00
29,2026-07-27,11,197989.00
29,2026-07-28,11,197989.00
29,2026-07-29,11,197989.00
29,2026-07-30,11,197989.00
29,2026-07-31,11,197989.00
29,2026-08-01,12,215988.00
29,2026-08-02,11,197989.00
29,2026-08-03,10,179990.00
29,2026-08-04,10,179990.00
29,2026-08-05,10,179990.00
29,2026-08-06,10,179990.00
29,2026-08-07,10,179990.00
29,2026-08-08,12,215988.00
29,2026-08-09,11,197989.00
29,2026-08-10,10,179990.00
29,2026-08-11,10,179990.00
29,2026-08-12,10,179990.00
29,2026-08-13,10,179990.00
29,2026-08-14,10,179990.00
29,2026-08-15,12,215988.00
29,2026-08-16,11,197989.00
29,2026-08-17,10,179990.00
29,2026-08-18,10,179990.00
29,2026-08-19,10,179990.00
29,2026-08-20,10,179990.00
29,2026-08-21,10,179990.00
29,2026-08-22,12,215988.00
29,2026-08-23,11,197989.00
29,2026-08-24,10,179990.00
29,2026-08-25,10,179990.00
29,2026-08-26,10,179990.00
29,2026-08-27,10,179990.00
29,2026-08-28,10,179990.00
29,2026-08-29,12,215988.00
29,2026-08-30,11,197989.00
29,2026-08-31,10,179990.00
29,2026-09-01,10,179990.00
29,2026-09-02,10,179990.00
29,2026-09-03,10,179990.00
29,2026-09-04,10,179990.00
29,2026-09-05,12,215988.00
29,2026-09-06,11,197989.00
29,2026-09-07,10,179990.00
29,2026-09-08,10,179990.00
29,2026-09-09,10,179990.00
29,2026-09-10,10,179990.00
29,2026-09-11,10,179990.00
29,2026-09-12,12,215988.00
29,2026-09-13,11,197989.00
29,2026-09-14,10,179990.00
29,2026-09-15,10,179990.00
29,2026-09-16,10,179990.00
29,2026-09-17,10,179990.00
29,2026-09-18,10,179990.00
29,2026-09-19,12,215988.00
29,2026-09-20,11,197989.00
29,2026-09-21,10,179990.00
29,2026-09-22,10,179990.00
29,2026-09-23,10,179990.00
29,2026-09-24,10,179990.00
29,2026-09-25,10,179990.00
29,2026-09-26,12,215988.00
29,2026-09-27,11,197989.00
29,2026-09-28,10,179990.00
29,2026-09-29,10,179990.00
30,2025-09-30,16,14384.00
30,2025-10-01,20,17980.00
30,2025-10-02,20,17980.00
30,2025-10-03,20,17980.00
30,2025-10-04,23,20677.00
30,2025-10-05,22,19778.00
30,2025-10-06,20,17980.00
30,2025-10-07,20,17980.00
30,2025-10-08,20,17980.00
30,2025-10-09,20,17980.00
30,2025-10-10,20,17980.00
30,2025-10-11,23,20677.00
30,2025-10-12,22,19778.00
30,2025-10-13,20,17980.00
30,2025-10-14,20,17980.00
30,2025-10-15,20,17980.00
30,2025-10-16,20,17980.00
30,2025-10-17,20,17980.00
30,2025-10-18,23,20677.00
30,2025-10-19,22,19778.00
30,2025-10-20,20,17980.00
30,2025-10-21,20,17980.00
30,2025-10-22,20,17980.00
30,2025-10-23,20,17980.00
30,2025-10-24,20,17980.00
30,2025-10-25,23,20677.00
30,2025-10-26,22,19778.00
30,2025-10-27,20,17980.00
30,2025-10-28,20,17980.00
30,2025-10-29,20,17980.00
30,2025-10-30,20,17980.00
30,2025-10-31,20,17980.00
30,2025-11-01,23,20677.00
30,2025-11-02,22,19778.00
30,2025-11-03,20,17980.00
30,2025-11-04,20,17980.00
30,2025-11-05,20,17980.00
30,2025-11-06,20,17980.00
30,2025-11-07,20,17980.00
30,2025-11-08,23,20677.00
30,2025-11-09,22,19778.00
30,2025-11-10,20,17980.00
30,2025-11-11,20,17980.00
30,2025-11-12,20,17980.00
30,2025-11-13,20,17980.00
30,2025-11-14,20,17980.00
30,2025-11-15,23,20677.00
30,2025-11-16,22,19778.00
30,2025-11-17,20,17980.00
30,2025-11-18,20,17980.00
30,2025-11-19,20,17980.00
30,2025-11-20,20,17980.00
30,2025-11-21,20,17980.00
30,2025-11-22,23,20677.00
30,2025-11-23,22,19778.00
30,2025-11-24,20,17980.00
30,2025-11-25,20,17980.00
30,2025-11-26,20,17980.00
30,2025-11-27,20,17980.00
30,2025-11-28,20,17980.00
30,2025-11-29,23,20677.00
30,2025-11-30,22,19778.00
30,2025-12-01,16,14384.00
30,2025-12-02,16,14384.00
30,2025-12-03,16,14384.00
30,2025-12-04,16,14384.00
30,2025-12-05,16,14384.00
30,2025-12-06,19,17081.00
30,2025-12-07,18,16182.00
30,2025-12-08,16,14384.00
30,2025-12-09,16,14384.00
30,2025-12-10,16,14384.00
30,2025-12-11,16,14384.00
30,2025-12-12,16,14384.00
30,2025-12-13,19,17081.00
30,2025-12-14,18,16182.00
30,2025-12-15,16,14384.00
30,2025-12-16,16,14384.00
30,2025-12-17,16,14384.00
30,2025-12-18,16,14384.00
30,2025-12-19,16,14384.00
30,2025-12-20,19,17081.00
30,2025-12-21,18,16182.00
30,2025-12-22,16,14384.00
30,2025-12-23,16,14384.00
30,2025-12-24,16,14384.00
30,2025-12-25,16,14384.00
30,2025-12-26,16,14384.00
30,2025-12-27,19,17081.00
30,2025-12-28,18,16182.00
30,2025-12-29,16,14384.00
30,2025-12-30,16,14384.00
30,2025-12-31,16,14384.00
30,2026-01-01,16,14384.00
30,2026-01-02,16,14384.00
30,2026-01-03,19,17081.00
30,2026-01-04,18,16182.00
30,2026-01-05,16,14384.00
30,2026-01-06,16,14384.00
30,2026-01-07,16,14384.00
30,2026-01-08,16,14384.00
30,2026-01-09,16,14384.00
30,2026-01-10,19,17081.00
30,2026-01-11,18,16182.00
30,2026-01-12,16,14384.00
30,2026-01-13,16,14384.00
30,2026-01-14,16,14384.00
30,2026-01-15,16,14384.00
30,2026-01-16,16,14384.00
30,2026-01-17,19,17081.00
30,2026-01-18,18,16182.00
30,2026-01-19,16,14384.00
30,2026-01-20,16,14384.00
30,2026-01-21,16,14384.00
30,2026-01-22,16,14384.00
30,2026-01-23,16,14384.00
30,2026-01-24,19,17081.00
30,2026-01-25,18,16182.00
30,2026-01-26,16,14384.00
30,2026-01-27,16,14384.00
30,2026-01-28,16,14384.00
30,2026-01-29,16,14384.00
30,2026-01-30,16,14384.00
30,2026-01-31,19,17081.00
30,2026-02-01,18,16182.00
30,2026-02-02,16,14384.00
30,2026-02-03,16,14384.00
30,2026-02-04,16,14384.00
30,2026-02-05,16,14384.00
30,2026-02-06,16,14384.00
30,2026-02-07,19,17081.00
30,2026-02-08,18,16182.00
30,2026-02-09,16,14384.00
30,2026-02-10,16,14384.00
30,2026-02-11,16,14384.00
30,2026-02-12,16,14384.00
30,2026-02-13,16,14384.00
30,2026-02-14,19,17081.00
30,2026-02-15,18,16182.00
30,2026-02-16,16,14384.00
30,2026-02-17,16,14384.00
30,2026-02-18,16,14384.00
30,2026-02-19,16,14384.00
30,2026-02-20,16,14384.00
30,2026-02-21,19,17081.00
30,2026-02-22,18,16182.00
30,2026-02-23,16,14384.00
30,2026-02-24,16,14384.00
30,2026-02-25,16,14384.00
30,2026-02-26,16,14384.00
30,2026-02-27,16,14384.00
30,2026-02-28,19,17081.00
30,2026-03-01,18,16182.00
30,2026-03-02,16,14384.00
30,2026-03-03,16,14384.00
30,2026-03-04,16,14384.00
30,2026-03-05,16,14384.00
30,2026-03-06,16,14384.00
30,2026-03-07,19,17081.00
30,2026-03-08,18,16182.00
30,2026-03-09,16,14384.00
30,2026-03-10,16,14384.00
30,2026-03-11,16,14384.00
30,2026-03-12,16,14384.00
30,2026-03-13,16,14384.00
30,2026-03-14,19,17081.00
30,2026-03-15,18,16182.00
30,2026-03-16,16,14384.00
30,2026-03-17,16,14384.00
30,2026-03-18,16,14384.00
30,2026-03-19,16,14384.00
30,2026-03-20,16,14384.00
30,2026-03-21,19,17081.00
30,2026-03-22,18,16182.00
30,2026-03-23,16,14384.00
30,2026-03-24,16,14384.00
30,2026-03-25,16,14384.00
30,2026-03-26,16,14384.00
30,2026-03-27,16,14384.00
30,2026-03-28,19,17081.00
30,2026-03-29,18,16182.00
30,2026-03-30,16,14384.00
30,2026-03-31,16,14384.00
30,2026-04-01,16,14384.00
30,2026-04-02,16,14384.00
30,2026-04-03,16,14384.00
30,2026-04-04,19,17081.00
30,2026-04-05,18,16182.00
30,2026-04-06,16,14384.00
30,2026-04-07,16,14384.00
30,2026-04-08,16,14384.00
30,2026-04-09,16,14384.00
30,2026-04-10,16,14384.00
30,2026-04-11,19,17081.00
30,2026-04-12,18,16182.00
30,2026-04-13,16,14384.00
30,2026-04-14,16,14384.00
30,2026-04-15,16,14384.00
30,2026-04-16,16,14384.00
30,2026-04-17,16,14384.00
30,2026-04-18,19,17081.00
30,2026-04-19,18,16182.00
30,2026-04-20,16,14384.00
30,2026-04-21,16,14384.00
30,2026-04-22,16,14384.00
30,2026-04-23,16,14384.00
30,2026-04-24,16,14384.00
30,2026-04-25,19,17081.00
30,2026-04-26,18,16182.00
30,2026-04-27,16,14384.00
30,2026-04-28,16,14384.00
30,2026-04-29,16,14384.00
30,2026-04-30,16,14384.00
30,2026-05-01,16,14384.00
30,2026-05-02,19,17081.00
30,2026-05-03,18,16182.00
30,2026-05-04,16,14384.00
30,2026-05-05,16,14384.00
30,2026-05-06,16,14384.00
30,2026-05-07,16,14384.00
30,2026-05-08,16,14384.00
30,2026-05-09,19,17081.00
30,2026-05-10,18,16182.00
30,2026-05-11,16,14384.00
30,2026-05-12,16,14384.00
30,2026-05-13,16,14384.00
30,2026-05-14,16,14384.00
30,2026-05-15,16,14384.00
30,2026-05-16,19,17081.00
30,2026-05-17,18,16182.00
30,2026-05-18,16,14384.00
30,2026-05-19,16,14384.00
30,2026-05-20,16,14384.00
30,2026-05-21,16,14384.00
30,2026-05-22,16,14384.00
30,2026-05-23,19,17081.00
30,2026-05-24,18,16182.00
30,2026-05-25,16,14384.00
30,2026-05-26,16,14384.00
30,2026-05-27,16,14384.00
30,2026-05-28,16,14384.00
30,2026-05-29,16,14384.00
30,2026-05-30,19,17081.00
30,2026-05-31,18,16182.00
30,2026-06-01,18,16182.00
30,2026-06-02,18,16182.00
30,2026-06-03,18,16182.00
30,2026-06-04,18,16182.00
30,2026-06-05,18,16182.00
30,2026-06-06,22,19778.00
30,2026-06-07,21,18879.00
30,2026-06-08,18,16182.00
30,2026-06-09,18,16182.00
30,2026-06-10,18,16182.00
30,2026-06-11,18,16182.00
30,2026-06-12,18,16182.00
30,2026-06-13,22,19778.00
30,2026-06-14,21,18879.00
30,2026-06-15,18,16182.00
30,2026-06-16,18,16182.00
30,2026-06-17,18,16182.00
30,2026-06-18,18,16182.00
30,2026-06-19,18,16182.00
30,2026-06-20,22,19778.00
30,2026-06-21,21,18879.00
30,2026-06-22,18,16182.00
30,2026-06-23,18,16182.00
30,2026-06-24,18,16182.00
30,2026-06-25,18,16182.00
30,2026-06-26,18,16182.00
30,2026-06-27,22,19778.00
30,2026-06-28,21,18879.00
30,2026-06-29,18,16182.00
30,2026-06-30,18,16182.00
30,2026-07-01,18,16182.00
30,2026-07-02,18,16182.00
30,2026-07-03,18,16182.00
30,2026-07-04,22,19778.00
30,2026-07-05,21,18879.00
30,2026-07-06,18,16182.00
30,2026-07-07,18,16182.00
30,2026-07-08,18,16182.00
30,2026-07-09,18,16182.00
30,2026-07-10,18,16182.00
30,2026-07-11,22,19778.00
30,2026-07-12,21,18879.00
30,2026-07-13,18,16182.00
30,2026-07-14,18,16182.00
30,2026-07-15,18,16182.00
30,2026-07-16,18,16182.00
30,2026-07-17,18,16182.00
30,2026-07-18,22,19778.00
30,2026-07-19,21,18879.00
30,2026-07-20,18,16182.00
30,2026-07-21,18,16182.00
30,2026-07-22,18,16182.00
30,2026-07-23,18,16182.00
30,2026-07-24,18,16182.00
30,2026-07-25,22,19778.00
30,2026-07-26,21,18879.00
30,2026-07-27,18,16182.00
30,2026-07-28,18,16182.00
30,2026-07-29,18,16182.00
30,2026-07-30,18,16182.00
30,2026-07-31,18,16182.00
30,2026-08-01,19,17081.00
30,2026-08-02,18,16182.00
30,2026-08-03,16,14384.00
30,2026-08-04,16,14384.00
30,2026-08-05,16,14384.00
30,2026-08-06,16,14384.00
30,2026-08-07,16,14384.00
30,2026-08-08,19,17081.00
30,2026-08-09,18,16182.00
30,2026-08-10,16,14384.00
30,2026-08-11,16,14384.00
30,2026-08-12,16,14384.00
30,2026-08-13,16,14384.00
30,2026-08-14,16,14384.00
30,2026-08-15,19,17081.00
30,2026-08-16,18,16182.00
30,2026-08-17,16,14384.00
30,2026-08-18,16,14384.00
30,2026-08-19,16,14384.00
30,2026-08-20,16,14384.00
30,2026-08-21,16,14384.00
30,2026-08-22,19,17081.00
30,2026-08-23,18,16182.00
30,2026-08-24,16,14384.00
30,2026-08-25,16,14384.00
30,2026-08-26,16,14384.00
30,2026-08-27,16,14384.00
30,2026-08-28,16,14384.00
30,2026-08-29,19,17081.00
30,2026-08-30,18,16182.00
30,2026-08-31,16,14384.00
30,2026-09-01,16,14384.00
30,2026-09-02,16,14384.00
30,2026-09-03,16,14384.00
30,2026-09-04,16,14384.00
30,2026-09-05,19,17081.00
30,2026-09-06,18,16182.00
30,2026-09-07,16,14384.00
30,2026-09-08,16,14384.00
30,2026-09-09,16,14384.00
30,2026-09-10,16,14384.00
30,2026-09-11,16,14384.00
30,2026-09-12,19,17081.00
30,2026-09-13,18,16182.00
30,2026-09-14,16,14384.00
30,2026-09-15,16,14384.00
30,2026-09-16,16,14384.00
30,2026-09-17,16,14384.00
30,2026-09-18,16,14384.00
30,2026-09-19,19,17081.00
30,2026-09-20,18,16182.00
30,2026-09-21,16,14384.00
30,2026-09-22,16,14384.00
30,2026-09-23,16,14384.00
30,2026-09-24,16,14384.00
30,2026-09-25,16,14384.00
30,2026-09-26,19,17081.00
30,2026-09-27,18,16182.00
30,2026-09-28,16,14384.00
30,2026-09-29,16,14384.00
31,2025-09-30,11,76989.00
31,2025-10-01,16,111984.00
31,2025-10-02,16,111984.00
31,2025-10-03,16,111984.00
31,2025-10-04,19,132981.00
31,2025-10-05,19,132981.00
31,2025-10-06,16,111984.00
31,2025-10-07,16,111984.00
31,2025-10-08,16,111984.00
31,2025-10-09,16,111984.00
31,2025-10-10,16,111984.00
31,2025-10-11,19,132981.00
31,2025-10-12,19,132981.00
31,2025-10-13,16,111984.00
31,2025-10-14,16,111984.00
31,2025-10-15,16,111984.00
31,2025-10-16,16,111984.00
31,2025-10-17,16,111984.00
31,2025-10-18,19,132981.00
31,2025-10-19,19,132981.00
31,2025-10-20,16,111984.00
31,2025-10-21,16,111984.00
31,2025-10-22,16,111984.00
31,2025-10-23,16,111984.00
31,2025-10-24,16,111984.00
31,2025-10-25,19,132981.00
31,2025-10-26,19,132981.00
31,2025-10-27,16,111984.00
31,2025-10-28,16,111984.00
31,2025-10-29,16,111984.00
31,2025-10-30,16,111984.00
31,2025-10-31,16,111984.00
31,2025-11-01,19,132981.00
31,2025-11-02,19,132981.00
31,2025-11-03,16,111984.00
31,2025-11-04,16,111984.00
31,2025-11-05,16,111984.00
31,2025-11-06,16,111984.00
31,2025-11-07,16,111984.00
31,2025-11-08,19,132981.00
31,2025-11-09,19,132981.00
31,2025-11-10,16,111984.00
31,2025-11-11,16,111984.00
31,2025-11-12,16,111984.00
31,2025-11-13,16,111984.00
31,2025-11-14,16,111984.00
31,2025-11-15,19,132981.00
31,2025-11-16,19,132981.00
31,2025-11-17,16,111984.00
31,2025-11-18,16,111984.00
31,2025-11-19,16,111984.00
31,2025-11-20,16,111984.00
31,2025-11-21,16,111984.00
31,2025-11-22,19,132981.00
31,2025-11-23,19,132981.00
31,2025-11-24,16,111984.00
31,2025-11-25,16,111984.00
31,2025-11-26,16,111984.00
31,2025-11-27,16,111984.00
31,2025-11-28,16,111984.00
31,2025-11-29,19,132981.00
31,2025-11-30,19,132981.00
31,2025-12-01,13,90987.00
31,2025-12-02,13,90987.00
31,2025-12-03,13,90987.00
31,2025-12-04,13,90987.00
31,2025-12-05,13,90987.00
31,2025-12-06,16,111984.00
31,2025-12-07,15,104985.00
31,2025-12-08,13,90987.00
31,2025-12-09,13,90987.00
31,2025-12-10,13,90987.00
31,2025-12-11,13,90987.00
31,2025-12-12,13,90987.00
31,2025-12-13,16,111984.00
31,2025-12-14,15,104985.00
31,2025-12-15,13,90987.00
31,2025-12-16,13,90987.00
31,2025-12-17,13,90987.00
31,2025-12-18,13,90987.00
31,2025-12-19,13,90987.00
31,2025-12-20,16,111984.00
31,2025-12-21,15,104985.00
31,2025-12-22,13,90987.00
31,2025-12-23,13,90987.00
31,2025-12-24,13,90987.00
31,2025-12-25,13,90987.00
31,2025-12-26,13,90987.00
31,2025-12-27,16,111984.00
31,2025-12-28,15,104985.00
31,2025-12-29,13,90987.00
31,2025-12-30,13,90987.00
31,2025-12-31,13,90987.00
31,2026-01-01,11,76989.00
31,2026-01-02,11,76989.00
31,2026-01-03,14,97986.00
31,2026-01-04,13,90987.00
31,2026-01-05,11,76989.00
31,2026-01-06,11,76989.00
31,2026-01-07,11,76989.00
31,2026-01-08,11,76989.00
31,2026-01-09,11,76989.00
31,2026-01-10,14,97986.00
31,2026-01-11,13,90987.00
31,2026-01-12,11,76989.00
31,2026-01-13,11,76989.00
31,2026-01-14,11,76989.00
31,2026-01-15,11,76989.00
31,2026-01-16,11,76989.00
31,2026-01-17,14,97986.00
31,2026-01-18,13,90987.00
31,2026-01-19,11,76989.00
31,2026-01-20,11,76989.00
31,2026-01-21,11,76989.00
31,2026-01-22,11,76989.00
31,2026-01-23,11,76989.00
31,2026-01-24,14,97986.00
31,2026-01-25,13,90987.00
31,2026-01-26,11,76989.00
31,2026-01-27,11,76989.00
31,2026-01-28,11,76989.00
31,2026-01-29,11,76989.00
31,2026-01-30,11,76989.00
31,2026-01-31,14,97986.00
31,2026-02-01,13,90987.00
31,2026-02-02,11,76989.00
31,2026-02-03,11,76989.00
31,2026-02-04,11,76989.00
31,2026-02-05,11,76989.00
31,2026-02-06,11,76989.00
31,2026-02-07,14,97986.00
31,2026-02-08,13,90987.00
31,2026-02-09,11,76989.00
31,2026-02-10,11,76989.00
31,2026-02-11,11,76989.00
31,2026-02-12,11,76989.00
31,2026-02-13,11,76989.00
31,2026-02-14,14,97986.00
31,2026-02-15,13,90987.00
31,2026-02-16,11,76989.00
31,2026-02-17,11,76989.00
31,2026-02-18,11,76989.00
31,2026-02-19,11,76989.00
31,2026-02-20,11,76989.00
31,2026-02-21,14,97986.00
31,2026-02-22,13,90987.00
31,2026-02-23,11,76989.00
31,2026-02-24,11,76989.00
31,2026-02-25,11,76989.00
31,2026-02-26,11,76989.00
31,2026-02-27,11,76989.00
31,2026-02-28,14,97986.00
31,2026-03-01,13,90987.00
31,2026-03-02,11,76989.00
31,2026-03-03,11,76989.00
31,2026-03-04,11,76989.00
31,2026-03-05,11,76989.00
31,2026-03-06,11,76989.00
31,2026-03-07,14,97986.00
31,2026-03-08,13,90987.00
31,2026-03-09,11,76989.00
31,2026-03-10,11,76989.00
31,2026-03-11,11,76989.00
31,2026-03-12,11,76989.00
31,2026-03-13,11,76989.00
31,2026-03-14,14,97986.00
31,2026-03-15,13,90987.00
31,2026-03-16,11,76989.00
31,2026-03-17,11,76989.00
31,2026-03-18,11,76989.00
31,2026-03-19,11,76989.00
31,2026-03-20,11,76989.00
31,2026-03-21,14,97986.00
31,2026-03-22,13,90987.00
31,2026-03-23,11,76989.00
31,2026-03-24,11,76989.00
31,2026-03-25,11,76989.00
31,2026-03-26,11,76989.00
31,2026-03-27,11,76989.00
31,2026-03-28,14,97986.00
31,2026-03-29,13,90987.00
31,2026-03-30,11,76989.00
31,2026-03-31,11,76989.00
31,2026-04-01,11,76989.00
31,2026-04-02,11,76989.00
31,2026-04-03,11,76989.00
31,2026-04-04,14,97986.00
31,2026-04-05,13,90987.00
31,2026-04-06,11,76989.00
31,2026-04-07,11,76989.00
31,2026-04-08,11,76989.00
31,2026-04-09,11,76989.00
31,2026-04-10,11,76989.00
31,2026-04-11,14,97986.00
31,2026-04-12,13,90987.00
31,2026-04-13,11,76989.00
31,2026-04-14,11,76989.00
31,2026-04-15,11,76989.00
31,2026-04-16,11,76989.00
31,2026-04-17,11,76989.00
31,2026-04-18,14,97986.00
31,2026-04-19,13,90987.00
31,2026-04-20,11,76989.00
31,2026-04-21,11,76989.00
31,2026-04-22,11,76989.00
31,2026-04-23,11,76989.00
31,2026-04-24,11,76989.00
31,2026-04-25,14,97986.00
31,2026-04-26,13,90987.00
31,2026-04-27,11,76989.00
31,2026-04-28,11,76989.00
31,2026-04-29,11,76989.00
31,2026-04-30,11,76989.00
31,2026-05-01,11,76989.00
31,2026-05-02,14,97986.00
31,2026-05-03,13,90987.00
31,2026-05-04,11,76989.00
31,2026-05-05,11,76989.00
31,2026-05-06,11,76989.00
31,2026-05-07,11,76989.00
31,2026-05-08,11,76989.00
31,2026-05-09,14,97986.00
31,2026-05-10,13,90987.00
31,2026-05-11,11,76989.00
31,2026-05-12,11,76989.00
31,2026-05-13,11,76989.00
31,2026-05-14,11,76989.00
31,2026-05-15,11,76989.00
31,2026-05-16,14,97986.00
31,2026-05-17,13,90987.00
31,2026-05-18,11,76989.00
31,2026-05-19,11,76989.00
31,2026-05-20,11,76989.00
31,2026-05-21,11,76989.00
31,2026-05-22,11,76989.00
31,2026-05-23,14,97986.00
31,2026-05-24,13,90987.00
31,2026-05-25,11,76989.00
31,2026-05-26,11,76989.00
31,2026-05-27,11,76989.00
31,2026-05-28,11,76989.00
31,2026-05-29,11,76989.00
31,2026-05-30,14,97986.00
31,2026-05-31,13,90987.00
31,2026-06-01,11,76989.00
31,2026-06-02,11,76989.00
31,2026-06-03,11,76989.00
31,2026-06-04,11,76989.00
31,2026-06-05,11,76989.00
31,2026-06-06,14,97986.00
31,2026-06-07,13,90987.00
31,2026-06-08,11,76989.00
31,2026-06-09,11,76989.00
31,2026-06-10,11,76989.00
31,2026-06-11,11,76989.00
31,2026-06-12,11,76989.00
31,2026-06-13,14,97986.00
31,2026-06-14,13,90987.00
31,2026-06-15,11,76989.00
31,2026-06-16,11,76989.00
31,2026-06-17,11,76989.00
31,2026-06-18,11,76989.00
31,2026-06-19,11,76989.00
31,2026-06-20,14,97986.00
31,2026-06-21,13,90987.00
31,2026-06-22,11,76989.00
31,2026-06-23,11,76989.00
31,2026-06-24,11,76989.00
31,2026-06-25,11,76989.00
31,2026-06-26,11,76989.00
31,2026-06-27,14,97986.00
31,2026-06-28,13,90987.00
31,2026-06-29,11,76989.00
31,2026-06-30,11,76989.00
31,2026-07-01,11,76989.00
31,2026-07-02,11,76989.00
31,2026-07-03,11,76989.00
31,2026-07-04,14,97986.00
31,2026-07-05,13,90987.00
31,2026-07-06,11,76989.00
31,2026-07-07,11,76989.00
31,2026-07-08,11,76989.00
31,2026-07-09,11,76989.00
31,2026-07-10,11,76989.00
31,2026-07-11,14,97986.00
31,2026-07-12,13,90987.00
31,2026-07-13,11,76989.00
31,2026-07-14,11,76989.00
31,2026-07-15,11,76989.00
31,2026-07-16,11,76989.00
31,2026-07-17,11,76989.00
31,2026-07-18,14,97986.00
31,2026-07-19,13,90987.00
31,2026-07-20,11,76989.00
31,2026-07-21,11,76989.00
31,2026-07-22,11,76989.00
31,2026-07-23,11,76989.00
31,2026-07-24,11,76989.00
31,2026-07-25,14,97986.00
31,2026-07-26,13,90987.00
31,2026-07-27,11,76989.00
31,2026-07-28,11,76989.00
31,2026-07-29,11,76989.00
31,2026-07-30,11,76989.00
31,2026-07-31,11,76989.00
31,2026-08-01,14,97986.00
31,2026-08-02,13,90987.00
31,2026-08-03,11,76989.00
31,2026-08-04,11,76989.00
31,2026-08-05,11,76989.00
31,2026-08-06,11,76989.00
31,2026-08-07,11,76989.00
31,2026-08-08,14,97986.00
31,2026-08-09,13,90987.00
31,2026-08-10,11,76989.00
31,2026-08-11,11,76989.00
31,2026-08-12,11,76989.00
31,2026-08-13,11,76989.00
31,2026-08-14,11,76989.00
31,2026-08-15,14,97986.00
31,2026-08-16,13,90987.00
31,2026-08-17,11,76989.00
31,2026-08-18,11,76989.00
31,2026-08-19,11,76989.00
31,2026-08-20,11,76989.00
31,2026-08-21,11,76989.00
31,2026-08-22,14,97986.00
31,2026-08-23,13,90987.00
31,2026-08-24,11,76989.00
31,2026-08-25,11,76989.00
31,2026-08-26,11,76989.00
31,2026-08-27,11,76989.00
31,2026-08-28,11,76989.00
31,2026-08-29,14,97986.00
31,2026-08-30,13,90987.00
31,2026-08-31,11,76989.00
31,2026-09-01,11,76989.00
31,2026-09-02,11,76989.00
31,2026-09-03,11,76989.00
31,2026-09-04,11,76989.00
31,2026-09-05,14,97986.00
31,2026-09-06,13,90987.00
31,2026-09-07,11,76989.00
31,2026-09-08,11,76989.00
31,2026-09-09,11,76989.00
31,2026-09-10,11,76989.00
31,2026-09-11,11,76989.00
31,2026-09-12,14,97986.00
31,2026-09-13,13,90987.00
31,2026-09-14,11,76989.00
31,2026-09-15,11,76989.00
31,2026-09-16,11,76989.00
31,2026-09-17,11,76989.00
31,2026-09-18,11,76989.00
31,2026-09-19,14,97986.00
31,2026-09-20,13,90987.00
31,2026-09-21,11,76989.00
31,2026-09-22,11,76989.00
31,2026-09-23,11,76989.00
31,2026-09-24,11,76989.00
31,2026-09-25,11,76989.00
31,2026-09-26,14,97986.00
31,2026-09-27,13,90987.00
31,2026-09-28,11,76989.00
31,2026-09-29,11,76989.00
32,2025-09-30,18,89982.00
32,2025-10-01,26,129974.00
32,2025-10-02,26,129974.00
32,2025-10-03,26,129974.00
32,2025-10-04,31,154969.00
32,2025-10-05,29,144971.00
32,2025-10-06,26,129974.00
32,2025-10-07,26,129974.00
32,2025-10-08,26,129974.00
32,2025-10-09,26,129974.00
32,2025-10-10,26,129974.00
32,2025-10-11,31,154969.00
32,2025-10-12,29,144971.00
32,2025-10-13,26,129974.00
32,2025-10-14,26,129974.00
32,2025-10-15,26,129974.00
32,2025-10-16,26,129974.00
32,2025-10-17,26,129974.00
32,2025-10-18,31,154969.00
32,2025-10-19,29,144971.00
32,2025-10-20,26,129974.00
32,2025-10-21,26,129974.00
32,2025-10-22,26,129974.00
32,2025-10-23,26,129974.00
32,2025-10-24,26,129974.00
32,2025-10-25,31,154969.00
32,2025-10-26,29,144971.00
32,2025-10-27,26,129974.00
32,2025-10-28,26,129974.00
32,2025-10-29,26,129974.00
32,2025-10-30,26,129974.00
32,2025-10-31,26,129974.00
32,2025-11-01,31,154969.00
32,2025-11-02,29,144971.00
32,2025-11-03,26,129974.00
32,2025-11-04,26,129974.00
32,2025-11-05,26,129974.00
32,2025-11-06,26,129974.00
32,2025-11-07,26,129974.00
32,2025-11-08,31,154969.00
32,2025-11-09,29,144971.00
32,2025-11-10,26,129974.00
32,2025-11-11,26,129974.00
32,2025-11-12,26,129974.00
32,2025-11-13,26,129974.00
32,2025-11-14,26,129974.00
32,2025-11-15,31,154969.00
32,2025-11-16,29,144971.00
32,2025-11-17,26,129974.00
32,2025-11-18,26,129974.00
32,2025-11-19,26,129974.00
32,2025-11-20,26,129974.00
32,2025-11-21,26,129974.00
32,2025-11-22,31,154969.00
32,2025-11-23,29,144971.00
32,2025-11-24,26,129974.00
32,2025-11-25,26,129974.00
32,2025-11-26,26,129974.00
32,2025-11-27,26,129974.00
32,2025-11-28,26,129974.00
32,2025-11-29,31,154969.00
32,2025-11-30,29,144971.00
32,2025-12-01,21,104979.00
32,2025-12-02,21,104979.00
32,2025-12-03,21,104979.00
32,2025-12-04,21,104979.00
32,2025-12-05,21,104979.00
32,2025-12-06,25,124975.00
32,2025-12-07,24,119976.00
32,2025-12-08,21,104979.00
32,2025-12-09,21,104979.00
32,2025-12-10,21,104979.00
32,2025-12-11,21,104979.00
32,2025-12-12,21,104979.00
32,2025-12-13,25,124975.00
32,2025-12-14,24,119976.00
32,2025-12-15,21,104979.00
32,2025-12-16,21,104979.00
32,2025-12-17,21,104979.00
32,2025-12-18,21,104979.00
32,2025-12-19,21,104979.00
32,2025-12-20,25,124975.00
32,2025-12-21,24,119976.00
32,2025-12-22,21,104979.00
32,2025-12-23,21,104979.00
32,2025-12-24,21,104979.00
32,2025-12-25,21,104979.00
32,2025-12-26,21,104979.00
32,2025-12-27,25,124975.00
32,2025-12-28,24,119976.00
32,2025-12-29,21,104979.00
32,2025-12-30,21,104979.00
32,2025-12-31,21,104979.00
32,2026-01-01,18,89982.00
32,2026-01-02,18,89982.00
32,2026-01-03,21,104979.00
32,2026-01-04,21,104979.00
32,2026-01-05,18,89982.00
32,2026-01-06,18,89982.00
32,2026-01-07,18,89982.00
32,2026-01-08,18,89982.00
32,2026-01-09,18,89982.00
32,2026-01-10,21,104979.00
32,2026-01-11,21,104979.00
32,2026-01-12,18,89982.00
32,2026-01-13,18,89982.00
32,2026-01-14,18,89982.00
32,2026-01-15,18,89982.00
32,2026-01-16,18,89982.00
32,2026-01-17,21,104979.00
32,2026-01-18,21,104979.00
32,2026-01-19,18,89982.00
32,2026-01-20,18,89982.00
32,2026-01-21,18,89982.00
32,2026-01-22,18,89982.00
32,2026-01-23,18,89982.00
32,2026-01-24,21,104979.00
32,2026-01-25,21,104979.00
32,2026-01-26,18,89982.00
32,2026-01-27,18,89982.00
32,2026-01-28,18,89982.00
32,2026-01-29,18,89982.00
32,2026-01-30,18,89982.00
32,2026-01-31,21,104979.00
32,2026-02-01,21,104979.00
32,2026-02-02,18,89982.00
32,2026-02-03,18,89982.00
32,2026-02-04,18,89982.00
32,2026-02-05,18,89982.00
32,2026-02-06,18,89982.00
32,2026-02-07,21,104979.00
32,2026-02-08,21,104979.00
32,2026-02-09,18,89982.00
32,2026-02-10,18,89982.00
32,2026-02-11,18,89982.00
32,2026-02-12,18,89982.00
32,2026-02-13,18,89982.00
32,2026-02-14,21,104979.00
32,2026-02-15,21,104979.00
32,2026-02-16,18,89982.00
32,2026-02-17,18,89982.00
32,2026-02-18,18,89982.00
32,2026-02-19,18,89982.00
32,2026-02-20,18,89982.00
32,2026-02-21,21,104979.00
32,2026-02-22,21,104979.00
32,2026-02-23,18,89982.00
32,2026-02-24,18,89982.00
32,2026-02-25,18,89982.00
32,2026-02-26,18,89982.00
32,2026-02-27,18,89982.00
32,2026-02-28,21,104979.00
32,2026-03-01,21,104979.00
32,2026-03-02,18,89982.00
32,2026-03-03,18,89982.00
32,2026-03-04,18,89982.00
32,2026-03-05,18,89982.00
32,2026-03-06,18,89982.00
32,2026-03-07,21,104979.00
32,2026-03-08,21,104979.00
32,2026-03-09,18,89982.00
32,2026-03-10,18,89982.00
32,2026-03-11,18,89982.00
32,2026-03-12,18,89982.00
32,2026-03-13,18,89982.00
32,2026-03-14,21,104979.00
32,2026-03-15,21,104979.00
32,2026-03-16,18,89982.00
32,2026-03-17,18,89982.00
32,2026-03-18,18,89982.00
32,2026-03-19,18,89982.00
32,2026-03-20,18,89982.00
32,2026-03-21,21,104979.00
32,2026-03-22,21,104979.00
32,2026-03-23,18,89982.00
32,2026-03-24,18,89982.00
32,2026-03-25,18,89982.00
32,2026-03-26,18,89982.00
32,2026-03-27,18,89982.00
32,2026-03-28,21,104979.00
32,2026-03-29,21,104979.00
32,2026-03-30,18,89982.00
32,2026-03-31,18,89982.00
32,2026-04-01,18,89982.00
32,2026-04-02,18,89982.00
32,2026-04-03,18,89982.00
32,2026-04-04,21,104979.00
32,2026-04-05,21,104979.00
32,2026-04-06,18,89982.00
32,2026-04-07,18,89982.00
32,2026-04-08,18,89982.00
32,2026-04-09,18,89982.00
32,2026-04-10,18,89982.00
32,2026-04-11,21,104979.00
32,2026-04-12,21,104979.00
32,2026-04-13,18,89982.00
32,2026-04-14,18,89982.00
32,2026-04-15,18,89982.00
32,2026-04-16,18,89982.00
32,2026-04-17,18,89982.00
32,2026-04-18,21,104979.00
32,2026-04-19,21,104979.00
32,2026-04-20,18,89982.00
32,2026-04-21,18,89982.00
32,2026-04-22,18,89982.00
32,2026-04-23,18,89982.00
32,2026-04-24,18,89982.00
32,2026-04-25,21,104979.00
32,2026-04-26,21,104979.00
32,2026-04-27,18,89982.00
32,2026-04-28,18,89982.00
32,2026-04-29,18,89982.00
32,2026-04-30,18,89982.00
32,2026-05-01,18,89982.00
32,2026-05-02,21,104979.00
32,2026-05-03,21,104979.00
32,2026-05-04,18,89982.00
32,2026-05-05,18,89982.00
32,2026-05-06,18,89982.00
32,2026-05-07,18,89982.00
32,2026-05-08,18,89982.00
32,2026-05-09,21,104979.00
32,2026-05-10,21,104979.00
32,2026-05-11,18,89982.00
32,2026-05-12,18,89982.00
32,2026-05-13,18,89982.00
32,2026-05-14,18,89982.00
32,2026-05-15,18,89982.00
32,2026-05-16,21,104979.00
32,2026-05-17,21,104979.00
32,2026-05-18,18,89982.00
32,2026-05-19,18,89982.00
32,2026-05-20,18,89982.00
32,2026-05-21,18,89982.00
32,2026-05-22,18,89982.00
32,2026-05-23,21,104979.00
32,2026-05-24,21,104979.00
32,2026-05-25,18,89982.00
32,2026-05-26,18,89982.00
32,2026-05-27,18,89982.00
32,2026-05-28,18,89982.00
32,2026-05-29,18,89982.00
32,2026-05-30,21,104979.00
32,2026-05-31,21,104979.00
32,2026-06-01,18,89982.00
32,2026-06-02,18,89982.00
32,2026-06-03,18,89982.00
32,2026-06-04,18,89982.00
32,2026-06-05,18,89982.00
32,2026-06-06,21,104979.00
32,2026-06-07,21,104979.00
32,2026-06-08,18,89982.00
32,2026-06-09,18,89982.00
32,2026-06-10,18,89982.00
32,2026-06-11,18,89982.00
32,2026-06-12,18,89982.00
32,2026-06-13,21,104979.00
32,2026-06-14,21,104979.00
32,2026-06-15,18,89982.00
32,2026-06-16,18,89982.00
32,2026-06-17,18,89982.00
32,2026-06-18,18,89982.00
32,2026-06-19,18,89982.00
32,2026-06-20,21,104979.00
32,2026-06-21,21,104979.00
32,2026-06-22,18,89982.00
32,2026-06-23,18,89982.00
32,2026-06-24,18,89982.00
32,2026-06-25,18,89982.00
32,2026-06-26,18,89982.00
32,2026-06-27,21,104979.00
32,2026-06-28,21,104979.00
32,2026-06-29,18,89982.00
32,2026-06-30,18,89982.00
32,2026-07-01,18,89982.00
32,2026-07-02,18,89982.00
32,2026-07-03,18,89982.00
32,2026-07-04,21,104979.00
32,2026-07-05,21,104979.00
32,2026-07-06,18,89982.00
32,2026-07-07,18,89982.00
32,2026-07-08,18,89982.00
32,2026-07-09,18,89982.00
32,2026-07-10,18,89982.00
32,2026-07-11,21,104979.00
32,2026-07-12,21,104979.00
32,2026-07-13,18,89982.00
32,2026-07-14,18,89982.00
32,2026-07-15,18,89982.00
32,2026-07-16,18,89982.00
32,2026-07-17,18,89982.00
32,2026-07-18,21,104979.00
32,2026-07-19,21,104979.00
32,2026-07-20,18,89982.00
32,2026-07-21,18,89982.00
32,2026-07-22,18,89982.00
32,2026-07-23,18,89982.00
32,2026-07-24,18,89982.00
32,2026-07-25,21,104979.00
32,2026-07-26,21,104979.00
32,2026-07-27,18,89982.00
32,2026-07-28,18,89982.00
32,2026-07-29,18,89982.00
32,2026-07-30,18,89982.00
32,2026-07-31,18,89982.00
32,2026-08-01,21,104979.00
32,2026-08-02,21,104979.00
32,2026-08-03,18,89982.00
32,2026-08-04,18,89982.00
32,2026-08-05,18,89982.00
32,2026-08-06,18,89982.00
32,2026-08-07,18,89982.00
32,2026-08-08,21,104979.00
32,2026-08-09,21,104979.00
32,2026-08-10,18,89982.00
32,2026-08-11,18,89982.00
32,2026-08-12,18,89982.00
32,2026-08-13,18,89982.00
32,2026-08-14,18,89982.00
32,2026-08-15,21,104979.00
32,2026-08-16,21,104979.00
32,2026-08-17,18,89982.00
32,2026-08-18,18,89982.00
32,2026-08-19,18,89982.00
32,2026-08-20,18,89982.00
32,2026-08-21,18,89982.00
32,2026-08-22,21,104979.00
32,2026-08-23,21,104979.00
32,2026-08-24,18,89982.00
32,2026-08-25,18,89982.00
32,2026-08-26,18,89982.00
32,2026-08-27,18,89982.00
32,2026-08-28,18,89982.00
32,2026-08-29,21,104979.00
32,2026-08-30,21,104979.00
32,2026-08-31,18,89982.00
32,2026-09-01,18,89982.00
32,2026-09-02,18,89982.00
32,2026-09-03,18,89982.00
32,2026-09-04,18,89982.00
32,2026-09-05,21,104979.00
32,2026-09-06,21,104979.00
32,2026-09-07,18,89982.00
32,2026-09-08,18,89982.00
32,2026-09-09,18,89982.00
32,2026-09-10,18,89982.00
32,2026-09-11,18,89982.00
32,2026-09-12,21,104979.00
32,2026-09-13,21,104979.00
32,2026-09-14,18,89982.00
32,2026-09-15,18,89982.00
32,2026-09-16,18,89982.00
32,2026-09-17,18,89982.00
32,2026-09-18,18,89982.00
32,2026-09-19,21,104979.00
32,2026-09-20,21,104979.00
32,2026-09-21,18,89982.00
32,2026-09-22,18,89982.00
32,2026-09-23,18,89982.00
32,2026-09-24,18,89982.00
32,2026-09-25,18,89982.00
32,2026-09-26,21,104979.00
32,2026-09-27,21,104979.00
32,2026-09-28,18,89982.00
32,2026-09-29,18,89982.00
33,2025-09-30,17,50983.00
33,2025-10-01,24,71976.00
33,2025-10-02,24,71976.00
33,2025-10-03,24,71976.00
33,2025-10-04,29,86971.00
33,2025-10-05,28,83972.00
33,2025-10-06,24,71976.00
33,2025-10-07,24,71976.00
33,2025-10-08,24,71976.00
33,2025-10-09,24,71976.00
33,2025-10-10,24,71976.00
33,2025-10-11,29,86971.00
33,2025-10-12,28,83972.00
33,2025-10-13,24,71976.00
33,2025-10-14,24,71976.00
33,2025-10-15,24,71976.00
33,2025-10-16,24,71976.00
33,2025-10-17,24,71976.00
33,2025-10-18,29,86971.00
33,2025-10-19,28,83972.00
33,2025-10-20,24,71976.00
33,2025-10-21,24,71976.00
33,2025-10-22,24,71976.00
33,2025-10-23,24,71976.00
33,2025-10-24,24,71976.00
33,2025-10-25,29,86971.00
33,2025-10-26,28,83972.00
33,2025-10-27,24,71976.00
33,2025-10-28,24,71976.00
33,2025-10-29,24,71976.00
33,2025-10-30,24,71976.00
33,2025-10-31,24,71976.00
33,2025-11-01,29,86971.00
33,2025-11-02,28,83972.00
33,2025-11-03,24,71976.00
33,2025-11-04,24,71976.00
33,2025-11-05,24,71976.00
33,2025-11-06,24,71976.00
33,2025-11-07,24,71976.00
33,2025-11-08,29,86971.00
33,2025-11-09,28,83972.00
33,2025-11-10,24,71976.00
33,2025-11-11,24,71976.00
33,2025-11-12,24,71976.00
33,2025-11-13,24,71976.00
33,2025-11-14,24,71976.00
33,2025-11-15,29,86971.00
33,2025-11-16,28,83972.00
33,2025-11-17,24,71976.00
33,2025-11-18,24,71976.00
33,2025-11-19,24,71976.00
33,2025-11-20,24,71976.00
33,2025-11-21,24,71976.00
33,2025-11-22,29,86971.00
33,2025-11-23,28,83972.00
33,2025-11-24,24,71976.00
33,2025-11-25,24,71976.00
33,2025-11-26,24,71976.00
33,2025-11-27,24,71976.00
33,2025-11-28,24,71976.00
33,2025-11-29,29,86971.00
33,2025-11-30,28,83972.00
33,2025-12-01,19,56981.00
33,2025-12-02,19,56981.00
33,2025-12-03,19,56981.00
33,2025-12-04,19,56981.00
33,2025-12-05,19,56981.00
33,2025-12-06,23,68977.00
33,2025-12-07,22,65978.00
33,2025-12-08,19,56981.00
33,2025-12-09,19,56981.00
33,2025-12-10,19,56981.00
33,2025-12-11,19,56981.00
33,2025-12-12,19,56981.00
33,2025-12-13,23,68977.00
33,2025-12-14,22,65978.00
33,2025-12-15,19,56981.00
33,2025-12-16,19,56981.00
33,2025-12-17,19,56981.00
33,2025-12-18,19,56981.00
33,2025-12-19,19,56981.00
33,2025-12-20,23,68977.00
33,2025-12-21,22,65978.00
33,2025-12-22,19,56981.00
33,2025-12-23,19,56981.00
33,2025-12-24,19,56981.00
33,2025-12-25,19,56981.00
33,2025-12-26,19,56981.00
33,2025-12-27,23,68977.00
33,2025-12-28,22,65978.00
33,2025-12-29,19,56981.00
33,2025-12-30,19,56981.00
33,2025-12-31,19,56981.00
33,2026-01-01,17,50983.00
33,2026-01-02,17,50983.00
33,2026-01-03,20,59980.00
33,2026-01-04,19,56981.00
33,2026-01-05,17,50983.00
33,2026-01-06,17,50983.00
33,2026-01-07,17,50983.00
33,2026-01-08,17,50983.00
33,2026-01-09,17,50983.00
33,2026-01-10,20,59980.00
33,2026-01-11,19,56981.00
33,2026-01-12,17,50983.00
33,2026-01-13,17,50983.00
33,2026-01-14,17,50983.00
33,2026-01-15,17,50983.00
33,2026-01-16,17,50983.00
33,2026-01-17,20,59980.00
33,2026-01-18,19,56981.00
33,2026-01-19,17,50983.00
33,2026-01-20,17,50983.00
33,2026-01-21,17,50983.00
33,2026-01-22,17,50983.00
33,2026-01-23,17,50983.00
33,2026-01-24,20,59980.00
33,2026-01-25,19,56981.00
33,2026-01-26,17,50983.00
33,2026-01-27,17,50983.00
33,2026-01-28,17,50983.00
33,2026-01-29,17,50983.00
33,2026-01-30,17,50983.00
33,2026-01-31,20,59980.00
33,2026-02-01,19,56981.00
33,2026-02-02,17,50983.00
33,2026-02-03,17,50983.00
33,2026-02-04,17,50983.00
33,2026-02-05,17,50983.00
33,2026-02-06,17,50983.00
33,2026-02-07,20,59980.00
33,2026-02-08,19,56981.00
33,2026-02-09,17,50983.00
33,2026-02-10,17,50983.00
33,2026-02-11,17,50983.00
33,2026-02-12,17,50983.00
33,2026-02-13,17,50983.00
33,2026-02-14,20,59980.00
33,2026-02-15,19,56981.00
33,2026-02-16,17,50983.00
33,2026-02-17,17,50983.00
33,2026-02-18,17,50983.00
33,2026-02-19,17,50983.00
33,2026-02-20,17,50983.00
33,2026-02-21,20,59980.00
33,2026-02-22,19,56981.00
33,2026-02-23,17,50983.00
33,2026-02-24,17,50983.00
33,2026-02-25,17,50983.00
33,2026-02-26,17,50983.00
33,2026-02-27,17,50983.00
33,2026-02-28,20,59980.00
33,2026-03-01,19,56981.00
33,2026-03-02,17,50983.00
33,2026-03-03,17,50983.00
33,2026-03-04,17,50983.00
33,2026-03-05,17,50983.00
33,2026-03-06,17,50983.00
33,2026-03-07,20,59980.00
33,2026-03-08,19,56981.00
33,2026-03-09,17,50983.00
33,2026-03-10,17,50983.00
33,2026-03-11,17,50983.00
33,2026-03-12,17,50983.00
33,2026-03-13,17,50983.00
33,2026-03-14,20,59980.00
33,2026-03-15,19,56981.00
33,2026-03-16,17,50983.00
33,2026-03-17,17,50983.00
33,2026-03-18,17,50983.00
33,2026-03-19,17,50983.00
33,2026-03-20,17,50983.00
33,2026-03-21,20,59980.00
33,2026-03-22,19,56981.00
33,2026-03-23,17,50983.00
33,2026-03-24,17,50983.00
33,2026-03-25,17,50983.00
33,2026-03-26,17,50983.00
33,2026-03-27,17,50983.00
33,2026-03-28,20,59980.00
33,2026-03-29,19,56981.00
33,2026-03-30,17,50983.00
33,2026-03-31,17,50983.00
33,2026-04-01,17,50983.00
33,2026-04-02,17,50983.00
33,2026-04-03,17,50983.00
33,2026-04-04,20,59980.00
33,2026-04-05,19,56981.00
33,2026-04-06,17,50983.00
33,2026-04-07,17,50983.00
33,2026-04-08,17,50983.00
33,2026-04-09,17,50983.00
33,2026-04-10,17,50983.00
33,2026-04-11,20,59980.00
33,2026-04-12,19,56981.00
33,2026-04-13,17,50983.00
33,2026-04-14,17,50983.00
33,2026-04-15,17,50983.00
33,2026-04-16,17,50983.00
33,2026-04-17,17,50983.00
33,2026-04-18,20,59980.00
33,2026-04-19,19,56981.00
33,2026-04-20,17,50983.00
33,2026-04-21,17,50983.00
33,2026-04-22,17,50983.00
33,2026-04-23,17,50983.00
33,2026-04-24,17,50983.00
33,2026-04-25,20,59980.00
33,2026-04-26,19,56981.00
33,2026-04-27,17,50983.00
33,2026-04-28,17,50983.00
33,2026-04-29,17,50983.00
33,2026-04-30,17,50983.00
33,2026-05-01,17,50983.00
33,2026-05-02,20,59980.00
33,2026-05-03,19,56981.00
33,2026-05-04,17,50983.00
33,2026-05-05,17,50983.00
33,2026-05-06,17,50983.00
33,2026-05-07,17,50983.00
33,2026-05-08,17,50983.00
33,2026-05-09,20,59980.00
33,2026-05-10,19,56981.00
33,2026-05-11,17,50983.00
33,2026-05-12,17,50983.00
33,2026-05-13,17,50983.00
33,2026-05-14,17,50983.00
33,2026-05-15,17,50983.00
33,2026-05-16,20,59980.00
33,2026-05-17,19,56981.00
33,2026-05-18,17,50983.00
33,2026-05-19,17,50983.00
33,2026-05-20,17,50983.00
33,2026-05-21,17,50983.00
33,2026-05-22,17,50983.00
33,2026-05-23,20,59980.00
33,2026-05-24,19,56981.00
33,2026-05-25,17,50983.00
33,2026-05-26,17,50983.00
33,2026-05-27,17,50983.00
33,2026-05-28,17,50983.00
33,2026-05-29,17,50983.00
33,2026-05-30,20,59980.00
33,2026-05-31,19,56981.00
33,2026-06-01,17,50983.00
33,2026-06-02,17,50983.00
33,2026-06-03,17,50983.00
33,2026-06-04,17,50983.00
33,2026-06-05,17,50983.00
33,2026-06-06,20,59980.00
33,2026-06-07,19,56981.00
33,2026-06-08,17,50983.00
33,2026-06-09,17,50983.00
33,2026-06-10,17,50983.00
33,2026-06-11,17,50983.00
33,2026-06-12,17,50983.00
33,2026-06-13,20,59980.00
33,2026-06-14,19,56981.00
33,2026-06-15,17,50983.00
33,2026-06-16,17,50983.00
33,2026-06-17,17,50983.00
33,2026-06-18,17,50983.00
33,2026-06-19,17,50983.00
33,2026-06-20,20,59980.00
33,2026-06-21,19,56981.00
33,2026-06-22,17,50983.00
33,2026-06-23,17,50983.00
33,2026-06-24,17,50983.00
33,2026-06-25,17,50983.00
33,2026-06-26,17,50983.00
33,2026-06-27,20,59980.00
33,2026-06-28,19,56981.00
33,2026-06-29,17,50983.00
33,2026-06-30,17,50983.00
33,2026-07-01,17,50983.00
33,2026-07-02,17,50983.00
33,2026-07-03,17,50983.00
33,2026-07-04,20,59980.00
33,2026-07-05,19,56981.00
33,2026-07-06,17,50983.00
33,2026-07-07,17,50983.00
33,2026-07-08,17,50983.00
33,2026-07-09,17,50983.00
33,2026-07-10,17,50983.00
33,2026-07-11,20,59980.00
33,2026-07-12,19,56981.00
33,2026-07-13,17,50983.00
33,2026-07-14,17,50983.00
33,2026-07-15,17,50983.00
33,2026-07-16,17,50983.00
33,2026-07-17,17,50983.00
33,2026-07-18,20,59980.00
33,2026-07-19,19,56981.00
33,2026-07-20,17,50983.00
33,2026-07-21,17,50983.00
33,2026-07-22,17,50983.00
33,2026-07-23,17,50983.00
33,2026-07-24,17,50983.00
33,2026-07-25,20,59980.00
33,2026-07-26,19,56981.00
33,2026-07-27,17,50983.00
33,2026-07-28,17,50983.00
33,2026-07-29,17,50983.00
33,2026-07-30,17,50983.00
33,2026-07-31,17,50983.00
33,2026-08-01,20,59980.00
33,2026-08-02,19,56981.00
33,2026-08-03,17,50983.00
33,2026-08-04,17,50983.00
33,2026-08-05,17,50983.00
33,2026-08-06,17,50983.00
33,2026-08-07,17,50983.00
33,2026-08-08,20,59980.00
33,2026-08-09,19,56981.00
33,2026-08-10,17,50983.00
33,2026-08-11,17,50983.00
33,2026-08-12,17,50983.00
33,2026-08-13,17,50983.00
33,2026-08-14,17,50983.00
33,2026-08-15,20,59980.00
33,2026-08-16,19,56981.00
33,2026-08-17,17,50983.00
33,2026-08-18,17,50983.00
33,2026-08-19,17,50983.00
33,2026-08-20,17,50983.00
33,2026-08-21,17,50983.00
33,2026-08-22,20,59980.00
33,2026-08-23,19,56981.00
33,2026-08-24,17,50983.00
33,2026-08-25,17,50983.00
33,2026-08-26,17,50983.00
33,2026-08-27,17,50983.00
33,2026-08-28,17,50983.00
33,2026-08-29,20,59980.00
33,2026-08-30,19,56981.00
33,2026-08-31,17,50983.00
33,2026-09-01,17,50983.00
33,2026-09-02,17,50983.00
33,2026-09-03,17,50983.00
33,2026-09-04,17,50983.00
33,2026-09-05,20,59980.00
33,2026-09-06,19,56981.00
33,2026-09-07,17,50983.00
33,2026-09-08,17,50983.00
33,2026-09-09,17,50983.00
33,2026-09-10,17,50983.00
33,2026-09-11,17,50983.00
33,2026-09-12,20,59980.00
33,2026-09-13,19,56981.00
33,2026-09-14,17,50983.00
33,2026-09-15,17,50983.00
33,2026-09-16,17,50983.00
33,2026-09-17,17,50983.00
33,2026-09-18,17,50983.00
33,2026-09-19,20,59980.00
33,2026-09-20,19,56981.00
33,2026-09-21,17,50983.00
33,2026-09-22,17,50983.00
33,2026-09-23,17,50983.00
33,2026-09-24,17,50983.00
33,2026-09-25,17,50983.00
33,2026-09-26,20,59980.00
33,2026-09-27,19,56981.00
33,2026-09-28,17,50983.00
33,2026-09-29,17,50983.00
34,2025-09-30,8,12792.00
34,2025-10-01,11,17589.00
34,2025-10-02,11,17589.00
34,2025-10-03,11,17589.00
34,2025-10-04,14,22386.00
34,2025-10-05,13,20787.00
34,2025-10-06,11,17589.00
34,2025-10-07,11,17589.00
34,2025-10-08,11,17589.00
34,2025-10-09,11,17589.00
34,2025-10-10,11,17589.00
34,2025-10-11,14,22386.00
34,2025-10-12,13,20787.00
34,2025-10-13,11,17589.00
34,2025-10-14,11,17589.00
34,2025-10-15,11,17589.00
34,2025-10-16,11,17589.00
34,2025-10-17,11,17589.00
34,2025-10-18,14,22386.00
34,2025-10-19,13,20787.00
34,2025-10-20,11,17589.00
34,2025-10-21,11,17589.00
34,2025-10-22,11,17589.00
34,2025-10-23,11,17589.00
34,2025-10-24,11,17589.00
34,2025-10-25,14,22386.00
34,2025-10-26,13,20787.00
34,2025-10-27,11,17589.00
34,2025-10-28,11,17589.00
34,2025-10-29,11,17589.00
34,2025-10-30,11,17589.00
34,2025-10-31,11,17589.00
34,2025-11-01,14,22386.00
34,2025-11-02,13,20787.00
34,2025-11-03,11,17589.00
34,2025-11-04,11,17589.00
34,2025-11-05,11,17589.00
34,2025-11-06,11,17589.00
34,2025-11-07,11,17589.00
34,2025-11-08,14,22386.00
34,2025-11-09,13,20787.00
34,2025-11-10,11,17589.00
34,2025-11-11,11,17589.00
34,2025-11-12,11,17589.00
34,2025-11-13,11,17589.00
34,2025-11-14,11,17589.00
34,2025-11-15,14,22386.00
34,2025-11-16,13,20787.00
34,2025-11-17,11,17589.00
34,2025-11-18,11,17589.00
34,2025-11-19,11,17589.00
34,2025-11-20,11,17589.00
34,2025-11-21,11,17589.00
34,2025-11-22,14,22386.00
34,2025-11-23,13,20787.00
34,2025-11-24,11,17589.00
34,2025-11-25,11,17589.00
34,2025-11-26,11,17589.00
34,2025-11-27,11,17589.00
34,2025-11-28,11,17589.00
34,2025-11-29,14,22386.00
34,2025-11-30,13,20787.00
34,2025-12-01,9,14391.00
34,2025-12-02,9,14391.00
34,2025-12-03,9,14391.00
34,2025-12-04,9,14391.00
34,2025-12-05,9,14391.00
34,2025-12-06,11,17589.00
34,2025-12-07,11,17589.00
34,2025-12-08,9,14391.00
34,2025-12-09,9,14391.00
34,2025-12-10,9,14391.00
34,2025-12-11,9,14391.00
34,2025-12-12,9,14391.00
34,2025-12-13,11,17589.00
34,2025-12-14,11,17589.00
34,2025-12-15,9,14391.00
34,2025-12-16,9,14391.00
34,2025-12-17,9,14391.00
34,2025-12-18,9,14391.00
34,2025-12-19,9,14391.00
34,2025-12-20,11,17589.00
34,2025-12-21,11,17589.00
34,2025-12-22,9,14391.00
34,2025-12-23,9,14391.00
34,2025-12-24,9,14391.00
34,2025-12-25,9,14391.00
34,2025-12-26,9,14391.00
34,2025-12-27,11,17589.00
34,2025-12-28,11,17589.00
34,2025-12-29,9,14391.00
34,2025-12-30,9,14391.00
34,2025-12-31,9,14391.00
34,2026-01-01,8,12792.00
34,2026-01-02,8,12792.00
34,2026-01-03,10,15990.00
34,2026-01-04,9,14391.00
34,2026-01-05,8,12792.00
34,2026-01-06,8,12792.00
34,2026-01-07,8,12792.00
34,2026-01-08,8,12792.00
34,2026-01-09,8,12792.00
34,2026-01-10,10,15990.00
34,2026-01-11,9,14391.00
34,2026-01-12,8,12792.00
34,2026-01-13,8,12792.00
34,2026-01-14,8,12792.00
34,2026-01-15,8,12792.00
34,2026-01-16,8,12792.00
34,2026-01-17,10,15990.00
34,2026-01-18,9,14391.00
34,2026-01-19,8,12792.00
34,2026-01-20,8,12792.00
34,2026-01-21,8,12792.00
34,2026-01-22,8,12792.00
34,2026-01-23,8,12792.00
34,2026-01-24,10,15990.00
34,2026-01-25,9,14391.00
34,2026-01-26,8,12792.00
34,2026-01-27,8,12792.00
34,2026-01-28,8,12792.00
34,2026-01-29,8,12792.00
34,2026-01-30,8,12792.00
34,2026-01-31,10,15990.00
34,2026-02-01,9,14391.00
34,2026-02-02,8,12792.00
34,2026-02-03,8,12792.00
34,2026-02-04,8,12792.00
34,2026-02-05,8,12792.00
34,2026-02-06,8,12792.00
34,2026-02-07,10,15990.00
34,2026-02-08,9,14391.00
34,2026-02-09,8,12792.00
34,2026-02-10,8,12792.00
34,2026-02-11,8,12792.00
34,2026-02-12,8,12792.00
34,2026-02-13,8,12792.00
34,2026-02-14,10,15990.00
34,2026-02-15,9,14391.00
34,2026-02-16,8,12792.00
34,2026-02-17,8,12792.00
34,2026-02-18,8,12792.00
34,2026-02-19,8,12792.00
34,2026-02-20,8,12792.00
34,2026-02-21,10,15990.00
34,2026-02-22,9,14391.00
34,2026-02-23,8,12792.00
34,2026-02-24,8,12792.00
34,2026-02-25,8,12792.00
34,2026-02-26,8,12792.00
34,2026-02-27,8,12792.00
34,2026-02-28,10,15990.00
34,2026-03-01,9,14391.00
34,2026-03-02,8,12792.00
34,2026-03-03,8,12792.00
34,2026-03-04,8,12792.00
34,2026-03-05,8,12792.00
34,2026-03-06,8,12792.00
34,2026-03-07,10,15990.00
34,2026-03-08,9,14391.00
34,2026-03-09,8,12792.00
34,2026-03-10,8,12792.00
34,2026-03-11,8,12792.00
34,2026-03-12,8,12792.00
34,2026-03-13,8,12792.00
34,2026-03-14,10,15990.00
34,2026-03-15,9,14391.00
34,2026-03-16,8,12792.00
34,2026-03-17,8,12792.00
34,2026-03-18,8,12792.00
34,2026-03-19,8,12792.00
34,2026-03-20,8,12792.00
34,2026-03-21,10,15990.00
34,2026-03-22,9,14391.00
34,2026-03-23,8,12792.00
34,2026-03-24,8,12792.00
34,2026-03-25,8,12792.00
34,2026-03-26,8,12792.00
34,2026-03-27,8,12792.00
34,2026-03-28,10,15990.00
34,2026-03-29,9,14391.00
34,2026-03-30,8,12792.00
34,2026-03-31,8,12792.00
34,2026-04-01,8,12792.00
34,2026-04-02,8,12792.00
34,2026-04-03,8,12792.00
34,2026-04-04,10,15990.00
34,2026-04-05,9,14391.00
34,2026-04-06,8,12792.00
34,2026-04-07,8,12792.00
34,2026-04-08,8,12792.00
34,2026-04-09,8,12792.00
34,2026-04-10,8,12792.00
34,2026-04-11,10,15990.00
34,2026-04-12,9,14391.00
34,2026-04-13,8,12792.00
34,2026-04-14,8,12792.00
34,2026-04-15,8,12792.00
34,2026-04-16,8,12792.00
34,2026-04-17,8,12792.00
34,2026-04-18,10,15990.00
34,2026-04-19,9,14391.00
34,2026-04-20,8,12792.00
34,2026-04-21,8,12792.00
34,2026-04-22,8,12792.00
34,2026-04-23,8,12792.00
34,2026-04-24,8,12792.00
34,2026-04-25,10,15990.00
34,2026-04-26,9,14391.00
34,2026-04-27,8,12792.00
34,2026-04-28,8,12792.00
34,2026-04-29,8,12792.00
34,2026-04-30,8,12792.00
34,2026-05-01,8,12792.00
34,2026-05-02,10,15990.00
34,2026-05-03,9,14391.00
34,2026-05-04,8,12792.00
34,2026-05-05,8,12792.00
34,2026-05-06,8,12792.00
34,2026-05-07,8,12792.00
34,2026-05-08,8,12792.00
34,2026-05-09,10,15990.00
34,2026-05-10,9,14391.00
34,2026-05-11,8,12792.00
34,2026-05-12,8,12792.00
34,2026-05-13,8,12792.00
34,2026-05-14,8,12792.00
34,2026-05-15,8,12792.00
34,2026-05-16,10,15990.00
34,2026-05-17,9,14391.00
34,2026-05-18,8,12792.00
34,2026-05-19,8,12792.00
34,2026-05-20,8,12792.00
34,2026-05-21,8,12792.00
34,2026-05-22,8,12792.00
34,2026-05-23,10,15990.00
34,2026-05-24,9,14391.00
34,2026-05-25,8,12792.00
34,2026-05-26,8,12792.00
34,2026-05-27,8,12792.00
34,2026-05-28,8,12792.00
34,2026-05-29,8,12792.00
34,2026-05-30,10,15990.00
34,2026-05-31,9,14391.00
34,2026-06-01,8,12792.00
34,2026-06-02,8,12792.00
34,2026-06-03,8,12792.00
34,2026-06-04,8,12792.00
34,2026-06-05,8,12792.00
34,2026-06-06,10,15990.00
34,2026-06-07,9,14391.00
34,2026-06-08,8,12792.00
34,2026-06-09,8,12792.00
34,2026-06-10,8,12792.00
34,2026-06-11,8,12792.00
34,2026-06-12,8,12792.00
34,2026-06-13,10,15990.00
34,2026-06-14,9,14391.00
34,2026-06-15,8,12792.00
34,2026-06-16,8,12792.00
34,2026-06-17,8,12792.00
34,2026-06-18,8,12792.00
34,2026-06-19,8,12792.00
34,2026-06-20,10,15990.00
34,2026-06-21,9,14391.00
34,2026-06-22,8,12792.00
34,2026-06-23,8,12792.00
34,2026-06-24,8,12792.00
34,2026-06-25,8,12792.00
34,2026-06-26,8,12792.00
34,2026-06-27,10,15990.00
34,2026-06-28,9,14391.00
34,2026-06-29,8,12792.00
34,2026-06-30,8,12792.00
34,2026-07-01,8,12792.00
34,2026-07-02,8,12792.00
34,2026-07-03,8,12792.00
34,2026-07-04,10,15990.00
34,2026-07-05,9,14391.00
34,2026-07-06,8,12792.00
34,2026-07-07,8,12792.00
34,2026-07-08,8,12792.00
34,2026-07-09,8,12792.00
34,2026-07-10,8,12792.00
34,2026-07-11,10,15990.00
34,2026-07-12,9,14391.00
34,2026-07-13,8,12792.00
34,2026-07-14,8,12792.00
34,2026-07-15,8,12792.00
34,2026-07-16,8,12792.00
34,2026-07-17,8,12792.00
34,2026-07-18,10,15990.00
34,2026-07-19,9,14391.00
34,2026-07-20,8,12792.00
34,2026-07-21,8,12792.00
34,2026-07-22,8,12792.00
34,2026-07-23,8,12792.00
34,2026-07-24,8,12792.00
34,2026-07-25,10,15990.00
34,2026-07-26,9,14391.00
34,2026-07-27,8,12792.00
34,2026-07-28,8,12792.00
34,2026-07-29,8,12792.00
34,2026-07-30,8,12792.00
34,2026-07-31,8,12792.00
34,2026-08-01,10,15990.00
34,2026-08-02,9,14391.00
34,2026-08-03,8,12792.00
34,2026-08-04,8,12792.00
34,2026-08-05,8,12792.00
34,2026-08-06,8,12792.00
34,2026-08-07,8,12792.00
34,2026-08-08,10,15990.00
34,2026-08-09,9,14391.00
34,2026-08-10,8,12792.00
34,2026-08-11,8,12792.00
34,2026-08-12,8,12792.00
34,2026-08-13,8,12792.00
34,2026-08-14,8,12792.00
34,2026-08-15,10,15990.00
34,2026-08-16,9,14391.00
34,2026-08-17,8,12792.00
34,2026-08-18,8,12792.00
34,2026-08-19,8,12792.00
34,2026-08-20,8,12792.00
34,2026-08-21,8,12792.00
34,2026-08-22,10,15990.00
34,2026-08-23,9,14391.00
34,2026-08-24,8,12792.00
34,2026-08-25,8,12792.00
34,2026-08-26,8,12792.00
34,2026-08-27,8,12792.00
34,2026-08-28,8,12792.00
34,2026-08-29,10,15990.00
34,2026-08-30,9,14391.00
34,2026-08-31,8,12792.00
34,2026-09-01,8,12792.00
34,2026-09-02,8,12792.00
34,2026-09-03,8,12792.00
34,2026-09-04,8,12792.00
34,2026-09-05,10,15990.00
34,2026-09-06,9,14391.00
34,2026-09-07,8,12792.00
34,2026-09-08,8,12792.00
34,2026-09-09,8,12792.00
34,2026-09-10,8,12792.00
34,2026-09-11,8,12792.00
34,2026-09-12,10,15990.00
34,2026-09-13,9,14391.00
34,2026-09-14,8,12792.00
34,2026-09-15,8,12792.00
34,2026-09-16,8,12792.00
34,2026-09-17,8,12792.00
34,2026-09-18,8,12792.00
34,2026-09-19,10,15990.00
34,2026-09-20,9,14391.00
34,2026-09-21,8,12792.00
34,2026-09-22,8,12792.00
34,2026-09-23,8,12792.00
34,2026-09-24,8,12792.00
34,2026-09-25,8,12792.00
34,2026-09-26,10,15990.00
34,2026-09-27,9,14391.00
34,2026-09-28,8,12792.00
34,2026-09-29,8,12792.00
35,2025-09-30,7,17493.00
35,2025-10-01,11,27489.00
35,2025-10-02,11,27489.00
35,2025-10-03,11,27489.00
35,2025-10-04,13,32487.00
35,2025-10-05,12,29988.00
35,2025-10-06,11,27489.00
35,2025-10-07,11,27489.00
35,2025-10-08,11,27489.00
35,2025-10-09,11,27489.00
35,2025-10-10,11,27489.00
35,2025-10-11,13,32487.00
35,2025-10-12,12,29988.00
35,2025-10-13,11,27489.00
35,2025-10-14,11,27489.00
35,2025-10-15,11,27489.00
35,2025-10-16,11,27489.00
35,2025-10-17,11,27489.00
35,2025-10-18,13,32487.00
35,2025-10-19,12,29988.00
35,2025-10-20,11,27489.00
35,2025-10-21,11,27489.00
35,2025-10-22,11,27489.00
35,2025-10-23,11,27489.00
35,2025-10-24,11,27489.00
35,2025-10-25,13,32487.00
35,2025-10-26,12,29988.00
35,2025-10-27,11,27489.00
35,2025-10-28,11,27489.00
35,2025-10-29,11,27489.00
35,2025-10-30,11,27489.00
35,2025-10-31,11,27489.00
35,2025-11-01,13,32487.00
35,2025-11-02,12,29988.00
35,2025-11-03,11,27489.00
35,2025-11-04,11,27489.00
35,2025-11-05,11,27489.00
35,2025-11-06,11,27489.00
35,2025-11-07,11,27489.00
35,2025-11-08,13,32487.00
35,2025-11-09,12,29988.00
35,2025-11-10,11,27489.00
35,2025-11-11,11,27489.00
35,2025-11-12,11,27489.00
35,2025-11-13,11,27489.00
35,2025-11-14,11,27489.00
35,2025-11-15,13,32487.00
35,2025-11-16,12,29988.00
35,2025-11-17,11,27489.00
35,2025-11-18,11,27489.00
35,2025-11-19,11,27489.00
35,2025-11-20,11,27489.00
35,2025-11-21,11,27489.00
35,2025-11-22,13,32487.00
35,2025-11-23,12,29988.00
35,2025-11-24,11,27489.00
35,2025-11-25,11,27489.00
35,2025-11-26,11,27489.00
35,2025-11-27,11,27489.00
35,2025-11-28,11,27489.00
35,2025-11-29,13,32487.00
35,2025-11-30,12,29988.00
35,2025-12-01,9,22491.00
35,2025-12-02,9,22491.00
35,2025-12-03,9,22491.00
35,2025-12-04,9,22491.00
35,2025-12-05,9,22491.00
35,2025-12-06,10,24990.00
35,2025-12-07,10,24990.00
35,2025-12-08,9,22491.00
35,2025-12-09,9,22491.00
35,2025-12-10,9,22491.00
35,2025-12-11,9,22491.00
35,2025-12-12,9,22491.00
35,2025-12-13,10,24990.00
35,2025-12-14,10,24990.00
35,2025-12-15,9,22491.00
35,2025-12-16,9,22491.00
35,2025-12-17,9,22491.00
35,2025-12-18,9,22491.00
35,2025-12-19,9,22491.00
35,2025-12-20,10,24990.00
35,2025-12-21,10,24990.00
35,2025-12-22,9,22491.00
35,2025-12-23,9,22491.00
35,2025-12-24,9,22491.00
35,2025-12-25,9,22491.00
35,2025-12-26,9,22491.00
35,2025-12-27,10,24990.00
35,2025-12-28,10,24990.00
35,2025-12-29,9,22491.00
35,2025-12-30,9,22491.00
35,2025-12-31,9,22491.00
35,2026-01-01,7,17493.00
35,2026-01-02,7,17493.00
35,2026-01-03,9,22491.00
35,2026-01-04,9,22491.00
35,2026-01-05,7,17493.00
35,2026-01-06,7,17493.00
35,2026-01-07,7,17493.00
35,2026-01-08,7,17493.00
35,2026-01-09,7,17493.00
35,2026-01-10,9,22491.00
35,2026-01-11,9,22491.00
35,2026-01-12,7,17493.00
35,2026-01-13,7,17493.00
35,2026-01-14,7,17493.00
35,2026-01-15,7,17493.00
35,2026-01-16,7,17493.00
35,2026-01-17,9,22491.00
35,2026-01-18,9,22491.00
35,2026-01-19,7,17493.00
35,2026-01-20,7,17493.00
35,2026-01-21,7,17493.00
35,2026-01-22,7,17493.00
35,2026-01-23,7,17493.00
35,2026-01-24,9,22491.00
35,2026-01-25,9,22491.00
35,2026-01-26,7,17493.00
35,2026-01-27,7,17493.00
35,2026-01-28,7,17493.00
35,2026-01-29,7,17493.00
35,2026-01-30,7,17493.00
35,2026-01-31,9,22491.00
35,2026-02-01,9,22491.00
35,2026-02-02,7,17493.00
35,2026-02-03,7,17493.00
35,2026-02-04,7,17493.00
35,2026-02-05,7,17493.00
35,2026-02-06,7,17493.00
35,2026-02-07,9,22491.00
35,2026-02-08,9,22491.00
35,2026-02-09,7,17493.00
35,2026-02-10,7,17493.00
35,2026-02-11,7,17493.00
35,2026-02-12,7,17493.00
35,2026-02-13,7,17493.00
35,2026-02-14,9,22491.00
35,2026-02-15,9,22491.00
35,2026-02-16,7,17493.00
35,2026-02-17,7,17493.00
35,2026-02-18,7,17493.00
35,2026-02-19,7,17493.00
35,2026-02-20,7,17493.00
35,2026-02-21,9,22491.00
35,2026-02-22,9,22491.00
35,2026-02-23,7,17493.00
35,2026-02-24,7,17493.00
35,2026-02-25,7,17493.00
35,2026-02-26,7,17493.00
35,2026-02-27,7,17493.00
35,2026-02-28,9,22491.00
35,2026-03-01,9,22491.00
35,2026-03-02,7,17493.00
35,2026-03-03,7,17493.00
35,2026-03-04,7,17493.00
35,2026-03-05,7,17493.00
35,2026-03-06,7,17493.00
35,2026-03-07,9,22491.00
35,2026-03-08,9,22491.00
35,2026-03-09,7,17493.00
35,2026-03-10,7,17493.00
35,2026-03-11,7,17493.00
35,2026-03-12,7,17493.00
35,2026-03-13,7,17493.00
35,2026-03-14,9,22491.00
35,2026-03-15,9,22491.00
35,2026-03-16,7,17493.00
35,2026-03-17,7,17493.00
35,2026-03-18,7,17493.00
35,2026-03-19,7,17493.00
35,2026-03-20,7,17493.00
35,2026-03-21,9,22491.00
35,2026-03-22,9,22491.00
35,2026-03-23,7,17493.00
35,2026-03-24,7,17493.00
35,2026-03-25,7,17493.00
35,2026-03-26,7,17493.00
35,2026-03-27,7,17493.00
35,2026-03-28,9,22491.00
35,2026-03-29,9,22491.00
35,2026-03-30,7,17493.00
35,2026-03-31,7,17493.00
35,2026-04-01,7,17493.00
35,2026-04-02,7,17493.00
35,2026-04-03,7,17493.00
35,2026-04-04,9,22491.00
35,2026-04-05,9,22491.00
35,2026-04-06,7,17493.00
35,2026-04-07,7,17493.00
35,2026-04-08,7,17493.00
35,2026-04-09,7,17493.00
35,2026-04-10,7,17493.00
35,2026-04-11,9,22491.00
35,2026-04-12,9,22491.00
35,2026-04-13,7,17493.00
35,2026-04-14,7,17493.00
35,2026-04-15,7,17493.00
35,2026-04-16,7,17493.00
35,2026-04-17,7,17493.00
35,2026-04-18,9,22491.00
35,2026-04-19,9,22491.00
35,2026-04-20,7,17493.00
35,2026-04-21,7,17493.00
35,2026-04-22,7,17493.00
35,2026-04-23,7,17493.00
35,2026-04-24,7,17493.00
35,2026-04-25,9,22491.00
35,2026-04-26,9,22491.00
35,2026-04-27,7,17493.00
35,2026-04-28,7,17493.00
35,2026-04-29,7,17493.00
35,2026-04-30,7,17493.00
35,2026-05-01,7,17493.00
35,2026-05-02,9,22491.00
35,2026-05-03,9,22491.00
35,2026-05-04,7,17493.00
35,2026-05-05,7,17493.00
35,2026-05-06,7,17493.00
35,2026-05-07,7,17493.00
35,2026-05-08,7,17493.00
35,2026-05-09,9,22491.00
35,2026-05-10,9,22491.00
35,2026-05-11,7,17493.00
35,2026-05-12,7,17493.00
35,2026-05-13,7,17493.00
35,2026-05-14,7,17493.00
35,2026-05-15,7,17493.00
35,2026-05-16,9,22491.00
35,2026-05-17,9,22491.00
35,2026-05-18,7,17493.00
35,2026-05-19,7,17493.00
35,2026-05-20,7,17493.00
35,2026-05-21,7,17493.00
35,2026-05-22,7,17493.00
35,2026-05-23,9,22491.00
35,2026-05-24,9,22491.00
35,2026-05-25,7,17493.00
35,2026-05-26,7,17493.00
35,2026-05-27,7,17493.00
35,2026-05-28,7,17493.00
35,2026-05-29,7,17493.00
35,2026-05-30,9,22491.00
35,2026-05-31,9,22491.00
35,2026-06-01,7,17493.00
35,2026-06-02,7,17493.00
35,2026-06-03,7,17493.00
35,2026-06-04,7,17493.00
35,2026-06-05,7,17493.00
35,2026-06-06,9,22491.00
35,2026-06-07,9,22491.00
35,2026-06-08,7,17493.00
35,2026-06-09,7,17493.00
35,2026-06-10,7,17493.00
35,2026-06-11,7,17493.00
35,2026-06-12,7,17493.00
35,2026-06-13,9,22491.00
35,2026-06-14,9,22491.00
35,2026-06-15,7,17493.00
35,2026-06-16,7,17493.00
35,2026-06-17,7,17493.00
35,2026-06-18,7,17493.00
35,2026-06-19,7,17493.00
35,2026-06-20,9,22491.00
35,2026-06-21,9,22491.00
35,2026-06-22,7,17493.00
35,2026-06-23,7,17493.00
35,2026-06-24,7,17493.00
35,2026-06-25,7,17493.00
35,2026-06-26,7,17493.00
35,2026-06-27,9,22491.00
35,2026-06-28,9,22491.00
35,2026-06-29,7,17493.00
35,2026-06-30,7,17493.00
35,2026-07-01,7,17493.00
35,2026-07-02,7,17493.00
35,2026-07-03,7,17493.00
35,2026-07-04,9,22491.00
35,2026-07-05,9,22491.00
35,2026-07-06,7,17493.00
35,2026-07-07,7,17493.00
35,2026-07-08,7,17493.00
35,2026-07-09,7,17493.00
35,2026-07-10,7,17493.00
35,2026-07-11,9,22491.00
35,2026-07-12,9,22491.00
35,2026-07-13,7,17493.00
35,2026-07-14,7,17493.00
35,2026-07-15,7,17493.00
35,2026-07-16,7,17493.00
35,2026-07-17,7,17493.00
35,2026-07-18,9,22491.00
35,2026-07-19,9,22491.00
35,2026-07-20,7,17493.00
35,2026-07-21,7,17493.00
35,2026-07-22,7,17493.00
35,2026-07-23,7,17493.00
35,2026-07-24,7,17493.00
35,2026-07-25,9,22491.00
35,2026-07-26,9,22491.00
35,2026-07-27,7,17493.00
35,2026-07-28,7,17493.00
35,2026-07-29,7,17493.00
35,2026-07-30,7,17493.00
35,2026-07-31,7,17493.00
35,2026-08-01,9,22491.00
35,2026-08-02,9,22491.00
35,2026-08-03,7,17493.00
35,2026-08-04,7,17493.00
35,2026-08-05,7,17493.00
35,2026-08-06,7,17493.00
35,2026-08-07,7,17493.00
35,2026-08-08,9,22491.00
35,2026-08-09,9,22491.00
35,2026-08-10,7,17493.00
35,2026-08-11,7,17493.00
35,2026-08-12,7,17493.00
35,2026-08-13,7,17493.00
35,2026-08-14,7,17493.00
35,2026-08-15,9,22491.00
35,2026-08-16,9,22491.00
35,2026-08-17,7,17493.00
35,2026-08-18,7,17493.00
35,2026-08-19,7,17493.00
35,2026-08-20,7,17493.00
35,2026-08-21,7,17493.00
35,2026-08-22,9,22491.00
35,2026-08-23,9,22491.00
35,2026-08-24,7,17493.00
35,2026-08-25,7,17493.00
35,2026-08-26,7,17493.00
35,2026-08-27,7,17493.00
35,2026-08-28,7,17493.00
35,2026-08-29,9,22491.00
35,2026-08-30,9,22491.00
35,2026-08-31,7,17493.00
35,2026-09-01,7,17493.00
35,2026-09-02,7,17493.00
35,2026-09-03,7,17493.00
35,2026-09-04,7,17493.00
35,2026-09-05,9,22491.00
35,2026-09-06,9,22491.00
35,2026-09-07,7,17493.00
35,2026-09-08,7,17493.00
35,2026-09-09,7,17493.00
35,2026-09-10,7,17493.00
35,2026-09-11,7,17493.00
35,2026-09-12,9,22491.00
35,2026-09-13,9,22491.00
35,2026-09-14,7,17493.00
35,2026-09-15,7,17493.00
35,2026-09-16,7,17493.00
35,2026-09-17,7,17493.00
35,2026-09-18,7,17493.00
35,2026-09-19,9,22491.00
35,2026-09-20,9,22491.00
35,2026-09-21,7,17493.00
35,2026-09-22,7,17493.00
35,2026-09-23,7,17493.00
35,2026-09-24,7,17493.00
35,2026-09-25,7,17493.00
35,2026-09-26,9,22491.00
35,2026-09-27,9,22491.00
35,2026-09-28,7,17493.00
35,2026-09-29,7,17493.00
36,2025-09-30,20,149980.00
36,2025-10-01,29,217471.00
36,2025-10-02,29,217471.00
36,2025-10-03,29,217471.00
36,2025-10-04,34,254966.00
36,2025-10-05,33,247467.00
36,2025-10-06,29,217471.00
36,2025-10-07,29,217471.00
36,2025-10-08,29,217471.00
36,2025-10-09,29,217471.00
36,2025-10-10,29,217471.00
36,2025-10-11,34,254966.00
36,2025-10-12,33,247467.00
36,2025-10-13,29,217471.00
36,2025-10-14,29,217471.00
36,2025-10-15,29,217471.00
36,2025-10-16,29,217471.00
36,2025-10-17,29,217471.00
36,2025-10-18,34,254966.00
36,2025-10-19,33,247467.00
36,2025-10-20,29,217471.00
36,2025-10-21,29,217471.00
36,2025-10-22,29,217471.00
36,2025-10-23,29,217471.00
36,2025-10-24,29,217471.00
36,2025-10-25,34,254966.00
36,2025-10-26,33,247467.00
36,2025-10-27,29,217471.00
36,2025-10-28,29,217471.00
36,2025-10-29,29,217471.00
36,2025-10-30,29,217471.00
36,2025-10-31,29,217471.00
36,2025-11-01,34,254966.00
36,2025-11-02,33,247467.00
36,2025-11-03,29,217471.00
36,2025-11-04,29,217471.00
36,2025-11-05,29,217471.00
36,2025-11-06,29,217471.00
36,2025-11-07,29,217471.00
36,2025-11-08,34,254966.00
36,2025-11-09,33,247467.00
36,2025-11-10,29,217471.00
36,2025-11-11,29,217471.00
36,2025-11-12,29,217471.00
36,2025-11-13,29,217471.00
36,2025-11-14,29,217471.00
36,2025-11-15,34,254966.00
36,2025-11-16,33,247467.00
36,2025-11-17,29,217471.00
36,2025-11-18,29,217471.00
36,2025-11-19,29,217471.00
36,2025-11-20,29,217471.00
36,2025-11-21,29,217471.00
36,2025-11-22,34,254966.00
36,2025-11-23,33,247467.00
36,2025-11-24,29,217471.00
36,2025-11-25,29,217471.00
36,2025-11-26,29,217471.00
36,2025-11-27,29,217471.00
36,2025-11-28,29,217471.00
36,2025-11-29,34,254966.00
36,2025-11-30,33,247467.00
36,2025-12-01,23,172477.00
36,2025-12-02,23,172477.00
36,2025-12-03,23,172477.00
36,2025-12-04,23,172477.00
36,2025-12-05,23,172477.00
36,2025-12-06,28,209972.00
36,2025-12-07,26,194974.00
36,2025-12-08,23,172477.00
36,2025-12-09,23,172477.00
36,2025-12-10,23,172477.00
36,2025-12-11,23,172477.00
36,2025-12-12,23,172477.00
36,2025-12-13,28,209972.00
36,2025-12-14,26,194974.00
36,2025-12-15,23,172477.00
36,2025-12-16,23,172477.00
36,2025-12-17,23,172477.00
36,2025-12-18,23,172477.00
36,2025-12-19,23,172477.00
36,2025-12-20,28,209972.00
36,2025-12-21,26,194974.00
36,2025-12-22,23,172477.00
36,2025-12-23,23,172477.00
36,2025-12-24,23,172477.00
36,2025-12-25,23,172477.00
36,2025-12-26,23,172477.00
36,2025-12-27,28,209972.00
36,2025-12-28,26,194974.00
36,2025-12-29,23,172477.00
36,2025-12-30,23,172477.00
36,2025-12-31,23,172477.00
36,2026-01-01,20,149980.00
36,2026-01-02,20,149980.00
36,2026-01-03,24,179976.00
36,2026-01-04,23,172477.00
36,2026-01-05,20,149980.00
36,2026-01-06,20,149980.00
36,2026-01-07,20,149980.00
36,2026-01-08,20,149980.00
36,2026-01-09,20,149980.00
36,2026-01-10,24,179976.00
36,2026-01-11,23,172477.00
36,2026-01-12,20,149980.00
36,2026-01-13,20,149980.00
36,2026-01-14,20,149980.00
36,2026-01-15,20,149980.00
36,2026-01-16,20,149980.00
36,2026-01-17,24,179976.00
36,2026-01-18,23,172477.00
36,2026-01-19,20,149980.00
36,2026-01-20,20,149980.00
36,2026-01-21,20,149980.00
36,2026-01-22,20,149980.00
36,2026-01-23,20,149980.00
36,2026-01-24,24,179976.00
36,2026-01-25,23,172477.00
36,2026-01-26,20,149980.00
36,2026-01-27,20,149980.00
36,2026-01-28,20,149980.00
36,2026-01-29,20,149980.00
36,2026-01-30,20,149980.00
36,2026-01-31,24,179976.00
36,2026-02-01,23,172477.00
36,2026-02-02,20,149980.00
36,2026-02-03,20,149980.00
36,2026-02-04,20,149980.00
36,2026-02-05,20,149980.00
36,2026-02-06,20,149980.00
36,2026-02-07,24,179976.00
36,2026-02-08,23,172477.00
36,2026-02-09,20,149980.00
36,2026-02-10,20,149980.00
36,2026-02-11,20,149980.00
36,2026-02-12,20,149980.00
36,2026-02-13,20,149980.00
36,2026-02-14,24,179976.00
36,2026-02-15,23,172477.00
36,2026-02-16,20,149980.00
36,2026-02-17,20,149980.00
36,2026-02-18,20,149980.00
36,2026-02-19,20,149980.00
36,2026-02-20,20,149980.00
36,2026-02-21,24,179976.00
36,2026-02-22,23,172477.00
36,2026-02-23,20,149980.00
36,2026-02-24,20,149980.00
36,2026-02-25,20,149980.00
36,2026-02-26,20,149980.00
36,2026-02-27,20,149980.00
36,2026-02-28,24,179976.00
36,2026-03-01,23,172477.00
36,2026-03-02,20,149980.00
36,2026-03-03,20,149980.00
36,2026-03-04,20,149980.00
36,2026-03-05,20,149980.00
36,2026-03-06,20,149980.00
36,2026-03-07,24,179976.00
36,2026-03-08,23,172477.00
36,2026-03-09,20,149980.00
36,2026-03-10,20,149980.00
36,2026-03-11,20,149980.00
36,2026-03-12,20,149980.00
36,2026-03-13,20,149980.00
36,2026-03-14,24,179976.00
36,2026-03-15,23,172477.00
36,2026-03-16,20,149980.00
36,2026-03-17,20,149980.00
36,2026-03-18,20,149980.00
36,2026-03-19,20,149980.00
36,2026-03-20,20,149980.00
36,2026-03-21,24,179976.00
36,2026-03-22,23,172477.00
36,2026-03-23,20,149980.00
36,2026-03-24,20,149980.00
36,2026-03-25,20,149980.00
36,2026-03-26,20,149980.00
36,2026-03-27,20,149980.00
36,2026-03-28,24,179976.00
36,2026-03-29,23,172477.00
36,2026-03-30,20,149980.00
36,2026-03-31,20,149980.00
36,2026-04-01,20,149980.00
36,2026-04-02,20,149980.00
36,2026-04-03,20,149980.00
36,2026-04-04,24,179976.00
36,2026-04-05,23,172477.00
36,2026-04-06,20,149980.00
36,2026-04-07,20,149980.00
36,2026-04-08,20,149980.00
36,2026-04-09,20,149980.00
36,2026-04-10,20,149980.00
36,2026-04-11,24,179976.00
36,2026-04-12,23,172477.00
36,2026-04-13,20,149980.00
36,2026-04-14,20,149980.00
36,2026-04-15,20,149980.00
36,2026-04-16,20,149980.00
36,2026-04-17,20,149980.00
36,2026-04-18,24,179976.00
36,2026-04-19,23,172477.00
36,2026-04-20,20,149980.00
36,2026-04-21,20,149980.00
36,2026-04-22,20,149980.00
36,2026-04-23,20,149980.00
36,2026-04-24,20,149980.00
36,2026-04-25,24,179976.00
36,2026-04-26,23,172477.00
36,2026-04-27,20,149980.00
36,2026-04-28,20,149980.00
36,2026-04-29,20,149980.00
36,2026-04-30,20,149980.00
36,2026-05-01,20,149980.00
36,2026-05-02,24,179976.00
36,2026-05-03,23,172477.00
36,2026-05-04,20,149980.00
36,2026-05-05,20,149980.00
36,2026-05-06,20,149980.00
36,2026-05-07,20,149980.00
36,2026-05-08,20,149980.00
36,2026-05-09,24,179976.00
36,2026-05-10,23,172477.00
36,2026-05-11,20,149980.00
36,2026-05-12,20,149980.00
36,2026-05-13,20,149980.00
36,2026-05-14,20,149980.00
36,2026-05-15,20,149980.00
36,2026-05-16,24,179976.00
36,2026-05-17,23,172477.00
36,2026-05-18,20,149980.00
36,2026-05-19,20,149980.00
36,2026-05-20,20,149980.00
36,2026-05-21,20,149980.00
36,2026-05-22,20,149980.00
36,2026-05-23,24,179976.00
36,2026-05-24,23,172477.00
36,2026-05-25,20,149980.00
36,2026-05-26,20,149980.00
36,2026-05-27,20,149980.00
36,2026-05-28,20,149980.00
36,2026-05-29,20,149980.00
36,2026-05-30,24,179976.00
36,2026-05-31,23,172477.00
36,2026-06-01,20,149980.00
36,2026-06-02,20,149980.00
36,2026-06-03,20,149980.00
36,2026-06-04,20,149980.00
36,2026-06-05,20,149980.00
36,2026-06-06,24,179976.00
36,2026-06-07,23,172477.00
36,2026-06-08,20,149980.00
36,2026-06-09,20,149980.00
36,2026-06-10,20,149980.00
36,2026-06-11,20,149980.00
36,2026-06-12,20,149980.00
36,2026-06-13,24,179976.00
36,2026-06-14,23,172477.00
36,2026-06-15,20,149980.00
36,2026-06-16,20,149980.00
36,2026-06-17,20,149980.00
36,2026-06-18,20,149980.00
36,2026-06-19,20,149980.00
36,2026-06-20,24,179976.00
36,2026-06-21,23,172477.00
36,2026-06-22,20,149980.00
36,2026-06-23,20,149980.00
36,2026-06-24,20,149980.00
36,2026-06-25,20,149980.00
36,2026-06-26,20,149980.00
36,2026-06-27,24,179976.00
36,2026-06-28,23,172477.00
36,2026-06-29,20,149980.00
36,2026-06-30,20,149980.00
36,2026-07-01,20,149980.00
36,2026-07-02,20,149980.00
36,2026-07-03,20,149980.00
36,2026-07-04,24,179976.00
36,2026-07-05,23,172477.00
36,2026-07-06,20,149980.00
36,2026-07-07,20,149980.00
36,2026-07-08,20,149980.00
36,2026-07-09,20,149980.00
36,2026-07-10,20,149980.00
36,2026-07-11,24,179976.00
36,2026-07-12,23,172477.00
36,2026-07-13,20,149980.00
36,2026-07-14,20,149980.00
36,2026-07-15,20,149980.00
36,2026-07-16,20,149980.00
36,2026-07-17,20,149980.00
36,2026-07-18,24,179976.00
36,2026-07-19,23,172477.00
36,2026-07-20,20,149980.00
36,2026-07-21,20,149980.00
36,2026-07-22,20,149980.00
36,2026-07-23,20,149980.00
36,2026-07-24,20,149980.00
36,2026-07-25,24,179976.00
36,2026-07-26,23,172477.00
36,2026-07-27,20,149980.00
36,2026-07-28,20,149980.00
36,2026-07-29,20,149980.00
36,2026-07-30,20,149980.00
36,2026-07-31,20,149980.00
36,2026-08-01,24,179976.00
36,2026-08-02,23,172477.00
36,2026-08-03,20,149980.00
36,2026-08-04,20,149980.00
36,2026-08-05,20,149980.00
36,2026-08-06,20,149980.00
36,2026-08-07,20,149980.00
36,2026-08-08,24,179976.00
36,2026-08-09,23,172477.00
36,2026-08-10,20,149980.00
36,2026-08-11,20,149980.00
36,2026-08-12,20,149980.00
36,2026-08-13,20,149980.00
36,2026-08-14,20,149980.00
36,2026-08-15,24,179976.00
36,2026-08-16,23,172477.00
36,2026-08-17,20,149980.00
36,2026-08-18,20,149980.00
36,2026-08-19,20,149980.00
36,2026-08-20,20,149980.00
36,2026-08-21,20,149980.00
36,2026-08-22,24,179976.00
36,2026-08-23,23,172477.00
36,2026-08-24,20,149980.00
36,2026-08-25,20,149980.00
36,2026-08-26,20,149980.00
36,2026-08-27,20,149980.00
36,2026-08-28,20,149980.00
36,2026-08-29,24,179976.00
36,2026-08-30,23,172477.00
36,2026-08-31,20,149980.00
36,2026-09-01,20,149980.00
36,2026-09-02,20,149980.00
36,2026-09-03,20,149980.00
36,2026-09-04,20,149980.00
36,2026-09-05,24,179976.00
36,2026-09-06,23,172477.00
36,2026-09-07,20,149980.00
36,2026-09-08,20,149980.00
36,2026-09-09,20,149980.00
36,2026-09-10,20,149980.00
36,2026-09-11,20,149980.00
36,2026-09-12,24,179976.00
36,2026-09-13,23,172477.00
36,2026-09-14,20,149980.00
36,2026-09-15,20,149980.00
36,2026-09-16,20,149980.00
36,2026-09-17,20,149980.00
36,2026-09-18,20,149980.00
36,2026-09-19,24,179976.00
36,2026-09-20,23,172477.00
36,2026-09-21,20,149980.00
36,2026-09-22,20,149980.00
36,2026-09-23,20,149980.00
36,2026-09-24,20,149980.00
36,2026-09-25,20,149980.00
36,2026-09-26,24,179976.00
36,2026-09-27,23,172477.00
36,2026-09-28,20,149980.00
36,2026-09-29,20,149980.00
37,2025-09-30,18,35982.00
37,2025-10-01,26,51974.00
37,2025-10-02,26,51974.00
37,2025-10-03,26,51974.00
37,2025-10-04,31,61969.00
37,2025-10-05,30,59970.00
37,2025-10-06,26,51974.00
37,2025-10-07,26,51974.00
37,2025-10-08,26,51974.00
37,2025-10-09,26,51974.00
37,2025-10-10,26,51974.00
37,2025-10-11,31,61969.00
37,2025-10-12,30,59970.00
37,2025-10-13,26,51974.00
37,2025-10-14,26,51974.00
37,2025-10-15,26,51974.00
37,2025-10-16,26,51974.00
37,2025-10-17,26,51974.00
37,2025-10-18,31,61969.00
37,2025-10-19,30,59970.00
37,2025-10-20,26,51974.00
37,2025-10-21,26,51974.00
37,2025-10-22,26,51974.00
37,2025-10-23,26,51974.00
37,2025-10-24,26,51974.00
37,2025-10-25,31,61969.00
37,2025-10-26,30,59970.00
37,2025-10-27,26,51974.00
37,2025-10-28,26,51974.00
37,2025-10-29,26,51974.00
37,2025-10-30,26,51974.00
37,2025-10-31,26,51974.00
37,2025-11-01,31,61969.00
37,2025-11-02,30,59970.00
37,2025-11-03,26,51974.00
37,2025-11-04,26,51974.00
37,2025-11-05,26,51974.00
37,2025-11-06,26,51974.00
37,2025-11-07,26,51974.00
37,2025-11-08,31,61969.00
37,2025-11-09,30,59970.00
37,2025-11-10,26,51974.00
37,2025-11-11,26,51974.00
37,2025-11-12,26,51974.00
37,2025-11-13,26,51974.00
37,2025-11-14,26,51974.00
37,2025-11-15,31,61969.00
37,2025-11-16,30,59970.00
37,2025-11-17,26,51974.00
37,2025-11-18,26,51974.00
37,2025-11-19,26,51974.00
37,2025-11-20,26,51974.00
37,2025-11-21,26,51974.00
37,2025-11-22,31,61969.00
37,2025-11-23,30,59970.00
37,2025-11-24,26,51974.00
37,2025-11-25,26,51974.00
37,2025-11-26,26,51974.00
37,2025-11-27,26,51974.00
37,2025-11-28,26,51974.00
37,2025-11-29,31,61969.00
37,2025-11-30,30,59970.00
37,2025-12-01,21,41979.00
37,2025-12-02,21,41979.00
37,2025-12-03,21,41979.00
37,2025-12-04,21,41979.00
37,2025-12-05,21,41979.00
37,2025-12-06,25,49975.00
37,2025-12-07,24,47976.00
37,2025-12-08,21,41979.00
37,2025-12-09,21,41979.00
37,2025-12-10,21,41979.00
37,2025-12-11,21,41979.00
37,2025-12-12,21,41979.00
37,2025-12-13,25,49975.00
37,2025-12-14,24,47976.00
37,2025-12-15,21,41979.00
37,2025-12-16,21,41979.00
37,2025-12-17,21,41979.00
37,2025-12-18,21,41979.00
37,2025-12-19,21,41979.00
37,2025-12-20,25,49975.00
37,2025-12-21,24,47976.00
37,2025-12-22,21,41979.00
37,2025-12-23,21,41979.00
37,2025-12-24,21,41979.00
37,2025-12-25,21,41979.00
37,2025-12-26,21,41979.00
37,2025-12-27,25,49975.00
37,2025-12-28,24,47976.00
37,2025-12-29,21,41979.00
37,2025-12-30,21,41979.00
37,2025-12-31,21,41979.00
37,2026-01-01,18,35982.00
37,2026-01-02,18,35982.00
37,2026-01-03,22,43978.00
37,2026-01-04,21,41979.00
37,2026-01-05,18,35982.00
37,2026-01-06,18,35982.00
37,2026-01-07,18,35982.00
37,2026-01-08,18,35982.00
37,2026-01-09,18,35982.00
37,2026-01-10,22,43978.00
37,2026-01-11,21,41979.00
37,2026-01-12,18,35982.00
37,2026-01-13,18,35982.00
37,2026-01-14,18,35982.00
37,2026-01-15,18,35982.00
37,2026-01-16,18,35982.00
37,2026-01-17,22,43978.00
37,2026-01-18,21,41979.00
37,2026-01-19,18,35982.00
37,2026-01-20,18,35982.00
37,2026-01-21,18,35982.00
37,2026-01-22,18,35982.00
37,2026-01-23,18,35982.00
37,2026-01-24,22,43978.00
37,2026-01-25,21,41979.00
37,2026-01-26,18,35982.00
37,2026-01-27,18,35982.00
37,2026-01-28,18,35982.00
37,2026-01-29,18,35982.00
37,2026-01-30,18,35982.00
37,2026-01-31,22,43978.00
37,2026-02-01,21,41979.00
37,2026-02-02,18,35982.00
37,2026-02-03,18,35982.00
37,2026-02-04,18,35982.00
37,2026-02-05,18,35982.00
37,2026-02-06,18,35982.00
37,2026-02-07,22,43978.00
37,2026-02-08,21,41979.00
37,2026-02-09,18,35982.00
37,2026-02-10,18,35982.00
37,2026-02-11,18,35982.00
37,2026-02-12,18,35982.00
37,2026-02-13,18,35982.00
37,2026-02-14,22,43978.00
37,2026-02-15,21,41979.00
37,2026-02-16,18,35982.00
37,2026-02-17,18,35982.00
37,2026-02-18,18,35982.00
37,2026-02-19,18,35982.00
37,2026-02-20,18,35982.00
37,2026-02-21,22,43978.00
37,2026-02-22,21,41979.00
37,2026-02-23,18,35982.00
37,2026-02-24,18,35982.00
37,2026-02-25,18,35982.00
37,2026-02-26,18,35982.00
37,2026-02-27,18,35982.00
37,2026-02-28,22,43978.00
37,2026-03-01,21,41979.00
37,2026-03-02,18,35982.00
37,2026-03-03,18,35982.00
37,2026-03-04,18,35982.00
37,2026-03-05,18,35982.00
37,2026-03-06,18,35982.00
37,2026-03-07,22,43978.00
37,2026-03-08,21,41979.00
37,2026-03-09,18,35982.00
37,2026-03-10,18,35982.00
37,2026-03-11,18,35982.00
37,2026-03-12,18,35982.00
37,2026-03-13,18,35982.00
37,2026-03-14,22,43978.00
37,2026-03-15,21,41979.00
37,2026-03-16,18,35982.00
37,2026-03-17,18,35982.00
37,2026-03-18,18,35982.00
37,2026-03-19,18,35982.00
37,2026-03-20,18,35982.00
37,2026-03-21,22,43978.00
37,2026-03-22,21,41979.00
37,2026-03-23,18,35982.00
37,2026-03-24,18,35982.00
37,2026-03-25,18,35982.00
37,2026-03-26,18,35982.00
37,2026-03-27,18,35982.00
37,2026-03-28,22,43978.00
37,2026-03-29,21,41979.00
37,2026-03-30,18,35982.00
37,2026-03-31,18,35982.00
37,2026-04-01,18,35982.00
37,2026-04-02,18,35982.00
37,2026-04-03,18,35982.00
37,2026-04-04,22,43978.00
37,2026-04-05,21,41979.00
37,2026-04-06,18,35982.00
37,2026-04-07,18,35982.00
37,2026-04-08,18,35982.00
37,2026-04-09,18,35982.00
37,2026-04-10,18,35982.00
37,2026-04-11,22,43978.00
37,2026-04-12,21,41979.00
37,2026-04-13,18,35982.00
37,2026-04-14,18,35982.00
37,2026-04-15,18,35982.00
37,2026-04-16,18,35982.00
37,2026-04-17,18,35982.00
37,2026-04-18,22,43978.00
37,2026-04-19,21,41979.00
37,2026-04-20,18,35982.00
37,2026-04-21,18,35982.00
37,2026-04-22,18,35982.00
37,2026-04-23,18,35982.00
37,2026-04-24,18,35982.00
37,2026-04-25,22,43978.00
37,2026-04-26,21,41979.00
37,2026-04-27,18,35982.00
37,2026-04-28,18,35982.00
37,2026-04-29,18,35982.00
37,2026-04-30,18,35982.00
37,2026-05-01,18,35982.00
37,2026-05-02,22,43978.00
37,2026-05-03,21,41979.00
37,2026-05-04,18,35982.00
37,2026-05-05,18,35982.00
37,2026-05-06,18,35982.00
37,2026-05-07,18,35982.00
37,2026-05-08,18,35982.00
37,2026-05-09,22,43978.00
37,2026-05-10,21,41979.00
37,2026-05-11,18,35982.00
37,2026-05-12,18,35982.00
37,2026-05-13,18,35982.00
37,2026-05-14,18,35982.00
37,2026-05-15,18,35982.00
37,2026-05-16,22,43978.00
37,2026-05-17,21,41979.00
37,2026-05-18,18,35982.00
37,2026-05-19,18,35982.00
37,2026-05-20,18,35982.00
37,2026-05-21,18,35982.00
37,2026-05-22,18,35982.00
37,2026-05-23,22,43978.00
37,2026-05-24,21,41979.00
37,2026-05-25,18,35982.00
37,2026-05-26,18,35982.00
37,2026-05-27,18,35982.00
37,2026-05-28,18,35982.00
37,2026-05-29,18,35982.00
37,2026-05-30,22,43978.00
37,2026-05-31,21,41979.00
37,2026-06-01,18,35982.00
37,2026-06-02,18,35982.00
37,2026-06-03,18,35982.00
37,2026-06-04,18,35982.00
37,2026-06-05,18,35982.00
37,2026-06-06,22,43978.00
37,2026-06-07,21,41979.00
37,2026-06-08,18,35982.00
37,2026-06-09,18,35982.00
37,2026-06-10,18,35982.00
37,2026-06-11,18,35982.00
37,2026-06-12,18,35982.00
37,2026-06-13,22,43978.00
37,2026-06-14,21,41979.00
37,2026-06-15,18,35982.00
37,2026-06-16,18,35982.00
37,2026-06-17,18,35982.00
37,2026-06-18,18,35982.00
37,2026-06-19,18,35982.00
37,2026-06-20,22,43978.00
37,2026-06-21,21,41979.00
37,2026-06-22,18,35982.00
37,2026-06-23,18,35982.00
37,2026-06-24,18,35982.00
37,2026-06-25,18,35982.00
37,2026-06-26,18,35982.00
37,2026-06-27,22,43978.00
37,2026-06-28,21,41979.00
37,2026-06-29,18,35982.00
37,2026-06-30,18,35982.00
37,2026-07-01,18,35982.00
37,2026-07-02,18,35982.00
37,2026-07-03,18,35982.00
37,2026-07-04,22,43978.00
37,2026-07-05,21,41979.00
37,2026-07-06,18,35982.00
37,2026-07-07,18,35982.00
37,2026-07-08,18,35982.00
37,2026-07-09,18,35982.00
37,2026-07-10,18,35982.00
37,2026-07-11,22,43978.00
37,2026-07-12,21,41979.00
37,2026-07-13,18,35982.00
37,2026-07-14,18,35982.00
37,2026-07-15,18,35982.00
37,2026-07-16,18,35982.00
37,2026-07-17,18,35982.00
37,2026-07-18,22,43978.00
37,2026-07-19,21,41979.00
37,2026-07-20,18,35982.00
37,2026-07-21,18,35982.00
37,2026-07-22,18,35982.00
37,2026-07-23,18,35982.00
37,2026-07-24,18,35982.00
37,2026-07-25,22,43978.00
37,2026-07-26,21,41979.00
37,2026-07-27,18,35982.00
37,2026-07-28,18,35982.00
37,2026-07-29,18,35982.00
37,2026-07-30,18,35982.00
37,2026-07-31,18,35982.00
37,2026-08-01,22,43978.00
37,2026-08-02,21,41979.00
37,2026-08-03,18,35982.00
37,2026-08-04,18,35982.00
37,2026-08-05,18,35982.00
37,2026-08-06,18,35982.00
37,2026-08-07,18,35982.00
37,2026-08-08,22,43978.00
37,2026-08-09,21,41979.00
37,2026-08-10,18,35982.00
37,2026-08-11,18,35982.00
37,2026-08-12,18,35982.00
37,2026-08-13,18,35982.00
37,2026-08-14,18,35982.00
37,2026-08-15,22,43978.00
37,2026-08-16,21,41979.00
37,2026-08-17,18,35982.00
37,2026-08-18,18,35982.00
37,2026-08-19,18,35982.00
37,2026-08-20,18,35982.00
37,2026-08-21,18,35982.00
37,2026-08-22,22,43978.00
37,2026-08-23,21,41979.00
37,2026-08-24,18,35982.00
37,2026-08-25,18,35982.00
37,2026-08-26,18,35982.00
37,2026-08-27,18,35982.00
37,2026-08-28,18,35982.00
37,2026-08-29,22,43978.00
37,2026-08-30,21,41979.00
37,2026-08-31,18,35982.00
37,2026-09-01,18,35982.00
37,2026-09-02,18,35982.00
37,2026-09-03,18,35982.00
37,2026-09-04,18,35982.00
37,2026-09-05,22,43978.00
37,2026-09-06,21,41979.00
37,2026-09-07,18,35982.00
37,2026-09-08,18,35982.00
37,2026-09-09,18,35982.00
37,2026-09-10,18,35982.00
37,2026-09-11,18,35982.00
37,2026-09-12,22,43978.00
37,2026-09-13,21,41979.00
37,2026-09-14,18,35982.00
37,2026-09-15,18,35982.00
37,2026-09-16,18,35982.00
37,2026-09-17,18,35982.00
37,2026-09-18,18,35982.00
37,2026-09-19,22,43978.00
37,2026-09-20,21,41979.00
37,2026-09-21,18,35982.00
37,2026-09-22,18,35982.00
37,2026-09-23,18,35982.00
37,2026-09-24,18,35982.00
37,2026-09-25,18,35982.00
37,2026-09-26,22,43978.00
37,2026-09-27,21,41979.00
37,2026-09-28,18,35982.00
37,2026-09-29,18,35982.00
38,2025-09-30,17,30583.00
38,2025-10-01,24,43176.00
38,2025-10-02,24,43176.00
38,2025-10-03,24,43176.00
38,2025-10-04,29,52171.00
38,2025-10-05,28,50372.00
38,2025-10-06,24,43176.00
38,2025-10-07,24,43176.00
38,2025-10-08,24,43176.00
38,2025-10-09,24,43176.00
38,2025-10-10,24,43176.00
38,2025-10-11,29,52171.00
38,2025-10-12,28,50372.00
38,2025-10-13,24,43176.00
38,2025-10-14,24,43176.00
38,2025-10-15,24,43176.00
38,2025-10-16,24,43176.00
38,2025-10-17,24,43176.00
38,2025-10-18,29,52171.00
38,2025-10-19,28,50372.00
38,2025-10-20,24,43176.00
38,2025-10-21,24,43176.00
38,2025-10-22,24,43176.00
38,2025-10-23,24,43176.00
38,2025-10-24,24,43176.00
38,2025-10-25,29,52171.00
38,2025-10-26,28,50372.00
38,2025-10-27,24,43176.00
38,2025-10-28,24,43176.00
38,2025-10-29,24,43176.00
38,2025-10-30,24,43176.00
38,2025-10-31,24,43176.00
38,2025-11-01,29,52171.00
38,2025-11-02,28,50372.00
38,2025-11-03,24,43176.00
38,2025-11-04,24,43176.00
38,2025-11-05,24,43176.00
38,2025-11-06,24,43176.00
38,2025-11-07,24,43176.00
38,2025-11-08,29,52171.00
38,2025-11-09,28,50372.00
38,2025-11-10,24,43176.00
38,2025-11-11,24,43176.00
38,2025-11-12,24,43176.00
38,2025-11-13,24,43176.00
38,2025-11-14,24,43176.00
38,2025-11-15,29,52171.00
38,2025-11-16,28,50372.00
38,2025-11-17,24,43176.00
38,2025-11-18,24,43176.00
38,2025-11-19,24,43176.00
38,2025-11-20,24,43176.00
38,2025-11-21,24,43176.00
38,2025-11-22,29,52171.00
38,2025-11-23,28,50372.00
38,2025-11-24,24,43176.00
38,2025-11-25,24,43176.00
38,2025-11-26,24,43176.00
38,2025-11-27,24,43176.00
38,2025-11-28,24,43176.00
38,2025-11-29,29,52171.00
38,2025-11-30,28,50372.00
38,2025-12-01,19,34181.00
38,2025-12-02,19,34181.00
38,2025-12-03,19,34181.00
38,2025-12-04,19,34181.00
38,2025-12-05,19,34181.00
38,2025-12-06,23,41377.00
38,2025-12-07,22,39578.00
38,2025-12-08,19,34181.00
38,2025-12-09,19,34181.00
38,2025-12-10,19,34181.00
38,2025-12-11,19,34181.00
38,2025-12-12,19,34181.00
38,2025-12-13,23,41377.00
38,2025-12-14,22,39578.00
38,2025-12-15,19,34181.00
38,2025-12-16,19,34181.00
38,2025-12-17,19,34181.00
38,2025-12-18,19,34181.00
38,2025-12-19,19,34181.00
38,2025-12-20,23,41377.00
38,2025-12-21,22,39578.00
38,2025-12-22,19,34181.00
38,2025-12-23,19,34181.00
38,2025-12-24,19,34181.00
38,2025-12-25,19,34181.00
38,2025-12-26,19,34181.00
38,2025-12-27,23,41377.00
38,2025-12-28,22,39578.00
38,2025-12-29,19,34181.00
38,2025-12-30,19,34181.00
38,2025-12-31,19,34181.00
38,2026-01-01,17,30583.00
38,2026-01-02,17,30583.00
38,2026-01-03,20,35980.00
38,2026-01-04,19,34181.00
38,2026-01-05,17,30583.00
38,2026-01-06,17,30583.00
38,2026-01-07,17,30583.00
38,2026-01-08,17,30583.00
38,2026-01-09,17,30583.00
38,2026-01-10,20,35980.00
38,2026-01-11,19,34181.00
38,2026-01-12,17,30583.00
38,2026-01-13,17,30583.00
38,2026-01-14,17,30583.00
38,2026-01-15,17,30583.00
38,2026-01-16,17,30583.00
38,2026-01-17,20,35980.00
38,2026-01-18,19,34181.00
38,2026-01-19,17,30583.00
38,2026-01-20,17,30583.00
38,2026-01-21,17,30583.00
38,2026-01-22,17,30583.00
38,2026-01-23,17,30583.00
38,2026-01-24,20,35980.00
38,2026-01-25,19,34181.00
38,2026-01-26,17,30583.00
38,2026-01-27,17,30583.00
38,2026-01-28,17,30583.00
38,2026-01-29,17,30583.00
38,2026-01-30,17,30583.00
38,2026-01-31,20,35980.00
38,2026-02-01,19,34181.00
38,2026-02-02,17,30583.00
38,2026-02-03,17,30583.00
38,2026-02-04,17,30583.00
38,2026-02-05,17,30583.00
38,2026-02-06,17,30583.00
38,2026-02-07,20,35980.00
38,2026-02-08,19,34181.00
38,2026-02-09,17,30583.00
38,2026-02-10,17,30583.00
38,2026-02-11,17,30583.00
38,2026-02-12,17,30583.00
38,2026-02-13,17,30583.00
38,2026-02-14,20,35980.00
38,2026-02-15,19,34181.00
38,2026-02-16,17,30583.00
38,2026-02-17,17,30583.00
38,2026-02-18,17,30583.00
38,2026-02-19,17,30583.00
38,2026-02-20,17,30583.00
38,2026-02-21,20,35980.00
38,2026-02-22,19,34181.00
38,2026-02-23,17,30583.00
38,2026-02-24,17,30583.00
38,2026-02-25,17,30583.00
38,2026-02-26,17,30583.00
38,2026-02-27,17,30583.00
38,2026-02-28,20,35980.00
38,2026-03-01,19,34181.00
38,2026-03-02,17,30583.00
38,2026-03-03,17,30583.00
38,2026-03-04,17,30583.00
38,2026-03-05,17,30583.00
38,2026-03-06,17,30583.00
38,2026-03-07,20,35980.00
38,2026-03-08,19,34181.00
38,2026-03-09,17,30583.00
38,2026-03-10,17,30583.00
38,2026-03-11,17,30583.00
38,2026-03-12,17,30583.00
38,2026-03-13,17,30583.00
38,2026-03-14,20,35980.00
38,2026-03-15,19,34181.00
38,2026-03-16,17,30583.00
38,2026-03-17,17,30583.00
38,2026-03-18,17,30583.00
38,2026-03-19,17,30583.00
38,2026-03-20,17,30583.00
38,2026-03-21,20,35980.00
38,2026-03-22,19,34181.00
38,2026-03-23,17,30583.00
38,2026-03-24,17,30583.00
38,2026-03-25,17,30583.00
38,2026-03-26,17,30583.00
38,2026-03-27,17,30583.00
38,2026-03-28,20,35980.00
38,2026-03-29,19,34181.00
38,2026-03-30,17,30583.00
38,2026-03-31,17,30583.00
38,2026-04-01,17,30583.00
38,2026-04-02,17,30583.00
38,2026-04-03,17,30583.00
38,2026-04-04,20,35980.00
38,2026-04-05,19,34181.00
38,2026-04-06,17,30583.00
38,2026-04-07,17,30583.00
38,2026-04-08,17,30583.00
38,2026-04-09,17,30583.00
38,2026-04-10,17,30583.00
38,2026-04-11,20,35980.00
38,2026-04-12,19,34181.00
38,2026-04-13,17,30583.00
38,2026-04-14,17,30583.00
38,2026-04-15,17,30583.00
38,2026-04-16,17,30583.00
38,2026-04-17,17,30583.00
38,2026-04-18,20,35980.00
38,2026-04-19,19,34181.00
38,2026-04-20,17,30583.00
38,2026-04-21,17,30583.00
38,2026-04-22,17,30583.00
38,2026-04-23,17,30583.00
38,2026-04-24,17,30583.00
38,2026-04-25,20,35980.00
38,2026-04-26,19,34181.00
38,2026-04-27,17,30583.00
38,2026-04-28,17,30583.00
38,2026-04-29,17,30583.00
38,2026-04-30,17,30583.00
38,2026-05-01,17,30583.00
38,2026-05-02,20,35980.00
38,2026-05-03,19,34181.00
38,2026-05-04,17,30583.00
38,2026-05-05,17,30583.00
38,2026-05-06,17,30583.00
38,2026-05-07,17,30583.00
38,2026-05-08,17,30583.00
38,2026-05-09,20,35980.00
38,2026-05-10,19,34181.00
38,2026-05-11,17,30583.00
38,2026-05-12,17,30583.00
38,2026-05-13,17,30583.00
38,2026-05-14,17,30583.00
38,2026-05-15,17,30583.00
38,2026-05-16,20,35980.00
38,2026-05-17,19,34181.00
38,2026-05-18,17,30583.00
38,2026-05-19,17,30583.00
38,2026-05-20,17,30583.00
38,2026-05-21,17,30583.00
38,2026-05-22,17,30583.00
38,2026-05-23,20,35980.00
38,2026-05-24,19,34181.00
38,2026-05-25,17,30583.00
38,2026-05-26,17,30583.00
38,2026-05-27,17,30583.00
38,2026-05-28,17,30583.00
38,2026-05-29,17,30583.00
38,2026-05-30,20,35980.00
38,2026-05-31,19,34181.00
38,2026-06-01,17,30583.00
38,2026-06-02,17,30583.00
38,2026-06-03,17,30583.00
38,2026-06-04,17,30583.00
38,2026-06-05,17,30583.00
38,2026-06-06,20,35980.00
38,2026-06-07,19,34181.00
38,2026-06-08,17,30583.00
38,2026-06-09,17,30583.00
38,2026-06-10,17,30583.00
38,2026-06-11,17,30583.00
38,2026-06-12,17,30583.00
38,2026-06-13,20,35980.00
38,2026-06-14,19,34181.00
38,2026-06-15,17,30583.00
38,2026-06-16,17,30583.00
38,2026-06-17,17,30583.00
38,2026-06-18,17,30583.00
38,2026-06-19,17,30583.00
38,2026-06-20,20,35980.00
38,2026-06-21,19,34181.00
38,2026-06-22,17,30583.00
38,2026-06-23,17,30583.00
38,2026-06-24,17,30583.00
38,2026-06-25,17,30583.00
38,2026-06-26,17,30583.00
38,2026-06-27,20,35980.00
38,2026-06-28,19,34181.00
38,2026-06-29,17,30583.00
38,2026-06-30,17,30583.00
38,2026-07-01,17,30583.00
38,2026-07-02,17,30583.00
38,2026-07-03,17,30583.00
38,2026-07-04,20,35980.00
38,2026-07-05,19,34181.00
38,2026-07-06,17,30583.00
38,2026-07-07,17,30583.00
38,2026-07-08,17,30583.00
38,2026-07-09,17,30583.00
38,2026-07-10,17,30583.00
38,2026-07-11,20,35980.00
38,2026-07-12,19,34181.00
38,2026-07-13,17,30583.00
38,2026-07-14,17,30583.00
38,2026-07-15,17,30583.00
38,2026-07-16,17,30583.00
38,2026-07-17,17,30583.00
38,2026-07-18,20,35980.00
38,2026-07-19,19,34181.00
38,2026-07-20,17,30583.00
38,2026-07-21,17,30583.00
38,2026-07-22,17,30583.00
38,2026-07-23,17,30583.00
38,2026-07-24,17,30583.00
38,2026-07-25,20,35980.00
38,2026-07-26,19,34181.00
38,2026-07-27,17,30583.00
38,2026-07-28,17,30583.00
38,2026-07-29,17,30583.00
38,2026-07-30,17,30583.00
38,2026-07-31,17,30583.00
38,2026-08-01,20,35980.00
38,2026-08-02,19,34181.00
38,2026-08-03,17,30583.00
38,2026-08-04,17,30583.00
38,2026-08-05,17,30583.00
38,2026-08-06,17,30583.00
38,2026-08-07,17,30583.00
38,2026-08-08,20,35980.00
38,2026-08-09,19,34181.00
38,2026-08-10,17,30583.00
38,2026-08-11,17,30583.00
38,2026-08-12,17,30583.00
38,2026-08-13,17,30583.00
38,2026-08-14,17,30583.00
38,2026-08-15,20,35980.00
38,2026-08-16,19,34181.00
38,2026-08-17,17,30583.00
38,2026-08-18,17,30583.00
38,2026-08-19,17,30583.00
38,2026-08-20,17,30583.00
38,2026-08-21,17,30583.00
38,2026-08-22,20,35980.00
38,2026-08-23,19,34181.00
38,2026-08-24,17,30583.00
38,2026-08-25,17,30583.00
38,2026-08-26,17,30583.00
38,2026-08-27,17,30583.00
38,2026-08-28,17,30583.00
38,2026-08-29,20,35980.00
38,2026-08-30,19,34181.00
38,2026-08-31,17,30583.00
38,2026-09-01,17,30583.00
38,2026-09-02,17,30583.00
38,2026-09-03,17,30583.00
38,2026-09-04,17,30583.00
38,2026-09-05,20,35980.00
38,2026-09-06,19,34181.00
38,2026-09-07,17,30583.00
38,2026-09-08,17,30583.00
38,2026-09-09,17,30583.00
38,2026-09-10,17,30583.00
38,2026-09-11,17,30583.00
38,2026-09-12,20,35980.00
38,2026-09-13,19,34181.00
38,2026-09-14,17,30583.00
38,2026-09-15,17,30583.00
38,2026-09-16,17,30583.00
38,2026-09-17,17,30583.00
38,2026-09-18,17,30583.00
38,2026-09-19,20,35980.00
38,2026-09-20,19,34181.00
38,2026-09-21,17,30583.00
38,2026-09-22,17,30583.00
38,2026-09-23,17,30583.00
38,2026-09-24,17,30583.00
38,2026-09-25,17,30583.00
38,2026-09-26,20,35980.00
38,2026-09-27,19,34181.00
38,2026-09-28,17,30583.00
38,2026-09-29,17,30583.00
39,2025-09-30,21,16779.00
39,2025-10-01,31,24769.00
39,2025-10-02,31,24769.00
39,2025-10-03,31,24769.00
39,2025-10-04,37,29563.00
39,2025-10-05,35,27965.00
39,2025-10-06,31,24769.00
39,2025-10-07,31,24769.00
39,2025-10-08,31,24769.00
39,2025-10-09,31,24769.00
39,2025-10-10,31,24769.00
39,2025-10-11,37,29563.00
39,2025-10-12,35,27965.00
39,2025-10-13,31,24769.00
39,2025-10-14,31,24769.00
39,2025-10-15,31,24769.00
39,2025-10-16,31,24769.00
39,2025-10-17,31,24769.00
39,2025-10-18,37,29563.00
39,2025-10-19,35,27965.00
39,2025-10-20,31,24769.00
39,2025-10-21,31,24769.00
39,2025-10-22,31,24769.00
39,2025-10-23,31,24769.00
39,2025-10-24,31,24769.00
39,2025-10-25,37,29563.00
39,2025-10-26,35,27965.00
39,2025-10-27,31,24769.00
39,2025-10-28,31,24769.00
39,2025-10-29,31,24769.00
39,2025-10-30,31,24769.00
39,2025-10-31,31,24769.00
39,2025-11-01,37,29563.00
39,2025-11-02,35,27965.00
39,2025-11-03,31,24769.00
39,2025-11-04,31,24769.00
39,2025-11-05,31,24769.00
39,2025-11-06,31,24769.00
39,2025-11-07,31,24769.00
39,2025-11-08,37,29563.00
39,2025-11-09,35,27965.00
39,2025-11-10,31,24769.00
39,2025-11-11,31,24769.00
39,2025-11-12,31,24769.00
39,2025-11-13,31,24769.00
39,2025-11-14,31,24769.00
39,2025-11-15,37,29563.00
39,2025-11-16,35,27965.00
39,2025-11-17,31,24769.00
39,2025-11-18,31,24769.00
39,2025-11-19,31,24769.00
39,2025-11-20,31,24769.00
39,2025-11-21,31,24769.00
39,2025-11-22,37,29563.00
39,2025-11-23,35,27965.00
39,2025-11-24,31,24769.00
39,2025-11-25,31,24769.00
39,2025-11-26,31,24769.00
39,2025-11-27,31,24769.00
39,2025-11-28,31,24769.00
39,2025-11-29,37,29563.00
39,2025-11-30,35,27965.00
39,2025-12-01,25,19975.00
39,2025-12-02,25,19975.00
39,2025-12-03,25,19975.00
39,2025-12-04,25,19975.00
39,2025-12-05,25,19975.00
39,2025-12-06,30,23970.00
39,2025-12-07,28,22372.00
39,2025-12-08,25,19975.00
39,2025-12-09,25,19975.00
39,2025-12-10,25,19975.00
39,2025-12-11,25,19975.00
39,2025-12-12,25,19975.00
39,2025-12-13,30,23970.00
39,2025-12-14,28,22372.00
39,2025-12-15,25,19975.00
39,2025-12-16,25,19975.00
39,2025-12-17,25,19975.00
39,2025-12-18,25,19975.00
39,2025-12-19,25,19975.00
39,2025-12-20,30,23970.00
39,2025-12-21,28,22372.00
39,2025-12-22,25,19975.00
39,2025-12-23,25,19975.00
39,2025-12-24,25,19975.00
39,2025-12-25,25,19975.00
39,2025-12-26,25,19975.00
39,2025-12-27,30,23970.00
39,2025-12-28,28,22372.00
39,2025-12-29,25,19975.00
39,2025-12-30,25,19975.00
39,2025-12-31,25,19975.00
39,2026-01-01,21,16779.00
39,2026-01-02,21,16779.00
39,2026-01-03,26,20774.00
39,2026-01-04,25,19975.00
39,2026-01-05,21,16779.00
39,2026-01-06,21,16779.00
39,2026-01-07,21,16779.00
39,2026-01-08,21,16779.00
39,2026-01-09,21,16779.00
39,2026-01-10,26,20774.00
39,2026-01-11,25,19975.00
39,2026-01-12,21,16779.00
39,2026-01-13,21,16779.00
39,2026-01-14,21,16779.00
39,2026-01-15,21,16779.00
39,2026-01-16,21,16779.00
39,2026-01-17,26,20774.00
39,2026-01-18,25,19975.00
39,2026-01-19,21,16779.00
39,2026-01-20,21,16779.00
39,2026-01-21,21,16779.00
39,2026-01-22,21,16779.00
39,2026-01-23,21,16779.00
39,2026-01-24,26,20774.00
39,2026-01-25,25,19975.00
39,2026-01-26,21,16779.00
39,2026-01-27,21,16779.00
39,2026-01-28,21,16779.00
39,2026-01-29,21,16779.00
39,2026-01-30,21,16779.00
39,2026-01-31,26,20774.00
39,2026-02-01,25,19975.00
39,2026-02-02,21,16779.00
39,2026-02-03,21,16779.00
39,2026-02-04,21,16779.00
39,2026-02-05,21,16779.00
39,2026-02-06,21,16779.00
39,2026-02-07,26,20774.00
39,2026-02-08,25,19975.00
39,2026-02-09,21,16779.00
39,2026-02-10,21,16779.00
39,2026-02-11,21,16779.00
39,2026-02-12,21,16779.00
39,2026-02-13,21,16779.00
39,2026-02-14,26,20774.00
39,2026-02-15,25,19975.00
39,2026-02-16,21,16779.00
39,2026-02-17,21,16779.00
39,2026-02-18,21,16779.00
39,2026-02-19,21,16779.00
39,2026-02-20,21,16779.00
39,2026-02-21,26,20774.00
39,2026-02-22,25,19975.00
39,2026-02-23,21,16779.00
39,2026-02-24,21,16779.00
39,2026-02-25,21,16779.00
39,2026-02-26,21,16779.00
39,2026-02-27,21,16779.00
39,2026-02-28,26,20774.00
39,2026-03-01,25,19975.00
39,2026-03-02,21,16779.00
39,2026-03-03,21,16779.00
39,2026-03-04,21,16779.00
39,2026-03-05,21,16779.00
39,2026-03-06,21,16779.00
39,2026-03-07,26,20774.00
39,2026-03-08,25,19975.00
39,2026-03-09,21,16779.00
39,2026-03-10,21,16779.00
39,2026-03-11,21,16779.00
39,2026-03-12,21,16779.00
39,2026-03-13,21,16779.00
39,2026-03-14,26,20774.00
39,2026-03-15,25,19975.00
39,2026-03-16,21,16779.00
39,2026-03-17,21,16779.00
39,2026-03-18,21,16779.00
39,2026-03-19,21,16779.00
39,2026-03-20,21,16779.00
39,2026-03-21,26,20774.00
39,2026-03-22,25,19975.00
39,2026-03-23,21,16779.00
39,2026-03-24,21,16779.00
39,2026-03-25,21,16779.00
39,2026-03-26,21,16779.00
39,2026-03-27,21,16779.00
39,2026-03-28,26,20774.00
39,2026-03-29,25,19975.00
39,2026-03-30,21,16779.00
39,2026-03-31,21,16779.00
39,2026-04-01,21,16779.00
39,2026-04-02,21,16779.00
39,2026-04-03,21,16779.00
39,2026-04-04,26,20774.00
39,2026-04-05,25,19975.00
39,2026-04-06,21,16779.00
39,2026-04-07,21,16779.00
39,2026-04-08,21,16779.00
39,2026-04-09,21,16779.00
39,2026-04-10,21,16779.00
39,2026-04-11,26,20774.00
39,2026-04-12,25,19975.00
39,2026-04-13,21,16779.00
39,2026-04-14,21,16779.00
39,2026-04-15,21,16779.00
39,2026-04-16,21,16779.00
39,2026-04-17,21,16779.00
39,2026-04-18,26,20774.00
39,2026-04-19,25,19975.00
39,2026-04-20,21,16779.00
39,2026-04-21,21,16779.00
39,2026-04-22,21,16779.00
39,2026-04-23,21,16779.00
39,2026-04-24,21,16779.00
39,2026-04-25,26,20774.00
39,2026-04-26,25,19975.00
39,2026-04-27,21,16779.00
39,2026-04-28,21,16779.00
39,2026-04-29,21,16779.00
39,2026-04-30,21,16779.00
39,2026-05-01,21,16779.00
39,2026-05-02,26,20774.00
39,2026-05-03,25,19975.00
39,2026-05-04,21,16779.00
39,2026-05-05,21,16779.00
39,2026-05-06,21,16779.00
39,2026-05-07,21,16779.00
39,2026-05-08,21,16779.00
39,2026-05-09,26,20774.00
39,2026-05-10,25,19975.00
39,2026-05-11,21,16779.00
39,2026-05-12,21,16779.00
39,2026-05-13,21,16779.00
39,2026-05-14,21,16779.00
39,2026-05-15,21,16779.00
39,2026-05-16,26,20774.00
39,2026-05-17,25,19975.00
39,2026-05-18,21,16779.00
39,2026-05-19,21,16779.00
39,2026-05-20,21,16779.00
39,2026-05-21,21,16779.00
39,2026-05-22,21,16779.00
39,2026-05-23,26,20774.00
39,2026-05-24,25,19975.00
39,2026-05-25,21,16779.00
39,2026-05-26,21,16779.00
39,2026-05-27,21,16779.00
39,2026-05-28,21,16779.00
39,2026-05-29,21,16779.00
39,2026-05-30,26,20774.00
39,2026-05-31,25,19975.00
39,2026-06-01,25,19975.00
39,2026-06-02,25,19975.00
39,2026-06-03,25,19975.00
39,2026-06-04,25,19975.00
39,2026-06-05,25,19975.00
39,2026-06-06,30,23970.00
39,2026-06-07,28,22372.00
39,2026-06-08,25,19975.00
39,2026-06-09,25,19975.00
39,2026-06-10,25,19975.00
39,2026-06-11,25,19975.00
39,2026-06-12,25,19975.00
39,2026-06-13,30,23970.00
39,2026-06-14,28,22372.00
39,2026-06-15,25,19975.00
39,2026-06-16,25,19975.00
39,2026-06-17,25,19975.00
39,2026-06-18,25,19975.00
39,2026-06-19,25,19975.00
39,2026-06-20,30,23970.00
39,2026-06-21,28,22372.00
39,2026-06-22,25,19975.00
39,2026-06-23,25,19975.00
39,2026-06-24,25,19975.00
39,2026-06-25,25,19975.00
39,2026-06-26,25,19975.00
39,2026-06-27,30,23970.00
39,2026-06-28,28,22372.00
39,2026-06-29,25,19975.00
39,2026-06-30,25,19975.00
39,2026-07-01,25,19975.00
39,2026-07-02,25,19975.00
39,2026-07-03,25,19975.00
39,2026-07-04,30,23970.00
39,2026-07-05,28,22372.00
39,2026-07-06,25,19975.00
39,2026-07-07,25,19975.00
39,2026-07-08,25,19975.00
39,2026-07-09,25,19975.00
39,2026-07-10,25,19975.00
39,2026-07-11,30,23970.00
39,2026-07-12,28,22372.00
39,2026-07-13,25,19975.00
39,2026-07-14,25,19975.00
39,2026-07-15,25,19975.00
39,2026-07-16,25,19975.00
39,2026-07-17,25,19975.00
39,2026-07-18,30,23970.00
39,2026-07-19,28,22372.00
39,2026-07-20,25,19975.00
39,2026-07-21,25,19975.00
39,2026-07-22,25,19975.00
39,2026-07-23,25,19975.00
39,2026-07-24,25,19975.00
39,2026-07-25,30,23970.00
39,2026-07-26,28,22372.00
39,2026-07-27,25,19975.00
39,2026-07-28,25,19975.00
39,2026-07-29,25,19975.00
39,2026-07-30,25,19975.00
39,2026-07-31,25,19975.00
39,2026-08-01,26,20774.00
39,2026-08-02,25,19975.00
39,2026-08-03,21,16779.00
39,2026-08-04,21,16779.00
39,2026-08-05,21,16779.00
39,2026-08-06,21,16779.00
39,2026-08-07,21,16779.00
39,2026-08-08,26,20774.00
39,2026-08-09,25,19975.00
39,2026-08-10,21,16779.00
39,2026-08-11,21,16779.00
39,2026-08-12,21,16779.00
39,2026-08-13,21,16779.00
39,2026-08-14,21,16779.00
39,2026-08-15,26,20774.00
39,2026-08-16,25,19975.00
39,2026-08-17,21,16779.00
39,2026-08-18,21,16779.00
39,2026-08-19,21,16779.00
39,2026-08-20,21,16779.00
39,2026-08-21,21,16779.00
39,2026-08-22,26,20774.00
39,2026-08-23,25,19975.00
39,2026-08-24,21,16779.00
39,2026-08-25,21,16779.00
39,2026-08-26,21,16779.00
39,2026-08-27,21,16779.00
39,2026-08-28,21,16779.00
39,2026-08-29,26,20774.00
39,2026-08-30,25,19975.00
39,2026-08-31,21,16779.00
39,2026-09-01,21,16779.00
39,2026-09-02,21,16779.00
39,2026-09-03,21,16779.00
39,2026-09-04,21,16779.00
39,2026-09-05,26,20774.00
39,2026-09-06,25,19975.00
39,2026-09-07,21,16779.00
39,2026-09-08,21,16779.00
39,2026-09-09,21,16779.00
39,2026-09-10,21,16779.00
39,2026-09-11,21,16779.00
39,2026-09-12,26,20774.00
39,2026-09-13,25,19975.00
39,2026-09-14,21,16779.00
39,2026-09-15,21,16779.00
39,2026-09-16,21,16779.00
39,2026-09-17,21,16779.00
39,2026-09-18,21,16779.00
39,2026-09-19,26,20774.00
39,2026-09-20,25,19975.00
39,2026-09-21,21,16779.00
39,2026-09-22,21,16779.00
39,2026-09-23,21,16779.00
39,2026-09-24,21,16779.00
39,2026-09-25,21,16779.00
39,2026-09-26,26,20774.00
39,2026-09-27,25,19975.00
39,2026-09-28,21,16779.00
39,2026-09-29,21,16779.00
40,2025-09-30,5,11495.00
40,2025-10-01,7,16093.00
40,2025-10-02,7,16093.00
40,2025-10-03,7,16093.00
40,2025-10-04,9,20691.00
40,2025-10-05,9,20691.00
40,2025-10-06,7,16093.00
40,2025-10-07,7,16093.00
40,2025-10-08,7,16093.00
40,2025-10-09,7,16093.00
40,2025-10-10,7,16093.00
40,2025-10-11,9,20691.00
40,2025-10-12,9,20691.00
40,2025-10-13,7,16093.00
40,2025-10-14,7,16093.00
40,2025-10-15,7,16093.00
40,2025-10-16,7,16093.00
40,2025-10-17,7,16093.00
40,2025-10-18,9,20691.00
40,2025-10-19,9,20691.00
40,2025-10-20,7,16093.00
40,2025-10-21,7,16093.00
40,2025-10-22,7,16093.00
40,2025-10-23,7,16093.00
40,2025-10-24,7,16093.00
40,2025-10-25,9,20691.00
40,2025-10-26,9,20691.00
40,2025-10-27,7,16093.00
40,2025-10-28,7,16093.00
40,2025-10-29,7,16093.00
40,2025-10-30,7,16093.00
40,2025-10-31,7,16093.00
40,2025-11-01,9,20691.00
40,2025-11-02,9,20691.00
40,2025-11-03,7,16093.00
40,2025-11-04,7,16093.00
40,2025-11-05,7,16093.00
40,2025-11-06,7,16093.00
40,2025-11-07,7,16093.00
40,2025-11-08,9,20691.00
40,2025-11-09,9,20691.00
40,2025-11-10,7,16093.00
40,2025-11-11,7,16093.00
40,2025-11-12,7,16093.00
40,2025-11-13,7,16093.00
40,2025-11-14,7,16093.00
40,2025-11-15,9,20691.00
40,2025-11-16,9,20691.00
40,2025-11-17,7,16093.00
40,2025-11-18,7,16093.00
40,2025-11-19,7,16093.00
40,2025-11-20,7,16093.00
40,2025-11-21,7,16093.00
40,2025-11-22,9,20691.00
40,2025-11-23,9,20691.00
40,2025-11-24,7,16093.00
40,2025-11-25,7,16093.00
40,2025-11-26,7,16093.00
40,2025-11-27,7,16093.00
40,2025-11-28,7,16093.00
40,2025-11-29,9,20691.00
40,2025-11-30,9,20691.00
40,2025-12-01,6,13794.00
40,2025-12-02,6,13794.00
40,2025-12-03,6,13794.00
40,2025-12-04,6,13794.00
40,2025-12-05,6,13794.00
40,2025-12-06,7,16093.00
40,2025-12-07,7,16093.00
40,2025-12-08,6,13794.00
40,2025-12-09,6,13794.00
40,2025-12-10,6,13794.00
40,2025-12-11,6,13794.00
40,2025-12-12,6,13794.00
40,2025-12-13,7,16093.00
40,2025-12-14,7,16093.00
40,2025-12-15,6,13794.00
40,2025-12-16,6,13794.00
40,2025-12-17,6,13794.00
40,2025-12-18,6,13794.00
40,2025-12-19,6,13794.00
40,2025-12-20,7,16093.00
40,2025-12-21,7,16093.00
40,2025-12-22,6,13794.00
40,2025-12-23,6,13794.00
40,2025-12-24,6,13794.00
40,2025-12-25,6,13794.00
40,2025-12-26,6,13794.00
40,2025-12-27,7,16093.00
40,2025-12-28,7,16093.00
40,2025-12-29,6,13794.00
40,2025-12-30,6,13794.00
40,2025-12-31,6,13794.00
40,2026-01-01,5,11495.00
40,2026-01-02,5,11495.00
40,2026-01-03,6,13794.00
40,2026-01-04,6,13794.00
40,2026-01-05,5,11495.00
40,2026-01-06,5,11495.00
40,2026-01-07,5,11495.00
40,2026-01-08,5,11495.00
40,2026-01-09,5,11495.00
40,2026-01-10,6,13794.00
40,2026-01-11,6,13794.00
40,2026-01-12,5,11495.00
40,2026-01-13,5,11495.00
40,2026-01-14,5,11495.00
40,2026-01-15,5,11495.00
40,2026-01-16,5,11495.00
40,2026-01-17,6,13794.00
40,2026-01-18,6,13794.00
40,2026-01-19,5,11495.00
40,2026-01-20,5,11495.00
40,2026-01-21,5,11495.00
40,2026-01-22,5,11495.00
40,2026-01-23,5,11495.00
40,2026-01-24,6,13794.00
40,2026-01-25,6,13794.00
40,2026-01-26,5,11495.00
40,2026-01-27,5,11495.00
40,2026-01-28,5,11495.00
40,2026-01-29,5,11495.00
40,2026-01-30,5,11495.00
40,2026-01-31,6,13794.00
40,2026-02-01,6,13794.00
40,2026-02-02,5,11495.00
40,2026-02-03,5,11495.00
40,2026-02-04,5,11495.00
40,2026-02-05,5,11495.00
40,2026-02-06,5,11495.00
40,2026-02-07,6,13794.00
40,2026-02-08,6,13794.00
40,2026-02-09,5,11495.00
40,2026-02-10,5,11495.00
40,2026-02-11,5,11495.00
40,2026-02-12,5,11495.00
40,2026-02-13,5,11495.00
40,2026-02-14,6,13794.00
40,2026-02-15,6,13794.00
40,2026-02-16,5,11495.00
40,2026-02-17,5,11495.00
40,2026-02-18,5,11495.00
40,2026-02-19,5,11495.00
40,2026-02-20,5,11495.00
40,2026-02-21,6,13794.00
40,2026-02-22,6,13794.00
40,2026-02-23,5,11495.00
40,2026-02-24,5,11495.00
40,2026-02-25,5,11495.00
40,2026-02-26,5,11495.00
40,2026-02-27,5,11495.00
40,2026-02-28,6,13794.00
40,2026-03-01,6,13794.00
40,2026-03-02,5,11495.00
40,2026-03-03,5,11495.00
40,2026-03-04,5,11495.00
40,2026-03-05,5,11495.00
40,2026-03-06,5,11495.00
40,2026-03-07,6,13794.00
40,2026-03-08,6,13794.00
40,2026-03-09,5,11495.00
40,2026-03-10,5,11495.00
40,2026-03-11,5,11495.00
40,2026-03-12,5,11495.00
40,2026-03-13,5,11495.00
40,2026-03-14,6,13794.00
40,2026-03-15,6,13794.00
40,2026-03-16,5,11495.00
40,2026-03-17,5,11495.00
40,2026-03-18,5,11495.00
40,2026-03-19,5,11495.00
40,2026-03-20,5,11495.00
40,2026-03-21,6,13794.00
40,2026-03-22,6,13794.00
40,2026-03-23,5,11495.00
40,2026-03-24,5,11495.00
40,2026-03-25,5,11495.00
40,2026-03-26,5,11495.00
40,2026-03-27,5,11495.00
40,2026-03-28,6,13794.00
40,2026-03-29,6,13794.00
40,2026-03-30,5,11495.00
40,2026-03-31,5,11495.00
40,2026-04-01,5,11495.00
40,2026-04-02,5,11495.00
40,2026-04-03,5,11495.00
40,2026-04-04,6,13794.00
40,2026-04-05,6,13794.00
40,2026-04-06,5,11495.00
40,2026-04-07,5,11495.00
40,2026-04-08,5,11495.00
40,2026-04-09,5,11495.00
40,2026-04-10,5,11495.00
40,2026-04-11,6,13794.00
40,2026-04-12,6,13794.00
40,2026-04-13,5,11495.00
40,2026-04-14,5,11495.00
40,2026-04-15,5,11495.00
40,2026-04-16,5,11495.00
40,2026-04-17,5,11495.00
40,2026-04-18,6,13794.00
40,2026-04-19,6,13794.00
40,2026-04-20,5,11495.00
40,2026-04-21,5,11495.00
40,2026-04-22,5,11495.00
40,2026-04-23,5,11495.00
40,2026-04-24,5,11495.00
40,2026-04-25,6,13794.00
40,2026-04-26,6,13794.00
40,2026-04-27,5,11495.00
40,2026-04-28,5,11495.00
40,2026-04-29,5,11495.00
40,2026-04-30,5,11495.00
40,2026-05-01,5,11495.00
40,2026-05-02,6,13794.00
40,2026-05-03,6,13794.00
40,2026-05-04,5,11495.00
40,2026-05-05,5,11495.00
40,2026-05-06,5,11495.00
40,2026-05-07,5,11495.00
40,2026-05-08,5,11495.00
40,2026-05-09,6,13794.00
40,2026-05-10,6,13794.00
40,2026-05-11,5,11495.00
40,2026-05-12,5,11495.00
40,2026-05-13,5,11495.00
40,2026-05-14,5,11495.00
40,2026-05-15,5,11495.00
40,2026-05-16,6,13794.00
40,2026-05-17,6,13794.00
40,2026-05-18,5,11495.00
40,2026-05-19,5,11495.00
40,2026-05-20,5,11495.00
40,2026-05-21,5,11495.00
40,2026-05-22,5,11495.00
40,2026-05-23,6,13794.00
40,2026-05-24,6,13794.00
40,2026-05-25,5,11495.00
40,2026-05-26,5,11495.00
40,2026-05-27,5,11495.00
40,2026-05-28,5,11495.00
40,2026-05-29,5,11495.00
40,2026-05-30,6,13794.00
40,2026-05-31,6,13794.00
40,2026-06-01,5,11495.00
40,2026-06-02,5,11495.00
40,2026-06-03,5,11495.00
40,2026-06-04,5,11495.00
40,2026-06-05,5,11495.00
40,2026-06-06,6,13794.00
40,2026-06-07,6,13794.00
40,2026-06-08,5,11495.00
40,2026-06-09,5,11495.00
40,2026-06-10,5,11495.00
40,2026-06-11,5,11495.00
40,2026-06-12,5,11495.00
40,2026-06-13,6,13794.00
40,2026-06-14,6,13794.00
40,2026-06-15,5,11495.00
40,2026-06-16,5,11495.00
40,2026-06-17,5,11495.00
40,2026-06-18,5,11495.00
40,2026-06-19,5,11495.00
40,2026-06-20,6,13794.00
40,2026-06-21,6,13794.00
40,2026-06-22,5,11495.00
40,2026-06-23,5,11495.00
40,2026-06-24,5,11495.00
40,2026-06-25,5,11495.00
40,2026-06-26,5,11495.00
40,2026-06-27,6,13794.00
40,2026-06-28,6,13794.00
40,2026-06-29,5,11495.00
40,2026-06-30,5,11495.00
40,2026-07-01,5,11495.00
40,2026-07-02,5,11495.00
40,2026-07-03,5,11495.00
40,2026-07-04,6,13794.00
40,2026-07-05,6,13794.00
40,2026-07-06,5,11495.00
40,2026-07-07,5,11495.00
40,2026-07-08,5,11495.00
40,2026-07-09,5,11495.00
40,2026-07-10,5,11495.00
40,2026-07-11,6,13794.00
40,2026-07-12,6,13794.00
40,2026-07-13,5,11495.00
40,2026-07-14,5,11495.00
40,2026-07-15,5,11495.00
40,2026-07-16,5,11495.00
40,2026-07-17,5,11495.00
40,2026-07-18,6,13794.00
40,2026-07-19,6,13794.00
40,2026-07-20,5,11495.00
40,2026-07-21,5,11495.00
40,2026-07-22,5,11495.00
40,2026-07-23,5,11495.00
40,2026-07-24,5,11495.00
40,2026-07-25,6,13794.00
40,2026-07-26,6,13794.00
40,2026-07-27,5,11495.00
40,2026-07-28,5,11495.00
40,2026-07-29,5,11495.00
40,2026-07-30,5,11495.00
40,2026-07-31,5,11495.00
40,2026-08-01,6,13794.00
40,2026-08-02,6,13794.00
40,2026-08-03,5,11495.00
40,2026-08-04,5,11495.00
40,2026-08-05,5,11495.00
40,2026-08-06,5,11495.00
40,2026-08-07,5,11495.00
40,2026-08-08,6,13794.00
40,2026-08-09,6,13794.00
40,2026-08-10,5,11495.00
40,2026-08-11,5,11495.00
40,2026-08-12,5,11495.00
40,2026-08-13,5,11495.00
40,2026-08-14,5,11495.00
40,2026-08-15,6,13794.00
40,2026-08-16,6,13794.00
40,2026-08-17,5,11495.00
40,2026-08-18,5,11495.00
40,2026-08-19,5,11495.00
40,2026-08-20,5,11495.00
40,2026-08-21,5,11495.00
40,2026-08-22,6,13794.00
40,2026-08-23,6,13794.00
40,2026-08-24,5,11495.00
40,2026-08-25,5,11495.00
40,2026-08-26,5,11495.00
40,2026-08-27,5,11495.00
40,2026-08-28,5,11495.00
40,2026-08-29,6,13794.00
40,2026-08-30,6,13794.00
40,2026-08-31,5,11495.00
40,2026-09-01,5,11495.00
40,2026-09-02,5,11495.00
40,2026-09-03,5,11495.00
40,2026-09-04,5,11495.00
40,2026-09-05,6,13794.00
40,2026-09-06,6,13794.00
40,2026-09-07,5,11495.00
40,2026-09-08,5,11495.00
40,2026-09-09,5,11495.00
40,2026-09-10,5,11495.00
40,2026-09-11,5,11495.00
40,2026-09-12,6,13794.00
40,2026-09-13,6,13794.00
40,2026-09-14,5,11495.00
40,2026-09-15,5,11495.00
40,2026-09-16,5,11495.00
40,2026-09-17,5,11495.00
40,2026-09-18,5,11495.00
40,2026-09-19,6,13794.00
40,2026-09-20,6,13794.00
40,2026-09-21,5,11495.00
40,2026-09-22,5,11495.00
40,2026-09-23,5,11495.00
40,2026-09-24,5,11495.00
40,2026-09-25,5,11495.00
40,2026-09-26,6,13794.00
40,2026-09-27,6,13794.00
40,2026-09-28,5,11495.00
40,2026-09-29,5,11495.00
41,2025-09-30,9,53991.00
41,2025-10-01,12,71988.00
41,2025-10-02,12,71988.00
41,2025-10-03,12,71988.00
41,2025-10-04,15,89985.00
41,2025-10-05,14,83986.00
41,2025-10-06,12,71988.00
41,2025-10-07,12,71988.00
41,2025-10-08,12,71988.00
41,2025-10-09,12,71988.00
41,2025-10-10,12,71988.00
41,2025-10-11,15,89985.00
41,2025-10-12,14,83986.00
41,2025-10-13,12,71988.00
41,2025-10-14,12,71988.00
41,2025-10-15,12,71988.00
41,2025-10-16,12,71988.00
41,2025-10-17,12,71988.00
41,2025-10-18,15,89985.00
41,2025-10-19,14,83986.00
41,2025-10-20,12,71988.00
41,2025-10-21,12,71988.00
41,2025-10-22,12,71988.00
41,2025-10-23,12,71988.00
41,2025-10-24,12,71988.00
41,2025-10-25,15,89985.00
41,2025-10-26,14,83986.00
41,2025-10-27,12,71988.00
41,2025-10-28,12,71988.00
41,2025-10-29,12,71988.00
41,2025-10-30,12,71988.00
41,2025-10-31,12,71988.00
41,2025-11-01,15,89985.00
41,2025-11-02,14,83986.00
41,2025-11-03,12,71988.00
41,2025-11-04,12,71988.00
41,2025-11-05,12,71988.00
41,2025-11-06,12,71988.00
41,2025-11-07,12,71988.00
41,2025-11-08,15,89985.00
41,2025-11-09,14,83986.00
41,2025-11-10,12,71988.00
41,2025-11-11,12,71988.00
41,2025-11-12,12,71988.00
41,2025-11-13,12,71988.00
41,2025-11-14,12,71988.00
41,2025-11-15,15,89985.00
41,2025-11-16,14,83986.00
41,2025-11-17,12,71988.00
41,2025-11-18,12,71988.00
41,2025-11-19,12,71988.00
41,2025-11-20,12,71988.00
41,2025-11-21,12,71988.00
41,2025-11-22,15,89985.00
41,2025-11-23,14,83986.00
41,2025-11-24,12,71988.00
41,2025-11-25,12,71988.00
41,2025-11-26,12,71988.00
41,2025-11-27,12,71988.00
41,2025-11-28,12,71988.00
41,2025-11-29,15,89985.00
41,2025-11-30,14,83986.00
41,2025-12-01,10,59990.00
41,2025-12-02,10,59990.00
41,2025-12-03,10,59990.00
41,2025-12-04,10,59990.00
41,2025-12-05,10,59990.00
41,2025-12-06,12,71988.00
41,2025-12-07,11,65989.00
41,2025-12-08,10,59990.00
41,2025-12-09,10,59990.00
41,2025-12-10,10,59990.00
41,2025-12-11,10,59990.00
41,2025-12-12,10,59990.00
41,2025-12-13,12,71988.00
41,2025-12-14,11,65989.00
41,2025-12-15,10,59990.00
41,2025-12-16,10,59990.00
41,2025-12-17,10,59990.00
41,2025-12-18,10,59990.00
41,2025-12-19,10,59990.00
41,2025-12-20,12,71988.00
41,2025-12-21,11,65989.00
41,2025-12-22,10,59990.00
41,2025-12-23,10,59990.00
41,2025-12-24,10,59990.00
41,2025-12-25,10,59990.00
41,2025-12-26,10,59990.00
41,2025-12-27,12,71988.00
41,2025-12-28,11,65989.00
41,2025-12-29,10,59990.00
41,2025-12-30,10,59990.00
41,2025-12-31,10,59990.00
41,2026-01-01,9,53991.00
41,2026-01-02,9,53991.00
41,2026-01-03,10,59990.00
41,2026-01-04,10,59990.00
41,2026-01-05,9,53991.00
41,2026-01-06,9,53991.00
41,2026-01-07,9,53991.00
41,2026-01-08,9,53991.00
41,2026-01-09,9,53991.00
41,2026-01-10,10,59990.00
41,2026-01-11,10,59990.00
41,2026-01-12,9,53991.00
41,2026-01-13,9,53991.00
41,2026-01-14,9,53991.00
41,2026-01-15,9,53991.00
41,2026-01-16,9,53991.00
41,2026-01-17,10,59990.00
41,2026-01-18,10,59990.00
41,2026-01-19,9,53991.00
41,2026-01-20,9,53991.00
41,2026-01-21,9,53991.00
41,2026-01-22,9,53991.00
41,2026-01-23,9,53991.00
41,2026-01-24,10,59990.00
41,2026-01-25,10,59990.00
41,2026-01-26,9,53991.00
41,2026-01-27,9,53991.00
41,2026-01-28,9,53991.00
41,2026-01-29,9,53991.00
41,2026-01-30,9,53991.00
41,2026-01-31,10,59990.00
41,2026-02-01,10,59990.00
41,2026-02-02,9,53991.00
41,2026-02-03,9,53991.00
41,2026-02-04,9,53991.00
41,2026-02-05,9,53991.00
41,2026-02-06,9,53991.00
41,2026-02-07,10,59990.00
41,2026-02-08,10,59990.00
41,2026-02-09,9,53991.00
41,2026-02-10,9,53991.00
41,2026-02-11,9,53991.00
41,2026-02-12,9,53991.00
41,2026-02-13,9,53991.00
41,2026-02-14,10,59990.00
41,2026-02-15,10,59990.00
41,2026-02-16,9,53991.00
41,2026-02-17,9,53991.00
41,2026-02-18,9,53991.00
41,2026-02-19,9,53991.00
41,2026-02-20,9,53991.00
41,2026-02-21,10,59990.00
41,2026-02-22,10,59990.00
41,2026-02-23,9,53991.00
41,2026-02-24,9,53991.00
41,2026-02-25,9,53991.00
41,2026-02-26,9,53991.00
41,2026-02-27,9,53991.00
41,2026-02-28,10,59990.00
41,2026-03-01,10,59990.00
41,2026-03-02,9,53991.00
41,2026-03-03,9,53991.00
41,2026-03-04,9,53991.00
41,2026-03-05,9,53991.00
41,2026-03-06,9,53991.00
41,2026-03-07,10,59990.00
41,2026-03-08,10,59990.00
41,2026-03-09,9,53991.00
41,2026-03-10,9,53991.00
41,2026-03-11,9,53991.00
41,2026-03-12,9,53991.00
41,2026-03-13,9,53991.00
41,2026-03-14,10,59990.00
41,2026-03-15,10,59990.00
41,2026-03-16,9,53991.00
41,2026-03-17,9,53991.00
41,2026-03-18,9,53991.00
41,2026-03-19,9,53991.00
41,2026-03-20,9,53991.00
41,2026-03-21,10,59990.00
41,2026-03-22,10,59990.00
41,2026-03-23,9,53991.00
41,2026-03-24,9,53991.00
41,2026-03-25,9,53991.00
41,2026-03-26,9,53991.00
41,2026-03-27,9,53991.00
41,2026-03-28,10,59990.00
41,2026-03-29,10,59990.00
41,2026-03-30,9,53991.00
41,2026-03-31,9,53991.00
41,2026-04-01,9,53991.00
41,2026-04-02,9,53991.00
41,2026-04-03,9,53991.00
41,2026-04-04,10,59990.00
41,2026-04-05,10,59990.00
41,2026-04-06,9,53991.00
41,2026-04-07,9,53991.00
41,2026-04-08,9,53991.00
41,2026-04-09,9,53991.00
41,2026-04-10,9,53991.00
41,2026-04-11,10,59990.00
41,2026-04-12,10,59990.00
41,2026-04-13,9,53991.00
41,2026-04-14,9,53991.00
41,2026-04-15,9,53991.00
41,2026-04-16,9,53991.00
41,2026-04-17,9,53991.00
41,2026-04-18,10,59990.00
41,2026-04-19,10,59990.00
41,2026-04-20,9,53991.00
41,2026-04-21,9,53991.00
41,2026-04-22,9,53991.00
41,2026-04-23,9,53991.00
41,2026-04-24,9,53991.00
41,2026-04-25,10,59990.00
41,2026-04-26,10,59990.00
41,2026-04-27,9,53991.00
41,2026-04-28,9,53991.00
41,2026-04-29,9,53991.00
41,2026-04-30,9,53991.00
41,2026-05-01,9,53991.00
41,2026-05-02,10,59990.00
41,2026-05-03,10,59990.00
41,2026-05-04,9,53991.00
41,2026-05-05,9,53991.00
41,2026-05-06,9,53991.00
41,2026-05-07,9,53991.00
41,2026-05-08,9,53991.00
41,2026-05-09,10,59990.00
41,2026-05-10,10,59990.00
41,2026-05-11,9,53991.00
41,2026-05-12,9,53991.00
41,2026-05-13,9,53991.00
41,2026-05-14,9,53991.00
41,2026-05-15,9,53991.00
41,2026-05-16,10,59990.00
41,2026-05-17,10,59990.00
41,2026-05-18,9,53991.00
41,2026-05-19,9,53991.00
41,2026-05-20,9,53991.00
41,2026-05-21,9,53991.00
41,2026-05-22,9,53991.00
41,2026-05-23,10,59990.00
41,2026-05-24,10,59990.00
41,2026-05-25,9,53991.00
41,2026-05-26,9,53991.00
41,2026-05-27,9,53991.00
41,2026-05-28,9,53991.00
41,2026-05-29,9,53991.00
41,2026-05-30,10,59990.00
41,2026-05-31,10,59990.00
41,2026-06-01,9,53991.00
41,2026-06-02,9,53991.00
41,2026-06-03,9,53991.00
41,2026-06-04,9,53991.00
41,2026-06-05,9,53991.00
41,2026-06-06,10,59990.00
41,2026-06-07,10,59990.00
41,2026-06-08,9,53991.00
41,2026-06-09,9,53991.00
41,2026-06-10,9,53991.00
41,2026-06-11,9,53991.00
41,2026-06-12,9,53991.00
41,2026-06-13,10,59990.00
41,2026-06-14,10,59990.00
41,2026-06-15,9,53991.00
41,2026-06-16,9,53991.00
41,2026-06-17,9,53991.00
41,2026-06-18,9,53991.00
41,2026-06-19,9,53991.00
41,2026-06-20,10,59990.00
41,2026-06-21,10,59990.00
41,2026-06-22,9,53991.00
41,2026-06-23,9,53991.00
41,2026-06-24,9,53991.00
41,2026-06-25,9,53991.00
41,2026-06-26,9,53991.00
41,2026-06-27,10,59990.00
41,2026-06-28,10,59990.00
41,2026-06-29,9,53991.00
41,2026-06-30,9,53991.00
41,2026-07-01,9,53991.00
41,2026-07-02,9,53991.00
41,2026-07-03,9,53991.00
41,2026-07-04,10,59990.00
41,2026-07-05,10,59990.00
41,2026-07-06,9,53991.00
41,2026-07-07,9,53991.00
41,2026-07-08,9,53991.00
41,2026-07-09,9,53991.00
41,2026-07-10,9,53991.00
41,2026-07-11,10,59990.00
41,2026-07-12,10,59990.00
41,2026-07-13,9,53991.00
41,2026-07-14,9,53991.00
41,2026-07-15,9,53991.00
41,2026-07-16,9,53991.00
41,2026-07-17,9,53991.00
41,2026-07-18,10,59990.00
41,2026-07-19,10,59990.00
41,2026-07-20,9,53991.00
41,2026-07-21,9,53991.00
41,2026-07-22,9,53991.00
41,2026-07-23,9,53991.00
41,2026-07-24,9,53991.00
41,2026-07-25,10,59990.00
41,2026-07-26,10,59990.00
41,2026-07-27,9,53991.00
41,2026-07-28,9,53991.00
41,2026-07-29,9,53991.00
41,2026-07-30,9,53991.00
41,2026-07-31,9,53991.00
41,2026-08-01,10,59990.00
41,2026-08-02,10,59990.00
41,2026-08-03,9,53991.00
41,2026-08-04,9,53991.00
41,2026-08-05,9,53991.00
41,2026-08-06,9,53991.00
41,2026-08-07,9,53991.00
41,2026-08-08,10,59990.00
41,2026-08-09,10,59990.00
41,2026-08-10,9,53991.00
41,2026-08-11,9,53991.00
41,2026-08-12,9,53991.00
41,2026-08-13,9,53991.00
41,2026-08-14,9,53991.00
41,2026-08-15,10,59990.00
41,2026-08-16,10,59990.00
41,2026-08-17,9,53991.00
41,2026-08-18,9,53991.00
41,2026-08-19,9,53991.00
41,2026-08-20,9,53991.00
41,2026-08-21,9,53991.00
41,2026-08-22,10,59990.00
41,2026-08-23,10,59990.00
41,2026-08-24,9,53991.00
41,2026-08-25,9,53991.00
41,2026-08-26,9,53991.00
41,2026-08-27,9,53991.00
41,2026-08-28,9,53991.00
41,2026-08-29,10,59990.00
41,2026-08-30,10,59990.00
41,2026-08-31,9,53991.00
41,2026-09-01,9,53991.00
41,2026-09-02,9,53991.00
41,2026-09-03,9,53991.00
41,2026-09-04,9,53991.00
41,2026-09-05,10,59990.00
41,2026-09-06,10,59990.00
41,2026-09-07,9,53991.00
41,2026-09-08,9,53991.00
41,2026-09-09,9,53991.00
41,2026-09-10,9,53991.00
41,2026-09-11,9,53991.00
41,2026-09-12,10,59990.00
41,2026-09-13,10,59990.00
41,2026-09-14,9,53991.00
41,2026-09-15,9,53991.00
41,2026-09-16,9,53991.00
41,2026-09-17,9,53991.00
41,2026-09-18,9,53991.00
41,2026-09-19,10,59990.00
41,2026-09-20,10,59990.00
41,2026-09-21,9,53991.00
41,2026-09-22,9,53991.00
41,2026-09-23,9,53991.00
41,2026-09-24,9,53991.00
41,2026-09-25,9,53991.00
41,2026-09-26,10,59990.00
41,2026-09-27,10,59990.00
41,2026-09-28,9,53991.00
41,2026-09-29,9,53991.00
42,2025-09-30,22,35178.00
42,2025-10-01,31,49569.00
42,2025-10-02,31,49569.00
42,2025-10-03,31,49569.00
42,2025-10-04,37,59163.00
42,2025-10-05,36,57564.00
42,2025-10-06,31,49569.00
42,2025-10-07,31,49569.00
42,2025-10-08,31,49569.00
42,2025-10-09,31,49569.00
42,2025-10-10,31,49569.00
42,2025-10-11,37,59163.00
42,2025-10-12,36,57564.00
42,2025-10-13,31,49569.00
42,2025-10-14,31,49569.00
42,2025-10-15,31,49569.00
42,2025-10-16,31,49569.00
42,2025-10-17,31,49569.00
42,2025-10-18,37,59163.00
42,2025-10-19,36,57564.00
42,2025-10-20,31,49569.00
42,2025-10-21,31,49569.00
42,2025-10-22,31,49569.00
42,2025-10-23,31,49569.00
42,2025-10-24,31,49569.00
42,2025-10-25,37,59163.00
42,2025-10-26,36,57564.00
42,2025-10-27,31,49569.00
42,2025-10-28,31,49569.00
42,2025-10-29,31,49569.00
42,2025-10-30,31,49569.00
42,2025-10-31,31,49569.00
42,2025-11-01,37,59163.00
42,2025-11-02,36,57564.00
42,2025-11-03,31,49569.00
42,2025-11-04,31,49569.00
42,2025-11-05,31,49569.00
42,2025-11-06,31,49569.00
42,2025-11-07,31,49569.00
42,2025-11-08,37,59163.00
42,2025-11-09,36,57564.00
42,2025-11-10,31,49569.00
42,2025-11-11,31,49569.00
42,2025-11-12,31,49569.00
42,2025-11-13,31,49569.00
42,2025-11-14,31,49569.00
42,2025-11-15,37,59163.00
42,2025-11-16,36,57564.00
42,2025-11-17,31,49569.00
42,2025-11-18,31,49569.00
42,2025-11-19,31,49569.00
42,2025-11-20,31,49569.00
42,2025-11-21,31,49569.00
42,2025-11-22,37,59163.00
42,2025-11-23,36,57564.00
42,2025-11-24,31,49569.00
42,2025-11-25,31,49569.00
42,2025-11-26,31,49569.00
42,2025-11-27,31,49569.00
42,2025-11-28,31,49569.00
42,2025-11-29,37,59163.00
42,2025-11-30,36,57564.00
42,2025-12-01,25,39975.00
42,2025-12-02,25,39975.00
42,2025-12-03,25,39975.00
42,2025-12-04,25,39975.00
42,2025-12-05,25,39975.00
42,2025-12-06,30,47970.00
42,2025-12-07,29,46371.00
42,2025-12-08,25,39975.00
42,2025-12-09,25,39975.00
42,2025-12-10,25,39975.00
42,2025-12-11,25,39975.00
42,2025-12-12,25,39975.00
42,2025-12-13,30,47970.00
42,2025-12-14,29,46371.00
42,2025-12-15,25,39975.00
42,2025-12-16,25,39975.00
42,2025-12-17,25,39975.00
42,2025-12-18,25,39975.00
42,2025-12-19,25,39975.00
42,2025-12-20,30,47970.00
42,2025-12-21,29,46371.00
42,2025-12-22,25,39975.00
42,2025-12-23,25,39975.00
42,2025-12-24,25,39975.00
42,2025-12-25,25,39975.00
42,2025-12-26,25,39975.00
42,2025-12-27,30,47970.00
42,2025-12-28,29,46371.00
42,2025-12-29,25,39975.00
42,2025-12-30,25,39975.00
42,2025-12-31,25,39975.00
42,2026-01-01,22,35178.00
42,2026-01-02,22,35178.00
42,2026-01-03,26,41574.00
42,2026-01-04,25,39975.00
42,2026-01-05,22,35178.00
42,2026-01-06,22,35178.00
42,2026-01-07,22,35178.00
42,2026-01-08,22,35178.00
42,2026-01-09,22,35178.00
42,2026-01-10,26,41574.00
42,2026-01-11,25,39975.00
42,2026-01-12,22,35178.00
42,2026-01-13,22,35178.00
42,2026-01-14,22,35178.00
42,2026-01-15,22,35178.00
42,2026-01-16,22,35178.00
42,2026-01-17,26,41574.00
42,2026-01-18,25,39975.00
42,2026-01-19,22,35178.00
42,2026-01-20,22,35178.00
42,2026-01-21,22,35178.00
42,2026-01-22,22,35178.00
42,2026-01-23,22,35178.00
42,2026-01-24,26,41574.00
42,2026-01-25,25,39975.00
42,2026-01-26,22,35178.00
42,2026-01-27,22,35178.00
42,2026-01-28,22,35178.00
42,2026-01-29,22,35178.00
42,2026-01-30,22,35178.00
42,2026-01-31,26,41574.00
42,2026-02-01,25,39975.00
42,2026-02-02,22,35178.00
42,2026-02-03,22,35178.00
42,2026-02-04,22,35178.00
42,2026-02-05,22,35178.00
42,2026-02-06,22,35178.00
42,2026-02-07,26,41574.00
42,2026-02-08,25,39975.00
42,2026-02-09,22,35178.00
42,2026-02-10,22,35178.00
42,2026-02-11,22,35178.00
42,2026-02-12,22,35178.00
42,2026-02-13,22,35178.00
42,2026-02-14,26,41574.00
42,2026-02-15,25,39975.00
42,2026-02-16,22,35178.00
42,2026-02-17,22,35178.00
42,2026-02-18,22,35178.00
42,2026-02-19,22,35178.00
42,2026-02-20,22,35178.00
42,2026-02-21,26,41574.00
42,2026-02-22,25,39975.00
42,2026-02-23,22,35178.00
42,2026-02-24,22,35178.00
42,2026-02-25,22,35178.00
42,2026-02-26,22,35178.00
42,2026-02-27,22,35178.00
42,2026-02-28,26,41574.00
42,2026-03-01,25,39975.00
42,2026-03-02,22,35178.00
42,2026-03-03,22,35178.00
42,2026-03-04,22,35178.00
42,2026-03-05,22,35178.00
42,2026-03-06,22,35178.00
42,2026-03-07,26,41574.00
42,2026-03-08,25,39975.00
42,2026-03-09,22,35178.00
42,2026-03-10,22,35178.00
42,2026-03-11,22,35178.00
42,2026-03-12,22,35178.00
42,2026-03-13,22,35178.00
42,2026-03-14,26,41574.00
42,2026-03-15,25,39975.00
42,2026-03-16,22,35178.00
42,2026-03-17,22,35178.00
42,2026-03-18,22,35178.00
42,2026-03-19,22,35178.00
42,2026-03-20,22,35178.00
42,2026-03-21,26,41574.00
42,2026-03-22,25,39975.00
42,2026-03-23,22,35178.00
42,2026-03-24,22,35178.00
42,2026-03-25,22,35178.00
42,2026-03-26,22,35178.00
42,2026-03-27,22,35178.00
42,2026-03-28,26,41574.00
42,2026-03-29,25,39975.00
42,2026-03-30,22,35178.00
42,2026-03-31,22,35178.00
42,2026-04-01,22,35178.00
42,2026-04-02,22,35178.00
42,2026-04-03,22,35178.00
42,2026-04-04,26,41574.00
42,2026-04-05,25,39975.00
42,2026-04-06,22,35178.00
42,2026-04-07,22,35178.00
42,2026-04-08,22,35178.00
42,2026-04-09,22,35178.00
42,2026-04-10,22,35178.00
42,2026-04-11,26,41574.00
42,2026-04-12,25,39975.00
42,2026-04-13,22,35178.00
42,2026-04-14,22,35178.00
42,2026-04-15,22,35178.00
42,2026-04-16,22,35178.00
42,2026-04-17,22,35178.00
42,2026-04-18,26,41574.00
42,2026-04-19,25,39975.00
42,2026-04-20,22,35178.00
42,2026-04-21,22,35178.00
42,2026-04-22,22,35178.00
42,2026-04-23,22,35178.00
42,2026-04-24,22,35178.00
42,2026-04-25,26,41574.00
42,2026-04-26,25,39975.00
42,2026-04-27,22,35178.00
42,2026-04-28,22,35178.00
42,2026-04-29,22,35178.00
42,2026-04-30,22,35178.00
42,2026-05-01,22,35178.00
42,2026-05-02,26,41574.00
42,2026-05-03,25,39975.00
42,2026-05-04,22,35178.00
42,2026-05-05,22,35178.00
42,2026-05-06,22,35178.00
42,2026-05-07,22,35178.00
42,2026-05-08,22,35178.00
42,2026-05-09,26,41574.00
42,2026-05-10,25,39975.00
42,2026-05-11,22,35178.00
42,2026-05-12,22,35178.00
42,2026-05-13,22,35178.00
42,2026-05-14,22,35178.00
42,2026-05-15,22,35178.00
42,2026-05-16,26,41574.00
42,2026-05-17,25,39975.00
42,2026-05-18,22,35178.00
42,2026-05-19,22,35178.00
42,2026-05-20,22,35178.00
42,2026-05-21,22,35178.00
42,2026-05-22,22,35178.00
42,2026-05-23,26,41574.00
42,2026-05-24,25,39975.00
42,2026-05-25,22,35178.00
42,2026-05-26,22,35178.00
42,2026-05-27,22,35178.00
42,2026-05-28,22,35178.00
42,2026-05-29,22,35178.00
42,2026-05-30,26,41574.00
42,2026-05-31,25,39975.00
42,2026-06-01,22,35178.00
42,2026-06-02,22,35178.00
42,2026-06-03,22,35178.00
42,2026-06-04,22,35178.00
42,2026-06-05,22,35178.00
42,2026-06-06,26,41574.00
42,2026-06-07,25,39975.00
42,2026-06-08,22,35178.00
42,2026-06-09,22,35178.00
42,2026-06-10,22,35178.00
42,2026-06-11,22,35178.00
42,2026-06-12,22,35178.00
42,2026-06-13,26,41574.00
42,2026-06-14,25,39975.00
42,2026-06-15,22,35178.00
42,2026-06-16,22,35178.00
42,2026-06-17,22,35178.00
42,2026-06-18,22,35178.00
42,2026-06-19,22,35178.00
42,2026-06-20,26,41574.00
42,2026-06-21,25,39975.00
42,2026-06-22,22,35178.00
42,2026-06-23,22,35178.00
42,2026-06-24,22,35178.00
42,2026-06-25,22,35178.00
42,2026-06-26,22,35178.00
42,2026-06-27,26,41574.00
42,2026-06-28,25,39975.00
42,2026-06-29,22,35178.00
42,2026-06-30,22,35178.00
42,2026-07-01,22,35178.00
42,2026-07-02,22,35178.00
42,2026-07-03,22,35178.00
42,2026-07-04,26,41574.00
42,2026-07-05,25,39975.00
42,2026-07-06,22,35178.00
42,2026-07-07,22,35178.00
42,2026-07-08,22,35178.00
42,2026-07-09,22,35178.00
42,2026-07-10,22,35178.00
42,2026-07-11,26,41574.00
42,2026-07-12,25,39975.00
42,2026-07-13,22,35178.00
42,2026-07-14,22,35178.00
42,2026-07-15,22,35178.00
42,2026-07-16,22,35178.00
42,2026-07-17,22,35178.00
42,2026-07-18,26,41574.00
42,2026-07-19,25,39975.00
42,2026-07-20,22,35178.00
42,2026-07-21,22,35178.00
42,2026-07-22,22,35178.00
42,2026-07-23,22,35178.00
42,2026-07-24,22,35178.00
42,2026-07-25,26,41574.00
42,2026-07-26,25,39975.00
42,2026-07-27,22,35178.00
42,2026-07-28,22,35178.00
42,2026-07-29,22,35178.00
42,2026-07-30,22,35178.00
42,2026-07-31,22,35178.00
42,2026-08-01,26,41574.00
42,2026-08-02,25,39975.00
42,2026-08-03,22,35178.00
42,2026-08-04,22,35178.00
42,2026-08-05,22,35178.00
42,2026-08-06,22,35178.00
42,2026-08-07,22,35178.00
42,2026-08-08,26,41574.00
42,2026-08-09,25,39975.00
42,2026-08-10,22,35178.00
42,2026-08-11,22,35178.00
42,2026-08-12,22,35178.00
42,2026-08-13,22,35178.00
42,2026-08-14,22,35178.00
42,2026-08-15,26,41574.00
42,2026-08-16,25,39975.00
42,2026-08-17,22,35178.00
42,2026-08-18,22,35178.00
42,2026-08-19,22,35178.00
42,2026-08-20,22,35178.00
42,2026-08-21,22,35178.00
42,2026-08-22,26,41574.00
42,2026-08-23,25,39975.00
42,2026-08-24,22,35178.00
42,2026-08-25,22,35178.00
42,2026-08-26,22,35178.00
42,2026-08-27,22,35178.00
42,2026-08-28,22,35178.00
42,2026-08-29,26,41574.00
42,2026-08-30,25,39975.00
42,2026-08-31,22,35178.00
42,2026-09-01,22,35178.00
42,2026-09-02,22,35178.00
42,2026-09-03,22,35178.00
42,2026-09-04,22,35178.00
42,2026-09-05,26,41574.00
42,2026-09-06,25,39975.00
42,2026-09-07,22,35178.00
42,2026-09-08,22,35178.00
42,2026-09-09,22,35178.00
42,2026-09-10,22,35178.00
42,2026-09-11,22,35178.00
42,2026-09-12,26,41574.00
42,2026-09-13,25,39975.00
42,2026-09-14,22,35178.00
42,2026-09-15,22,35178.00
42,2026-09-16,22,35178.00
42,2026-09-17,22,35178.00
42,2026-09-18,22,35178.00
42,2026-09-19,26,41574.00
42,2026-09-20,25,39975.00
42,2026-09-21,22,35178.00
42,2026-09-22,22,35178.00
42,2026-09-23,22,35178.00
42,2026-09-24,22,35178.00
42,2026-09-25,22,35178.00
42,2026-09-26,26,41574.00
42,2026-09-27,25,39975.00
42,2026-09-28,22,35178.00
42,2026-09-29,22,35178.00
43,2025-09-30,4,9596.00
43,2025-10-01,6,14394.00
43,2025-10-02,6,14394.00
43,2025-10-03,6,14394.00
43,2025-10-04,8,19192.00
43,2025-10-05,7,16793.00
43,2025-10-06,6,14394.00
43,2025-10-07,6,14394.00
43,2025-10-08,6,14394.00
43,2025-10-09,6,14394.00
43,2025-10-10,6,14394.00
43,2025-10-11,8,19192.00
43,2025-10-12,7,16793.00
43,2025-10-13,6,14394.00
43,2025-10-14,6,14394.00
43,2025-10-15,6,14394.00
43,2025-10-16,6,14394.00
43,2025-10-17,6,14394.00
43,2025-10-18,8,19192.00
43,2025-10-19,7,16793.00
43,2025-10-20,6,14394.00
43,2025-10-21,6,14394.00
43,2025-10-22,6,14394.00
43,2025-10-23,6,14394.00
43,2025-10-24,6,14394.00
43,2025-10-25,8,19192.00
43,2025-10-26,7,16793.00
43,2025-10-27,6,14394.00
43,2025-10-28,6,14394.00
43,2025-10-29,6,14394.00
43,2025-10-30,6,14394.00
43,2025-10-31,6,14394.00
43,2025-11-01,8,19192.00
43,2025-11-02,7,16793.00
43,2025-11-03,6,14394.00
43,2025-11-04,6,14394.00
43,2025-11-05,6,14394.00
43,2025-11-06,6,14394.00
43,2025-11-07,6,14394.00
43,2025-11-08,8,19192.00
43,2025-11-09,7,16793.00
43,2025-11-10,6,14394.00
43,2025-11-11,6,14394.00
43,2025-11-12,6,14394.00
43,2025-11-13,6,14394.00
43,2025-11-14,6,14394.00
43,2025-11-15,8,19192.00
43,2025-11-16,7,16793.00
43,2025-11-17,6,14394.00
43,2025-11-18,6,14394.00
43,2025-11-19,6,14394.00
43,2025-11-20,6,14394.00
43,2025-11-21,6,14394.00
43,2025-11-22,8,19192.00
43,2025-11-23,7,16793.00
43,2025-11-24,6,14394.00
43,2025-11-25,6,14394.00
43,2025-11-26,6,14394.00
43,2025-11-27,6,14394.00
43,2025-11-28,6,14394.00
43,2025-11-29,8,19192.00
43,2025-11-30,7,16793.00
43,2025-12-01,5,11995.00
43,2025-12-02,5,11995.00
43,2025-12-03,5,11995.00
43,2025-12-04,5,11995.00
43,2025-12-05,5,11995.00
43,2025-12-06,6,14394.00
43,2025-12-07,6,14394.00
43,2025-12-08,5,11995.00
43,2025-12-09,5,11995.00
43,2025-12-10,5,11995.00
43,2025-12-11,5,11995.00
43,2025-12-12,5,11995.00
43,2025-12-13,6,14394.00
43,2025-12-14,6,14394.00
43,2025-12-15,5,11995.00
43,2025-12-16,5,11995.00
43,2025-12-17,5,11995.00
43,2025-12-18,5,11995.00
43,2025-12-19,5,11995.00
43,2025-12-20,6,14394.00
43,2025-12-21,6,14394.00
43,2025-12-22,5,11995.00
43,2025-12-23,5,11995.00
43,2025-12-24,5,11995.00
43,2025-12-25,5,11995.00
43,2025-12-26,5,11995.00
43,2025-12-27,6,14394.00
43,2025-12-28,6,14394.00
43,2025-12-29,5,11995.00
43,2025-12-30,5,11995.00
43,2025-12-31,5,11995.00
43,2026-01-01,4,9596.00
43,2026-01-02,4,9596.00
43,2026-01-03,5,11995.00
43,2026-01-04,5,11995.00
43,2026-01-05,4,9596.00
43,2026-01-06,4,9596.00
43,2026-01-07,4,9596.00
43,2026-01-08,4,9596.00
43,2026-01-09,4,9596.00
43,2026-01-10,5,11995.00
43,2026-01-11,5,11995.00
43,2026-01-12,4,9596.00
43,2026-01-13,4,9596.00
43,2026-01-14,4,9596.00
43,2026-01-15,4,9596.00
43,2026-01-16,4,9596.00
43,2026-01-17,5,11995.00
43,2026-01-18,5,11995.00
43,2026-01-19,4,9596.00
43,2026-01-20,4,9596.00
43,2026-01-21,4,9596.00
43,2026-01-22,4,9596.00
43,2026-01-23,4,9596.00
43,2026-01-24,5,11995.00
43,2026-01-25,5,11995.00
43,2026-01-26,4,9596.00
43,2026-01-27,4,9596.00
43,2026-01-28,4,9596.00
43,2026-01-29,4,9596.00
43,2026-01-30,4,9596.00
43,2026-01-31,5,11995.00
43,2026-02-01,5,11995.00
43,2026-02-02,4,9596.00
43,2026-02-03,4,9596.00
43,2026-02-04,4,9596.00
43,2026-02-05,4,9596.00
43,2026-02-06,4,9596.00
43,2026-02-07,5,11995.00
43,2026-02-08,5,11995.00
43,2026-02-09,4,9596.00
43,2026-02-10,4,9596.00
43,2026-02-11,4,9596.00
43,2026-02-12,4,9596.00
43,2026-02-13,4,9596.00
43,2026-02-14,5,11995.00
43,2026-02-15,5,11995.00
43,2026-02-16,4,9596.00
43,2026-02-17,4,9596.00
43,2026-02-18,4,9596.00
43,2026-02-19,4,9596.00
43,2026-02-20,4,9596.00
43,2026-02-21,5,11995.00
43,2026-02-22,5,11995.00
43,2026-02-23,4,9596.00
43,2026-02-24,4,9596.00
43,2026-02-25,4,9596.00
43,2026-02-26,4,9596.00
43,2026-02-27,4,9596.00
43,2026-02-28,5,11995.00
43,2026-03-01,5,11995.00
43,2026-03-02,4,9596.00
43,2026-03-03,4,9596.00
43,2026-03-04,4,9596.00
43,2026-03-05,4,9596.00
43,2026-03-06,4,9596.00
43,2026-03-07,5,11995.00
43,2026-03-08,5,11995.00
43,2026-03-09,4,9596.00
43,2026-03-10,4,9596.00
43,2026-03-11,4,9596.00
43,2026-03-12,4,9596.00
43,2026-03-13,4,9596.00
43,2026-03-14,5,11995.00
43,2026-03-15,5,11995.00
43,2026-03-16,4,9596.00
43,2026-03-17,4,9596.00
43,2026-03-18,4,9596.00
43,2026-03-19,4,9596.00
43,2026-03-20,4,9596.00
43,2026-03-21,5,11995.00
43,2026-03-22,5,11995.00
43,2026-03-23,4,9596.00
43,2026-03-24,4,9596.00
43,2026-03-25,4,9596.00
43,2026-03-26,4,9596.00
43,2026-03-27,4,9596.00
43,2026-03-28,5,11995.00
43,2026-03-29,5,11995.00
43,2026-03-30,4,9596.00
43,2026-03-31,4,9596.00
43,2026-04-01,4,9596.00
43,2026-04-02,4,9596.00
43,2026-04-03,4,9596.00
43,2026-04-04,5,11995.00
43,2026-04-05,5,11995.00
43,2026-04-06,4,9596.00
43,2026-04-07,4,9596.00
43,2026-04-08,4,9596.00
43,2026-04-09,4,9596.00
43,2026-04-10,4,9596.00
43,2026-04-11,5,11995.00
43,2026-04-12,5,11995.00
43,2026-04-13,4,9596.00
43,2026-04-14,4,9596.00
43,2026-04-15,4,9596.00
43,2026-04-16,4,9596.00
43,2026-04-17,4,9596.00
43,2026-04-18,5,11995.00
43,2026-04-19,5,11995.00
43,2026-04-20,4,9596.00
43,2026-04-21,4,9596.00
43,2026-04-22,4,9596.00
43,2026-04-23,4,9596.00
43,2026-04-24,4,9596.00
43,2026-04-25,5,11995.00
43,2026-04-26,5,11995.00
43,2026-04-27,4,9596.00
43,2026-04-28,4,9596.00
43,2026-04-29,4,9596.00
43,2026-04-30,4,9596.00
43,2026-05-01,4,9596.00
43,2026-05-02,5,11995.00
43,2026-05-03,5,11995.00
43,2026-05-04,4,9596.00
43,2026-05-05,4,9596.00
43,2026-05-06,4,9596.00
43,2026-05-07,4,9596.00
43,2026-05-08,4,9596.00
43,2026-05-09,5,11995.00
43,2026-05-10,5,11995.00
43,2026-05-11,4,9596.00
43,2026-05-12,4,9596.00
43,2026-05-13,4,9596.00
43,2026-05-14,4,9596.00
43,2026-05-15,4,9596.00
43,2026-05-16,5,11995.00
43,2026-05-17,5,11995.00
43,2026-05-18,4,9596.00
43,2026-05-19,4,9596.00
43,2026-05-20,4,9596.00
43,2026-05-21,4,9596.00
43,2026-05-22,4,9596.00
43,2026-05-23,5,11995.00
43,2026-05-24,5,11995.00
43,2026-05-25,4,9596.00
43,2026-05-26,4,9596.00
43,2026-05-27,4,9596.00
43,2026-05-28,4,9596.00
43,2026-05-29,4,9596.00
43,2026-05-30,5,11995.00
43,2026-05-31,5,11995.00
43,2026-06-01,4,9596.00
43,2026-06-02,4,9596.00
43,2026-06-03,4,9596.00
43,2026-06-04,4,9596.00
43,2026-06-05,4,9596.00
43,2026-06-06,5,11995.00
43,2026-06-07,5,11995.00
43,2026-06-08,4,9596.00
43,2026-06-09,4,9596.00
43,2026-06-10,4,9596.00
43,2026-06-11,4,9596.00
43,2026-06-12,4,9596.00
43,2026-06-13,5,11995.00
43,2026-06-14,5,11995.00
43,2026-06-15,4,9596.00
43,2026-06-16,4,9596.00
43,2026-06-17,4,9596.00
43,2026-06-18,4,9596.00
43,2026-06-19,4,9596.00
43,2026-06-20,5,11995.00
43,2026-06-21,5,11995.00
43,2026-06-22,4,9596.00
43,2026-06-23,4,9596.00
43,2026-06-24,4,9596.00
43,2026-06-25,4,9596.00
43,2026-06-26,4,9596.00
43,2026-06-27,5,11995.00
43,2026-06-28,5,11995.00
43,2026-06-29,4,9596.00
43,2026-06-30,4,9596.00
43,2026-07-01,4,9596.00
43,2026-07-02,4,9596.00
43,2026-07-03,4,9596.00
43,2026-07-04,5,11995.00
43,2026-07-05,5,11995.00
43,2026-07-06,4,9596.00
43,2026-07-07,4,9596.00
43,2026-07-08,4,9596.00
43,2026-07-09,4,9596.00
43,2026-07-10,4,9596.00
43,2026-07-11,5,11995.00
43,2026-07-12,5,11995.00
43,2026-07-13,4,9596.00
43,2026-07-14,4,9596.00
43,2026-07-15,4,9596.00
43,2026-07-16,4,9596.00
43,2026-07-17,4,9596.00
43,2026-07-18,5,11995.00
43,2026-07-19,5,11995.00
43,2026-07-20,4,9596.00
43,2026-07-21,4,9596.00
43,2026-07-22,4,9596.00
43,2026-07-23,4,9596.00
43,2026-07-24,4,9596.00
43,2026-07-25,5,11995.00
43,2026-07-26,5,11995.00
43,2026-07-27,4,9596.00
43,2026-07-28,4,9596.00
43,2026-07-29,4,9596.00
43,2026-07-30,4,9596.00
43,2026-07-31,4,9596.00
43,2026-08-01,5,11995.00
43,2026-08-02,5,11995.00
43,2026-08-03,4,9596.00
43,2026-08-04,4,9596.00
43,2026-08-05,4,9596.00
43,2026-08-06,4,9596.00
43,2026-08-07,4,9596.00
43,2026-08-08,5,11995.00
43,2026-08-09,5,11995.00
43,2026-08-10,4,9596.00
43,2026-08-11,4,9596.00
43,2026-08-12,4,9596.00
43,2026-08-13,4,9596.00
43,2026-08-14,4,9596.00
43,2026-08-15,5,11995.00
43,2026-08-16,5,11995.00
43,2026-08-17,4,9596.00
43,2026-08-18,4,9596.00
43,2026-08-19,4,9596.00
43,2026-08-20,4,9596.00
43,2026-08-21,4,9596.00
43,2026-08-22,5,11995.00
43,2026-08-23,5,11995.00
43,2026-08-24,4,9596.00
43,2026-08-25,4,9596.00
43,2026-08-26,4,9596.00
43,2026-08-27,4,9596.00
43,2026-08-28,4,9596.00
43,2026-08-29,5,11995.00
43,2026-08-30,5,11995.00
43,2026-08-31,4,9596.00
43,2026-09-01,4,9596.00
43,2026-09-02,4,9596.00
43,2026-09-03,4,9596.00
43,2026-09-04,4,9596.00
43,2026-09-05,5,11995.00
43,2026-09-06,5,11995.00
43,2026-09-07,4,9596.00
43,2026-09-08,4,9596.00
43,2026-09-09,4,9596.00
43,2026-09-10,4,9596.00
43,2026-09-11,4,9596.00
43,2026-09-12,5,11995.00
43,2026-09-13,5,11995.00
43,2026-09-14,4,9596.00
43,2026-09-15,4,9596.00
43,2026-09-16,4,9596.00
43,2026-09-17,4,9596.00
43,2026-09-18,4,9596.00
43,2026-09-19,5,11995.00
43,2026-09-20,5,11995.00
43,2026-09-21,4,9596.00
43,2026-09-22,4,9596.00
43,2026-09-23,4,9596.00
43,2026-09-24,4,9596.00
43,2026-09-25,4,9596.00
43,2026-09-26,5,11995.00
43,2026-09-27,5,11995.00
43,2026-09-28,4,9596.00
43,2026-09-29,4,9596.00
44,2025-09-30,12,32388.00
44,2025-10-01,18,48582.00
44,2025-10-02,18,48582.00
44,2025-10-03,18,48582.00
44,2025-10-04,21,56679.00
44,2025-10-05,20,53980.00
44,2025-10-06,18,48582.00
44,2025-10-07,18,48582.00
44,2025-10-08,18,48582.00
44,2025-10-09,18,48582.00
44,2025-10-10,18,48582.00
44,2025-10-11,21,56679.00
44,2025-10-12,20,53980.00
44,2025-10-13,18,48582.00
44,2025-10-14,18,48582.00
44,2025-10-15,18,48582.00
44,2025-10-16,18,48582.00
44,2025-10-17,18,48582.00
44,2025-10-18,21,56679.00
44,2025-10-19,20,53980.00
44,2025-10-20,18,48582.00
44,2025-10-21,18,48582.00
44,2025-10-22,18,48582.00
44,2025-10-23,18,48582.00
44,2025-10-24,18,48582.00
44,2025-10-25,21,56679.00
44,2025-10-26,20,53980.00
44,2025-10-27,18,48582.00
44,2025-10-28,18,48582.00
44,2025-10-29,18,48582.00
44,2025-10-30,18,48582.00
44,2025-10-31,18,48582.00
44,2025-11-01,21,56679.00
44,2025-11-02,20,53980.00
44,2025-11-03,18,48582.00
44,2025-11-04,18,48582.00
44,2025-11-05,18,48582.00
44,2025-11-06,18,48582.00
44,2025-11-07,18,48582.00
44,2025-11-08,21,56679.00
44,2025-11-09,20,53980.00
44,2025-11-10,18,48582.00
44,2025-11-11,18,48582.00
44,2025-11-12,18,48582.00
44,2025-11-13,18,48582.00
44,2025-11-14,18,48582.00
44,2025-11-15,21,56679.00
44,2025-11-16,20,53980.00
44,2025-11-17,18,48582.00
44,2025-11-18,18,48582.00
44,2025-11-19,18,48582.00
44,2025-11-20,18,48582.00
44,2025-11-21,18,48582.00
44,2025-11-22,21,56679.00
44,2025-11-23,20,53980.00
44,2025-11-24,18,48582.00
44,2025-11-25,18,48582.00
44,2025-11-26,18,48582.00
44,2025-11-27,18,48582.00
44,2025-11-28,18,48582.00
44,2025-11-29,21,56679.00
44,2025-11-30,20,53980.00
44,2025-12-01,14,37786.00
44,2025-12-02,14,37786.00
44,2025-12-03,14,37786.00
44,2025-12-04,14,37786.00
44,2025-12-05,14,37786.00
44,2025-12-06,17,45883.00
44,2025-12-07,16,43184.00
44,2025-12-08,14,37786.00
44,2025-12-09,14,37786.00
44,2025-12-10,14,37786.00
44,2025-12-11,14,37786.00
44,2025-12-12,14,37786.00
44,2025-12-13,17,45883.00
44,2025-12-14,16,43184.00
44,2025-12-15,14,37786.00
44,2025-12-16,14,37786.00
44,2025-12-17,14,37786.00
44,2025-12-18,14,37786.00
44,2025-12-19,14,37786.00
44,2025-12-20,17,45883.00
44,2025-12-21,16,43184.00
44,2025-12-22,14,37786.00
44,2025-12-23,14,37786.00
44,2025-12-24,14,37786.00
44,2025-12-25,14,37786.00
44,2025-12-26,14,37786.00
44,2025-12-27,17,45883.00
44,2025-12-28,16,43184.00
44,2025-12-29,14,37786.00
44,2025-12-30,14,37786.00
44,2025-12-31,14,37786.00
44,2026-01-01,12,32388.00
44,2026-01-02,12,32388.00
44,2026-01-03,15,40485.00
44,2026-01-04,14,37786.00
44,2026-01-05,12,32388.00
44,2026-01-06,12,32388.00
44,2026-01-07,12,32388.00
44,2026-01-08,12,32388.00
44,2026-01-09,12,32388.00
44,2026-01-10,15,40485.00
44,2026-01-11,14,37786.00
44,2026-01-12,12,32388.00
44,2026-01-13,12,32388.00
44,2026-01-14,12,32388.00
44,2026-01-15,12,32388.00
44,2026-01-16,12,32388.00
44,2026-01-17,15,40485.00
44,2026-01-18,14,37786.00
44,2026-01-19,12,32388.00
44,2026-01-20,12,32388.00
44,2026-01-21,12,32388.00
44,2026-01-22,12,32388.00
44,2026-01-23,12,32388.00
44,2026-01-24,15,40485.00
44,2026-01-25,14,37786.00
44,2026-01-26,12,32388.00
44,2026-01-27,12,32388.00
44,2026-01-28,12,32388.00
44,2026-01-29,12,32388.00
44,2026-01-30,12,32388.00
44,2026-01-31,15,40485.00
44,2026-02-01,14,37786.00
44,2026-02-02,12,32388.00
44,2026-02-03,12,32388.00
44,2026-02-04,12,32388.00
44,2026-02-05,12,32388.00
44,2026-02-06,12,32388.00
44,2026-02-07,15,40485.00
44,2026-02-08,14,37786.00
44,2026-02-09,12,32388.00
44,2026-02-10,12,32388.00
44,2026-02-11,12,32388.00
44,2026-02-12,12,32388.00
44,2026-02-13,12,32388.00
44,2026-02-14,15,40485.00
44,2026-02-15,14,37786.00
44,2026-02-16,12,32388.00
44,2026-02-17,12,32388.00
44,2026-02-18,12,32388.00
44,2026-02-19,12,32388.00
44,2026-02-20,12,32388.00
44,2026-02-21,15,40485.00
44,2026-02-22,14,37786.00
44,2026-02-23,12,32388.00
44,2026-02-24,12,32388.00
44,2026-02-25,12,32388.00
44,2026-02-26,12,32388.00
44,2026-02-27,12,32388.00
44,2026-02-28,15,40485.00
44,2026-03-01,14,37786.00
44,2026-03-02,12,32388.00
44,2026-03-03,12,32388.00
44,2026-03-04,12,32388.00
44,2026-03-05,12,32388.00
44,2026-03-06,12,32388.00
44,2026-03-07,15,40485.00
44,2026-03-08,14,37786.00
44,2026-03-09,12,32388.00
44,2026-03-10,12,32388.00
44,2026-03-11,12,32388.00
44,2026-03-12,12,32388.00
44,2026-03-13,12,32388.00
44,2026-03-14,15,40485.00
44,2026-03-15,14,37786.00
44,2026-03-16,12,32388.00
44,2026-03-17,12,32388.00
44,2026-03-18,12,32388.00
44,2026-03-19,12,32388.00
44,2026-03-20,12,32388.00
44,2026-03-21,15,40485.00
44,2026-03-22,14,37786.00
44,2026-03-23,12,32388.00
44,2026-03-24,12,32388.00
44,2026-03-25,12,32388.00
44,2026-03-26,12,32388.00
44,2026-03-27,12,32388.00
44,2026-03-28,15,40485.00
44,2026-03-29,14,37786.00
44,2026-03-30,12,32388.00
44,2026-03-31,12,32388.00
44,2026-04-01,12,32388.00
44,2026-04-02,12,32388.00
44,2026-04-03,12,32388.00
44,2026-04-04,15,40485.00
44,2026-04-05,14,37786.00
44,2026-04-06,12,32388.00
44,2026-04-07,12,32388.00
44,2026-04-08,12,32388.00
44,2026-04-09,12,32388.00
44,2026-04-10,12,32388.00
44,2026-04-11,15,40485.00
44,2026-04-12,14,37786.00
44,2026-04-13,12,32388.00
44,2026-04-14,12,32388.00
44,2026-04-15,12,32388.00
44,2026-04-16,12,32388.00
44,2026-04-17,12,32388.00
44,2026-04-18,15,40485.00
44,2026-04-19,14,37786.00
44,2026-04-20,12,32388.00
44,2026-04-21,12,32388.00
44,2026-04-22,12,32388.00
44,2026-04-23,12,32388.00
44,2026-04-24,12,32388.00
44,2026-04-25,15,40485.00
44,2026-04-26,14,37786.00
44,2026-04-27,12,32388.00
44,2026-04-28,12,32388.00
44,2026-04-29,12,32388.00
44,2026-04-30,12,32388.00
44,2026-05-01,12,32388.00
44,2026-05-02,15,40485.00
44,2026-05-03,14,37786.00
44,2026-05-04,12,32388.00
44,2026-05-05,12,32388.00
44,2026-05-06,12,32388.00
44,2026-05-07,12,32388.00
44,2026-05-08,12,32388.00
44,2026-05-09,15,40485.00
44,2026-05-10,14,37786.00
44,2026-05-11,12,32388.00
44,2026-05-12,12,32388.00
44,2026-05-13,12,32388.00
44,2026-05-14,12,32388.00
44,2026-05-15,12,32388.00
44,2026-05-16,15,40485.00
44,2026-05-17,14,37786.00
44,2026-05-18,12,32388.00
44,2026-05-19,12,32388.00
44,2026-05-20,12,32388.00
44,2026-05-21,12,32388.00
44,2026-05-22,12,32388.00
44,2026-05-23,15,40485.00
44,2026-05-24,14,37786.00
44,2026-05-25,12,32388.00
44,2026-05-26,12,32388.00
44,2026-05-27,12,32388.00
44,2026-05-28,12,32388.00
44,2026-05-29,12,32388.00
44,2026-05-30,15,40485.00
44,2026-05-31,14,37786.00
44,2026-06-01,12,32388.00
44,2026-06-02,12,32388.00
44,2026-06-03,12,32388.00
44,2026-06-04,12,32388.00
44,2026-06-05,12,32388.00
44,2026-06-06,15,40485.00
44,2026-06-07,14,37786.00
44,2026-06-08,12,32388.00
44,2026-06-09,12,32388.00
44,2026-06-10,12,32388.00
44,2026-06-11,12,32388.00
44,2026-06-12,12,32388.00
44,2026-06-13,15,40485.00
44,2026-06-14,14,37786.00
44,2026-06-15,12,32388.00
44,2026-06-16,12,32388.00
44,2026-06-17,12,32388.00
44,2026-06-18,12,32388.00
44,2026-06-19,12,32388.00
44,2026-06-20,15,40485.00
44,2026-06-21,14,37786.00
44,2026-06-22,12,32388.00
44,2026-06-23,12,32388.00
44,2026-06-24,12,32388.00
44,2026-06-25,12,32388.00
44,2026-06-26,12,32388.00
44,2026-06-27,15,40485.00
44,2026-06-28,14,37786.00
44,2026-06-29,12,32388.00
44,2026-06-30,12,32388.00
44,2026-07-01,12,32388.00
44,2026-07-02,12,32388.00
44,2026-07-03,12,32388.00
44,2026-07-04,15,40485.00
44,2026-07-05,14,37786.00
44,2026-07-06,12,32388.00
44,2026-07-07,12,32388.00
44,2026-07-08,12,32388.00
44,2026-07-09,12,32388.00
44,2026-07-10,12,32388.00
44,2026-07-11,15,40485.00
44,2026-07-12,14,37786.00
44,2026-07-13,12,32388.00
44,2026-07-14,12,32388.00
44,2026-07-15,12,32388.00
44,2026-07-16,12,32388.00
44,2026-07-17,12,32388.00
44,2026-07-18,15,40485.00
44,2026-07-19,14,37786.00
44,2026-07-20,12,32388.00
44,2026-07-21,12,32388.00
44,2026-07-22,12,32388.00
44,2026-07-23,12,32388.00
44,2026-07-24,12,32388.00
44,2026-07-25,15,40485.00
44,2026-07-26,14,37786.00
44,2026-07-27,12,32388.00
44,2026-07-28,12,32388.00
44,2026-07-29,12,32388.00
44,2026-07-30,12,32388.00
44,2026-07-31,12,32388.00
44,2026-08-01,15,40485.00
44,2026-08-02,14,37786.00
44,2026-08-03,12,32388.00
44,2026-08-04,12,32388.00
44,2026-08-05,12,32388.00
44,2026-08-06,12,32388.00
44,2026-08-07,12,32388.00
44,2026-08-08,15,40485.00
44,2026-08-09,14,37786.00
44,2026-08-10,12,32388.00
44,2026-08-11,12,32388.00
44,2026-08-12,12,32388.00
44,2026-08-13,12,32388.00
44,2026-08-14,12,32388.00
44,2026-08-15,15,40485.00
44,2026-08-16,14,37786.00
44,2026-08-17,12,32388.00
44,2026-08-18,12,32388.00
44,2026-08-19,12,32388.00
44,2026-08-20,12,32388.00
44,2026-08-21,12,32388.00
44,2026-08-22,15,40485.00
44,2026-08-23,14,37786.00
44,2026-08-24,12,32388.00
44,2026-08-25,12,32388.00
44,2026-08-26,12,32388.00
44,2026-08-27,12,32388.00
44,2026-08-28,12,32388.00
44,2026-08-29,15,40485.00
44,2026-08-30,14,37786.00
44,2026-08-31,12,32388.00
44,2026-09-01,12,32388.00
44,2026-09-02,12,32388.00
44,2026-09-03,12,32388.00
44,2026-09-04,12,32388.00
44,2026-09-05,15,40485.00
44,2026-09-06,14,37786.00
44,2026-09-07,12,32388.00
44,2026-09-08,12,32388.00
44,2026-09-09,12,32388.00
44,2026-09-10,12,32388.00
44,2026-09-11,12,32388.00
44,2026-09-12,15,40485.00
44,2026-09-13,14,37786.00
44,2026-09-14,12,32388.00
44,2026-09-15,12,32388.00
44,2026-09-16,12,32388.00
44,2026-09-17,12,32388.00
44,2026-09-18,12,32388.00
44,2026-09-19,15,40485.00
44,2026-09-20,14,37786.00
44,2026-09-21,12,32388.00
44,2026-09-22,12,32388.00
44,2026-09-23,12,32388.00
44,2026-09-24,12,32388.00
44,2026-09-25,12,32388.00
44,2026-09-26,15,40485.00
44,2026-09-27,14,37786.00
44,2026-09-28,12,32388.00
44,2026-09-29,12,32388.00
45,2025-09-30,17,20383.00
45,2025-10-01,25,29975.00
45,2025-10-02,25,29975.00
45,2025-10-03,25,29975.00
45,2025-10-04,30,35970.00
45,2025-10-05,29,34771.00
45,2025-10-06,25,29975.00
45,2025-10-07,25,29975.00
45,2025-10-08,25,29975.00
45,2025-10-09,25,29975.00
45,2025-10-10,25,29975.00
45,2025-10-11,30,35970.00
45,2025-10-12,29,34771.00
45,2025-10-13,25,29975.00
45,2025-10-14,25,29975.00
45,2025-10-15,25,29975.00
45,2025-10-16,25,29975.00
45,2025-10-17,25,29975.00
45,2025-10-18,30,35970.00
45,2025-10-19,29,34771.00
45,2025-10-20,25,29975.00
45,2025-10-21,25,29975.00
45,2025-10-22,25,29975.00
45,2025-10-23,25,29975.00
45,2025-10-24,25,29975.00
45,2025-10-25,30,35970.00
45,2025-10-26,29,34771.00
45,2025-10-27,25,29975.00
45,2025-10-28,25,29975.00
45,2025-10-29,25,29975.00
45,2025-10-30,25,29975.00
45,2025-10-31,25,29975.00
45,2025-11-01,30,35970.00
45,2025-11-02,29,34771.00
45,2025-11-03,25,29975.00
45,2025-11-04,25,29975.00
45,2025-11-05,25,29975.00
45,2025-11-06,25,29975.00
45,2025-11-07,25,29975.00
45,2025-11-08,30,35970.00
45,2025-11-09,29,34771.00
45,2025-11-10,25,29975.00
45,2025-11-11,25,29975.00
45,2025-11-12,25,29975.00
45,2025-11-13,25,29975.00
45,2025-11-14,25,29975.00
45,2025-11-15,30,35970.00
45,2025-11-16,29,34771.00
45,2025-11-17,25,29975.00
45,2025-11-18,25,29975.00
45,2025-11-19,25,29975.00
45,2025-11-20,25,29975.00
45,2025-11-21,25,29975.00
45,2025-11-22,30,35970.00
45,2025-11-23,29,34771.00
45,2025-11-24,25,29975.00
45,2025-11-25,25,29975.00
45,2025-11-26,25,29975.00
45,2025-11-27,25,29975.00
45,2025-11-28,25,29975.00
45,2025-11-29,30,35970.00
45,2025-11-30,29,34771.00
45,2025-12-01,20,23980.00
45,2025-12-02,20,23980.00
45,2025-12-03,20,23980.00
45,2025-12-04,20,23980.00
45,2025-12-05,20,23980.00
45,2025-12-06,24,28776.00
45,2025-12-07,23,27577.00
45,2025-12-08,20,23980.00
45,2025-12-09,20,23980.00
45,2025-12-10,20,23980.00
45,2025-12-11,20,23980.00
45,2025-12-12,20,23980.00
45,2025-12-13,24,28776.00
45,2025-12-14,23,27577.00
45,2025-12-15,20,23980.00
45,2025-12-16,20,23980.00
45,2025-12-17,20,23980.00
45,2025-12-18,20,23980.00
45,2025-12-19,20,23980.00
45,2025-12-20,24,28776.00
45,2025-12-21,23,27577.00
45,2025-12-22,20,23980.00
45,2025-12-23,20,23980.00
45,2025-12-24,20,23980.00
45,2025-12-25,20,23980.00
45,2025-12-26,20,23980.00
45,2025-12-27,24,28776.00
45,2025-12-28,23,27577.00
45,2025-12-29,20,23980.00
45,2025-12-30,20,23980.00
45,2025-12-31,20,23980.00
45,2026-01-01,17,20383.00
45,2026-01-02,17,20383.00
45,2026-01-03,21,25179.00
45,2026-01-04,20,23980.00
45,2026-01-05,17,20383.00
45,2026-01-06,17,20383.00
45,2026-01-07,17,20383.00
45,2026-01-08,17,20383.00
45,2026-01-09,17,20383.00
45,2026-01-10,21,25179.00
45,2026-01-11,20,23980.00
45,2026-01-12,17,20383.00
45,2026-01-13,17,20383.00
45,2026-01-14,17,20383.00
45,2026-01-15,17,20383.00
45,2026-01-16,17,20383.00
45,2026-01-17,21,25179.00
45,2026-01-18,20,23980.00
45,2026-01-19,17,20383.00
45,2026-01-20,17,20383.00
45,2026-01-21,17,20383.00
45,2026-01-22,17,20383.00
45,2026-01-23,17,20383.00
45,2026-01-24,21,25179.00
45,2026-01-25,20,23980.00
45,2026-01-26,17,20383.00
45,2026-01-27,17,20383.00
45,2026-01-28,17,20383.00
45,2026-01-29,17,20383.00
45,2026-01-30,17,20383.00
45,2026-01-31,21,25179.00
45,2026-02-01,20,23980.00
45,2026-02-02,17,20383.00
45,2026-02-03,17,20383.00
45,2026-02-04,17,20383.00
45,2026-02-05,17,20383.00
45,2026-02-06,17,20383.00
45,2026-02-07,21,25179.00
45,2026-02-08,20,23980.00
45,2026-02-09,17,20383.00
45,2026-02-10,17,20383.00
45,2026-02-11,17,20383.00
45,2026-02-12,17,20383.00
45,2026-02-13,17,20383.00
45,2026-02-14,21,25179.00
45,2026-02-15,20,23980.00
45,2026-02-16,17,20383.00
45,2026-02-17,17,20383.00
45,2026-02-18,17,20383.00
45,2026-02-19,17,20383.00
45,2026-02-20,17,20383.00
45,2026-02-21,21,25179.00
45,2026-02-22,20,23980.00
45,2026-02-23,17,20383.00
45,2026-02-24,17,20383.00
45,2026-02-25,17,20383.00
45,2026-02-26,17,20383.00
45,2026-02-27,17,20383.00
45,2026-02-28,21,25179.00
45,2026-03-01,20,23980.00
45,2026-03-02,17,20383.00
45,2026-03-03,17,20383.00
45,2026-03-04,17,20383.00
45,2026-03-05,17,20383.00
45,2026-03-06,17,20383.00
45,2026-03-07,21,25179.00
45,2026-03-08,20,23980.00
45,2026-03-09,17,20383.00
45,2026-03-10,17,20383.00
45,2026-03-11,17,20383.00
45,2026-03-12,17,20383.00
45,2026-03-13,17,20383.00
45,2026-03-14,21,25179.00
45,2026-03-15,20,23980.00
45,2026-03-16,17,20383.00
45,2026-03-17,17,20383.00
45,2026-03-18,17,20383.00
45,2026-03-19,17,20383.00
45,2026-03-20,17,20383.00
45,2026-03-21,21,25179.00
45,2026-03-22,20,23980.00
45,2026-03-23,17,20383.00
45,2026-03-24,17,20383.00
45,2026-03-25,17,20383.00
45,2026-03-26,17,20383.00
45,2026-03-27,17,20383.00
45,2026-03-28,21,25179.00
45,2026-03-29,20,23980.00
45,2026-03-30,17,20383.00
45,2026-03-31,17,20383.00
45,2026-04-01,17,20383.00
45,2026-04-02,17,20383.00
45,2026-04-03,17,20383.00
45,2026-04-04,21,25179.00
45,2026-04-05,20,23980.00
45,2026-04-06,17,20383.00
45,2026-04-07,17,20383.00
45,2026-04-08,17,20383.00
45,2026-04-09,17,20383.00
45,2026-04-10,17,20383.00
45,2026-04-11,21,25179.00
45,2026-04-12,20,23980.00
45,2026-04-13,17,20383.00
45,2026-04-14,17,20383.00
45,2026-04-15,17,20383.00
45,2026-04-16,17,20383.00
45,2026-04-17,17,20383.00
45,2026-04-18,21,25179.00
45,2026-04-19,20,23980.00
45,2026-04-20,17,20383.00
45,2026-04-21,17,20383.00
45,2026-04-22,17,20383.00
45,2026-04-23,17,20383.00
45,2026-04-24,17,20383.00
45,2026-04-25,21,25179.00
45,2026-04-26,20,23980.00
45,2026-04-27,17,20383.00
45,2026-04-28,17,20383.00
45,2026-04-29,17,20383.00
45,2026-04-30,17,20383.00
45,2026-05-01,17,20383.00
45,2026-05-02,21,25179.00
45,2026-05-03,20,23980.00
45,2026-05-04,17,20383.00
45,2026-05-05,17,20383.00
45,2026-05-06,17,20383.00
45,2026-05-07,17,20383.00
45,2026-05-08,17,20383.00
45,2026-05-09,21,25179.00
45,2026-05-10,20,23980.00
45,2026-05-11,17,20383.00
45,2026-05-12,17,20383.00
45,2026-05-13,17,20383.00
45,2026-05-14,17,20383.00
45,2026-05-15,17,20383.00
45,2026-05-16,21,25179.00
45,2026-05-17,20,23980.00
45,2026-05-18,17,20383.00
45,2026-05-19,17,20383.00
45,2026-05-20,17,20383.00
45,2026-05-21,17,20383.00
45,2026-05-22,17,20383.00
45,2026-05-23,21,25179.00
45,2026-05-24,20,23980.00
45,2026-05-25,17,20383.00
45,2026-05-26,17,20383.00
45,2026-05-27,17,20383.00
45,2026-05-28,17,20383.00
45,2026-05-29,17,20383.00
45,2026-05-30,21,25179.00
45,2026-05-31,20,23980.00
45,2026-06-01,17,20383.00
45,2026-06-02,17,20383.00
45,2026-06-03,17,20383.00
45,2026-06-04,17,20383.00
45,2026-06-05,17,20383.00
45,2026-06-06,21,25179.00
45,2026-06-07,20,23980.00
45,2026-06-08,17,20383.00
45,2026-06-09,17,20383.00
45,2026-06-10,17,20383.00
45,2026-06-11,17,20383.00
45,2026-06-12,17,20383.00
45,2026-06-13,21,25179.00
45,2026-06-14,20,23980.00
45,2026-06-15,17,20383.00
45,2026-06-16,17,20383.00
45,2026-06-17,17,20383.00
45,2026-06-18,17,20383.00
45,2026-06-19,17,20383.00
45,2026-06-20,21,25179.00
45,2026-06-21,20,23980.00
45,2026-06-22,17,20383.00
45,2026-06-23,17,20383.00
45,2026-06-24,17,20383.00
45,2026-06-25,17,20383.00
45,2026-06-26,17,20383.00
45,2026-06-27,21,25179.00
45,2026-06-28,20,23980.00
45,2026-06-29,17,20383.00
45,2026-06-30,17,20383.00
45,2026-07-01,17,20383.00
45,2026-07-02,17,20383.00
45,2026-07-03,17,20383.00
45,2026-07-04,21,25179.00
45,2026-07-05,20,23980.00
45,2026-07-06,17,20383.00
45,2026-07-07,17,20383.00
45,2026-07-08,17,20383.00
45,2026-07-09,17,20383.00
45,2026-07-10,17,20383.00
45,2026-07-11,21,25179.00
45,2026-07-12,20,23980.00
45,2026-07-13,17,20383.00
45,2026-07-14,17,20383.00
45,2026-07-15,17,20383.00
45,2026-07-16,17,20383.00
45,2026-07-17,17,20383.00
45,2026-07-18,21,25179.00
45,2026-07-19,20,23980.00
45,2026-07-20,17,20383.00
45,2026-07-21,17,20383.00
45,2026-07-22,17,20383.00
45,2026-07-23,17,20383.00
45,2026-07-24,17,20383.00
45,2026-07-25,21,25179.00
45,2026-07-26,20,23980.00
45,2026-07-27,17,20383.00
45,2026-07-28,17,20383.00
45,2026-07-29,17,20383.00
45,2026-07-30,17,20383.00
45,2026-07-31,17,20383.00
45,2026-08-01,21,25179.00
45,2026-08-02,20,23980.00
45,2026-08-03,17,20383.00
45,2026-08-04,17,20383.00
45,2026-08-05,17,20383.00
45,2026-08-06,17,20383.00
45,2026-08-07,17,20383.00
45,2026-08-08,21,25179.00
45,2026-08-09,20,23980.00
45,2026-08-10,17,20383.00
45,2026-08-11,17,20383.00
45,2026-08-12,17,20383.00
45,2026-08-13,17,20383.00
45,2026-08-14,17,20383.00
45,2026-08-15,21,25179.00
45,2026-08-16,20,23980.00
45,2026-08-17,17,20383.00
45,2026-08-18,17,20383.00
45,2026-08-19,17,20383.00
45,2026-08-20,17,20383.00
45,2026-08-21,17,20383.00
45,2026-08-22,21,25179.00
45,2026-08-23,20,23980.00
45,2026-08-24,17,20383.00
45,2026-08-25,17,20383.00
45,2026-08-26,17,20383.00
45,2026-08-27,17,20383.00
45,2026-08-28,17,20383.00
45,2026-08-29,21,25179.00
45,2026-08-30,20,23980.00
45,2026-08-31,17,20383.00
45,2026-09-01,17,20383.00
45,2026-09-02,17,20383.00
45,2026-09-03,17,20383.00
45,2026-09-04,17,20383.00
45,2026-09-05,21,25179.00
45,2026-09-06,20,23980.00
45,2026-09-07,17,20383.00
45,2026-09-08,17,20383.00
45,2026-09-09,17,20383.00
45,2026-09-10,17,20383.00
45,2026-09-11,17,20383.00
45,2026-09-12,21,25179.00
45,2026-09-13,20,23980.00
45,2026-09-14,17,20383.00
45,2026-09-15,17,20383.00
45,2026-09-16,17,20383.00
45,2026-09-17,17,20383.00
45,2026-09-18,17,20383.00
45,2026-09-19,21,25179.00
45,2026-09-20,20,23980.00
45,2026-09-21,17,20383.00
45,2026-09-22,17,20383.00
45,2026-09-23,17,20383.00
45,2026-09-24,17,20383.00
45,2026-09-25,17,20383.00
45,2026-09-26,21,25179.00
45,2026-09-27,20,23980.00
45,2026-09-28,17,20383.00
45,2026-09-29,17,20383.00
46,2025-09-30,11,25289.00
46,2025-10-01,16,36784.00
46,2025-10-02,16,36784.00
46,2025-10-03,16,36784.00
46,2025-10-04,19,43681.00
46,2025-10-05,18,41382.00
46,2025-10-06,16,36784.00
46,2025-10-07,16,36784.00
46,2025-10-08,16,36784.00
46,2025-10-09,16,36784.00
46,2025-10-10,16,36784.00
46,2025-10-11,19,43681.00
46,2025-10-12,18,41382.00
46,2025-10-13,16,36784.00
46,2025-10-14,16,36784.00
46,2025-10-15,16,36784.00
46,2025-10-16,16,36784.00
46,2025-10-17,16,36784.00
46,2025-10-18,19,43681.00
46,2025-10-19,18,41382.00
46,2025-10-20,16,36784.00
46,2025-10-21,16,36784.00
46,2025-10-22,16,36784.00
46,2025-10-23,16,36784.00
46,2025-10-24,16,36784.00
46,2025-10-25,19,43681.00
46,2025-10-26,18,41382.00
46,2025-10-27,16,36784.00
46,2025-10-28,16,36784.00
46,2025-10-29,16,36784.00
46,2025-10-30,16,36784.00
46,2025-10-31,16,36784.00
46,2025-11-01,19,43681.00
46,2025-11-02,18,41382.00
46,2025-11-03,16,36784.00
46,2025-11-04,16,36784.00
46,2025-11-05,16,36784.00
46,2025-11-06,16,36784.00
46,2025-11-07,16,36784.00
46,2025-11-08,19,43681.00
46,2025-11-09,18,41382.00
46,2025-11-10,16,36784.00
46,2025-11-11,16,36784.00
46,2025-11-12,16,36784.00
46,2025-11-13,16,36784.00
46,2025-11-14,16,36784.00
46,2025-11-15,19,43681.00
46,2025-11-16,18,41382.00
46,2025-11-17,16,36784.00
46,2025-11-18,16,36784.00
46,2025-11-19,16,36784.00
46,2025-11-20,16,36784.00
46,2025-11-21,16,36784.00
46,2025-11-22,19,43681.00
46,2025-11-23,18,41382.00
46,2025-11-24,16,36784.00
46,2025-11-25,16,36784.00
46,2025-11-26,16,36784.00
46,2025-11-27,16,36784.00
46,2025-11-28,16,36784.00
46,2025-11-29,19,43681.00
46,2025-11-30,18,41382.00
46,2025-12-01,13,29887.00
46,2025-12-02,13,29887.00
46,2025-12-03,13,29887.00
46,2025-12-04,13,29887.00
46,2025-12-05,13,29887.00
46,2025-12-06,15,34485.00
46,2025-12-07,15,34485.00
46,2025-12-08,13,29887.00
46,2025-12-09,13,29887.00
46,2025-12-10,13,29887.00
46,2025-12-11,13,29887.00
46,2025-12-12,13,29887.00
46,2025-12-13,15,34485.00
46,2025-12-14,15,34485.00
46,2025-12-15,13,29887.00
46,2025-12-16,13,29887.00
46,2025-12-17,13,29887.00
46,2025-12-18,13,29887.00
46,2025-12-19,13,29887.00
46,2025-12-20,15,34485.00
46,2025-12-21,15,34485.00
46,2025-12-22,13,29887.00
46,2025-12-23,13,29887.00
46,2025-12-24,13,29887.00
46,2025-12-25,13,29887.00
46,2025-12-26,13,29887.00
46,2025-12-27,15,34485.00
46,2025-12-28,15,34485.00
46,2025-12-29,13,29887.00
46,2025-12-30,13,29887.00
46,2025-12-31,13,29887.00
46,2026-01-01,11,25289.00
46,2026-01-02,11,25289.00
46,2026-01-03,13,29887.00
46,2026-01-04,13,29887.00
46,2026-01-05,11,25289.00
46,2026-01-06,11,25289.00
46,2026-01-07,11,25289.00
46,2026-01-08,11,25289.00
46,2026-01-09,11,25289.00
46,2026-01-10,13,29887.00
46,2026-01-11,13,29887.00
46,2026-01-12,11,25289.00
46,2026-01-13,11,25289.00
46,2026-01-14,11,25289.00
46,2026-01-15,11,25289.00
46,2026-01-16,11,25289.00
46,2026-01-17,13,29887.00
46,2026-01-18,13,29887.00
46,2026-01-19,11,25289.00
46,2026-01-20,11,25289.00
46,2026-01-21,11,25289.00
46,2026-01-22,11,25289.00
46,2026-01-23,11,25289.00
46,2026-01-24,13,29887.00
46,2026-01-25,13,29887.00
46,2026-01-26,11,25289.00
46,2026-01-27,11,25289.00
46,2026-01-28,11,25289.00
46,2026-01-29,11,25289.00
46,2026-01-30,11,25289.00
46,2026-01-31,13,29887.00
46,2026-02-01,13,29887.00
46,2026-02-02,11,25289.00
46,2026-02-03,11,25289.00
46,2026-02-04,11,25289.00
46,2026-02-05,11,25289.00
46,2026-02-06,11,25289.00
46,2026-02-07,13,29887.00
46,2026-02-08,13,29887.00
46,2026-02-09,11,25289.00
46,2026-02-10,11,25289.00
46,2026-02-11,11,25289.00
46,2026-02-12,11,25289.00
46,2026-02-13,11,25289.00
46,2026-02-14,13,29887.00
46,2026-02-15,13,29887.00
46,2026-02-16,11,25289.00
46,2026-02-17,11,25289.00
46,2026-02-18,11,25289.00
46,2026-02-19,11,25289.00
46,2026-02-20,11,25289.00
46,2026-02-21,13,29887.00
46,2026-02-22,13,29887.00
46,2026-02-23,11,25289.00
46,2026-02-24,11,25289.00
46,2026-02-25,11,25289.00
46,2026-02-26,11,25289.00
46,2026-02-27,11,25289.00
46,2026-02-28,13,29887.00
46,2026-03-01,13,29887.00
46,2026-03-02,11,25289.00
46,2026-03-03,11,25289.00
46,2026-03-04,11,25289.00
46,2026-03-05,11,25289.00
46,2026-03-06,11,25289.00
46,2026-03-07,13,29887.00
46,2026-03-08,13,29887.00
46,2026-03-09,11,25289.00
46,2026-03-10,11,25289.00
46,2026-03-11,11,25289.00
46,2026-03-12,11,25289.00
46,2026-03-13,11,25289.00
46,2026-03-14,13,29887.00
46,2026-03-15,13,29887.00
46,2026-03-16,11,25289.00
46,2026-03-17,11,25289.00
46,2026-03-18,11,25289.00
46,2026-03-19,11,25289.00
46,2026-03-20,11,25289.00
46,2026-03-21,13,29887.00
46,2026-03-22,13,29887.00
46,2026-03-23,11,25289.00
46,2026-03-24,11,25289.00
46,2026-03-25,11,25289.00
46,2026-03-26,11,25289.00
46,2026-03-27,11,25289.00
46,2026-03-28,13,29887.00
46,2026-03-29,13,29887.00
46,2026-03-30,11,25289.00
46,2026-03-31,11,25289.00
46,2026-04-01,11,25289.00
46,2026-04-02,11,25289.00
46,2026-04-03,11,25289.00
46,2026-04-04,13,29887.00
46,2026-04-05,13,29887.00
46,2026-04-06,11,25289.00
46,2026-04-07,11,25289.00
46,2026-04-08,11,25289.00
46,2026-04-09,11,25289.00
46,2026-04-10,11,25289.00
46,2026-04-11,13,29887.00
46,2026-04-12,13,29887.00
46,2026-04-13,11,25289.00
46,2026-04-14,11,25289.00
46,2026-04-15,11,25289.00
46,2026-04-16,11,25289.00
46,2026-04-17,11,25289.00
46,2026-04-18,13,29887.00
46,2026-04-19,13,29887.00
46,2026-04-20,11,25289.00
46,2026-04-21,11,25289.00
46,2026-04-22,11,25289.00
46,2026-04-23,11,25289.00
46,2026-04-24,11,25289.00
46,2026-04-25,13,29887.00
46,2026-04-26,13,29887.00
46,2026-04-27,11,25289.00
46,2026-04-28,11,25289.00
46,2026-04-29,11,25289.00
46,2026-04-30,11,25289.00
46,2026-05-01,11,25289.00
46,2026-05-02,13,29887.00
46,2026-05-03,13,29887.00
46,2026-05-04,11,25289.00
46,2026-05-05,11,25289.00
46,2026-05-06,11,25289.00
46,2026-05-07,11,25289.00
46,2026-05-08,11,25289.00
46,2026-05-09,13,29887.00
46,2026-05-10,13,29887.00
46,2026-05-11,11,25289.00
46,2026-05-12,11,25289.00
46,2026-05-13,11,25289.00
46,2026-05-14,11,25289.00
46,2026-05-15,11,25289.00
46,2026-05-16,13,29887.00
46,2026-05-17,13,29887.00
46,2026-05-18,11,25289.00
46,2026-05-19,11,25289.00
46,2026-05-20,11,25289.00
46,2026-05-21,11,25289.00
46,2026-05-22,11,25289.00
46,2026-05-23,13,29887.00
46,2026-05-24,13,29887.00
46,2026-05-25,11,25289.00
46,2026-05-26,11,25289.00
46,2026-05-27,11,25289.00
46,2026-05-28,11,25289.00
46,2026-05-29,11,25289.00
46,2026-05-30,13,29887.00
46,2026-05-31,13,29887.00
46,2026-06-01,11,25289.00
46,2026-06-02,11,25289.00
46,2026-06-03,11,25289.00
46,2026-06-04,11,25289.00
46,2026-06-05,11,25289.00
46,2026-06-06,13,29887.00
46,2026-06-07,13,29887.00
46,2026-06-08,11,25289.00
46,2026-06-09,11,25289.00
46,2026-06-10,11,25289.00
46,2026-06-11,11,25289.00
46,2026-06-12,11,25289.00
46,2026-06-13,13,29887.00
46,2026-06-14,13,29887.00
46,2026-06-15,11,25289.00
46,2026-06-16,11,25289.00
46,2026-06-17,11,25289.00
46,2026-06-18,11,25289.00
46,2026-06-19,11,25289.00
46,2026-06-20,13,29887.00
46,2026-06-21,13,29887.00
46,2026-06-22,11,25289.00
46,2026-06-23,11,25289.00
46,2026-06-24,11,25289.00
46,2026-06-25,11,25289.00
46,2026-06-26,11,25289.00
46,2026-06-27,13,29887.00
46,2026-06-28,13,29887.00
46,2026-06-29,11,25289.00
46,2026-06-30,11,25289.00
46,2026-07-01,11,25289.00
46,2026-07-02,11,25289.00
46,2026-07-03,11,25289.00
46,2026-07-04,13,29887.00
46,2026-07-05,13,29887.00
46,2026-07-06,11,25289.00
46,2026-07-07,11,25289.00
46,2026-07-08,11,25289.00
46,2026-07-09,11,25289.00
46,2026-07-10,11,25289.00
46,2026-07-11,13,29887.00
46,2026-07-12,13,29887.00
46,2026-07-13,11,25289.00
46,2026-07-14,11,25289.00
46,2026-07-15,11,25289.00
46,2026-07-16,11,25289.00
46,2026-07-17,11,25289.00
46,2026-07-18,13,29887.00
46,2026-07-19,13,29887.00
46,2026-07-20,11,25289.00
46,2026-07-21,11,25289.00
46,2026-07-22,11,25289.00
46,2026-07-23,11,25289.00
46,2026-07-24,11,25289.00
46,2026-07-25,13,29887.00
46,2026-07-26,13,29887.00
46,2026-07-27,11,25289.00
46,2026-07-28,11,25289.00
46,2026-07-29,11,25289.00
46,2026-07-30,11,25289.00
46,2026-07-31,11,25289.00
46,2026-08-01,13,29887.00
46,2026-08-02,13,29887.00
46,2026-08-03,11,25289.00
46,2026-08-04,11,25289.00
46,2026-08-05,11,25289.00
46,2026-08-06,11,25289.00
46,2026-08-07,11,25289.00
46,2026-08-08,13,29887.00
46,2026-08-09,13,29887.00
46,2026-08-10,11,25289.00
46,2026-08-11,11,25289.00
46,2026-08-12,11,25289.00
46,2026-08-13,11,25289.00
46,2026-08-14,11,25289.00
46,2026-08-15,13,29887.00
46,2026-08-16,13,29887.00
46,2026-08-17,11,25289.00
46,2026-08-18,11,25289.00
46,2026-08-19,11,25289.00
46,2026-08-20,11,25289.00
46,2026-08-21,11,25289.00
46,2026-08-22,13,29887.00
46,2026-08-23,13,29887.00
46,2026-08-24,11,25289.00
46,2026-08-25,11,25289.00
46,2026-08-26,11,25289.00
46,2026-08-27,11,25289.00
46,2026-08-28,11,25289.00
46,2026-08-29,13,29887.00
46,2026-08-30,13,29887.00
46,2026-08-31,11,25289.00
46,2026-09-01,11,25289.00
46,2026-09-02,11,25289.00
46,2026-09-03,11,25289.00
46,2026-09-04,11,25289.00
46,2026-09-05,13,29887.00
46,2026-09-06,13,29887.00
46,2026-09-07,11,25289.00
46,2026-09-08,11,25289.00
46,2026-09-09,11,25289.00
46,2026-09-10,11,25289.00
46,2026-09-11,11,25289.00
46,2026-09-12,13,29887.00
46,2026-09-13,13,29887.00
46,2026-09-14,11,25289.00
46,2026-09-15,11,25289.00
46,2026-09-16,11,25289.00
46,2026-09-17,11,25289.00
46,2026-09-18,11,25289.00
46,2026-09-19,13,29887.00
46,2026-09-20,13,29887.00
46,2026-09-21,11,25289.00
46,2026-09-22,11,25289.00
46,2026-09-23,11,25289.00
46,2026-09-24,11,25289.00
46,2026-09-25,11,25289.00
46,2026-09-26,13,29887.00
46,2026-09-27,13,29887.00
46,2026-09-28,11,25289.00
46,2026-09-29,11,25289.00
47,2025-09-30,16,63984.00
47,2025-10-01,23,91977.00
47,2025-10-02,23,91977.00
47,2025-10-03,23,91977.00
47,2025-10-04,27,107973.00
47,2025-10-05,26,103974.00
47,2025-10-06,23,91977.00
47,2025-10-07,23,91977.00
47,2025-10-08,23,91977.00
47,2025-10-09,23,91977.00
47,2025-10-10,23,91977.00
47,2025-10-11,27,107973.00
47,2025-10-12,26,103974.00
47,2025-10-13,23,91977.00
47,2025-10-14,23,91977.00
47,2025-10-15,23,91977.00
47,2025-10-16,23,91977.00
47,2025-10-17,23,91977.00
47,2025-10-18,27,107973.00
47,2025-10-19,26,103974.00
47,2025-10-20,23,91977.00
47,2025-10-21,23,91977.00
47,2025-10-22,23,91977.00
47,2025-10-23,23,91977.00
47,2025-10-24,23,91977.00
47,2025-10-25,27,107973.00
47,2025-10-26,26,103974.00
47,2025-10-27,23,91977.00
47,2025-10-28,23,91977.00
47,2025-10-29,23,91977.00
47,2025-10-30,23,91977.00
47,2025-10-31,23,91977.00
47,2025-11-01,27,107973.00
47,2025-11-02,26,103974.00
47,2025-11-03,23,91977.00
47,2025-11-04,23,91977.00
47,2025-11-05,23,91977.00
47,2025-11-06,23,91977.00
47,2025-11-07,23,91977.00
47,2025-11-08,27,107973.00
47,2025-11-09,26,103974.00
47,2025-11-10,23,91977.00
47,2025-11-11,23,91977.00
47,2025-11-12,23,91977.00
47,2025-11-13,23,91977.00
47,2025-11-14,23,91977.00
47,2025-11-15,27,107973.00
47,2025-11-16,26,103974.00
47,2025-11-17,23,91977.00
47,2025-11-18,23,91977.00
47,2025-11-19,23,91977.00
47,2025-11-20,23,91977.00
47,2025-11-21,23,91977.00
47,2025-11-22,27,107973.00
47,2025-11-23,26,103974.00
47,2025-11-24,23,91977.00
47,2025-11-25,23,91977.00
47,2025-11-26,23,91977.00
47,2025-11-27,23,91977.00
47,2025-11-28,23,91977.00
47,2025-11-29,27,107973.00
47,2025-11-30,26,103974.00
47,2025-12-01,18,71982.00
47,2025-12-02,18,71982.00
47,2025-12-03,18,71982.00
47,2025-12-04,18,71982.00
47,2025-12-05,18,71982.00
47,2025-12-06,22,87978.00
47,2025-12-07,21,83979.00
47,2025-12-08,18,71982.00
47,2025-12-09,18,71982.00
47,2025-12-10,18,71982.00
47,2025-12-11,18,71982.00
47,2025-12-12,18,71982.00
47,2025-12-13,22,87978.00
47,2025-12-14,21,83979.00
47,2025-12-15,18,71982.00
47,2025-12-16,18,71982.00
47,2025-12-17,18,71982.00
47,2025-12-18,18,71982.00
47,2025-12-19,18,71982.00
47,2025-12-20,22,87978.00
47,2025-12-21,21,83979.00
47,2025-12-22,18,71982.00
47,2025-12-23,18,71982.00
47,2025-12-24,18,71982.00
47,2025-12-25,18,71982.00
47,2025-12-26,18,71982.00
47,2025-12-27,22,87978.00
47,2025-12-28,21,83979.00
47,2025-12-29,18,71982.00
47,2025-12-30,18,71982.00
47,2025-12-31,18,71982.00
47,2026-01-01,16,63984.00
47,2026-01-02,16,63984.00
47,2026-01-03,19,75981.00
47,2026-01-04,18,71982.00
47,2026-01-05,16,63984.00
47,2026-01-06,16,63984.00
47,2026-01-07,16,63984.00
47,2026-01-08,16,63984.00
47,2026-01-09,16,63984.00
47,2026-01-10,19,75981.00
47,2026-01-11,18,71982.00
47,2026-01-12,16,63984.00
47,2026-01-13,16,63984.00
47,2026-01-14,16,63984.00
47,2026-01-15,16,63984.00
47,2026-01-16,16,63984.00
47,2026-01-17,19,75981.00
47,2026-01-18,18,71982.00
47,2026-01-19,16,63984.00
47,2026-01-20,16,63984.00
47,2026-01-21,16,63984.00
47,2026-01-22,16,63984.00
47,2026-01-23,16,63984.00
47,2026-01-24,19,75981.00
47,2026-01-25,18,71982.00
47,2026-01-26,16,63984.00
47,2026-01-27,16,63984.00
47,2026-01-28,16,63984.00
47,2026-01-29,16,63984.00
47,2026-01-30,16,63984.00
47,2026-01-31,19,75981.00
47,2026-02-01,18,71982.00
47,2026-02-02,16,63984.00
47,2026-02-03,16,63984.00
47,2026-02-04,16,63984.00
47,2026-02-05,16,63984.00
47,2026-02-06,16,63984.00
47,2026-02-07,19,75981.00
47,2026-02-08,18,71982.00
47,2026-02-09,16,63984.00
47,2026-02-10,16,63984.00
47,2026-02-11,16,63984.00
47,2026-02-12,16,63984.00
47,2026-02-13,16,63984.00
47,2026-02-14,19,75981.00
47,2026-02-15,18,71982.00
47,2026-02-16,16,63984.00
47,2026-02-17,16,63984.00
47,2026-02-18,16,63984.00
47,2026-02-19,16,63984.00
47,2026-02-20,16,63984.00
47,2026-02-21,19,75981.00
47,2026-02-22,18,71982.00
47,2026-02-23,16,63984.00
47,2026-02-24,16,63984.00
47,2026-02-25,16,63984.00
47,2026-02-26,16,63984.00
47,2026-02-27,16,63984.00
47,2026-02-28,19,75981.00
47,2026-03-01,18,71982.00
47,2026-03-02,16,63984.00
47,2026-03-03,16,63984.00
47,2026-03-04,16,63984.00
47,2026-03-05,16,63984.00
47,2026-03-06,16,63984.00
47,2026-03-07,19,75981.00
47,2026-03-08,18,71982.00
47,2026-03-09,16,63984.00
47,2026-03-10,16,63984.00
47,2026-03-11,16,63984.00
47,2026-03-12,16,63984.00
47,2026-03-13,16,63984.00
47,2026-03-14,19,75981.00
47,2026-03-15,18,71982.00
47,2026-03-16,16,63984.00
47,2026-03-17,16,63984.00
47,2026-03-18,16,63984.00
47,2026-03-19,16,63984.00
47,2026-03-20,16,63984.00
47,2026-03-21,19,75981.00
47,2026-03-22,18,71982.00
47,2026-03-23,16,63984.00
47,2026-03-24,16,63984.00
47,2026-03-25,16,63984.00
47,2026-03-26,16,63984.00
47,2026-03-27,16,63984.00
47,2026-03-28,19,75981.00
47,2026-03-29,18,71982.00
47,2026-03-30,16,63984.00
47,2026-03-31,16,63984.00
47,2026-04-01,16,63984.00
47,2026-04-02,16,63984.00
47,2026-04-03,16,63984.00
47,2026-04-04,19,75981.00
47,2026-04-05,18,71982.00
47,2026-04-06,16,63984.00
47,2026-04-07,16,63984.00
47,2026-04-08,16,63984.00
47,2026-04-09,16,63984.00
47,2026-04-10,16,63984.00
47,2026-04-11,19,75981.00
47,2026-04-12,18,71982.00
47,2026-04-13,16,63984.00
47,2026-04-14,16,63984.00
47,2026-04-15,16,63984.00
47,2026-04-16,16,63984.00
47,2026-04-17,16,63984.00
47,2026-04-18,19,75981.00
47,2026-04-19,18,71982.00
47,2026-04-20,16,63984.00
47,2026-04-21,16,63984.00
47,2026-04-22,16,63984.00
47,2026-04-23,16,63984.00
47,2026-04-24,16,63984.00
47,2026-04-25,19,75981.00
47,2026-04-26,18,71982.00
47,2026-04-27,16,63984.00
47,2026-04-28,16,63984.00
47,2026-04-29,16,63984.00
47,2026-04-30,16,63984.00
47,2026-05-01,16,63984.00
47,2026-05-02,19,75981.00
47,2026-05-03,18,71982.00
47,2026-05-04,16,63984.00
47,2026-05-05,16,63984.00
47,2026-05-06,16,63984.00
47,2026-05-07,16,63984.00
47,2026-05-08,16,63984.00
47,2026-05-09,19,75981.00
47,2026-05-10,18,71982.00
47,2026-05-11,16,63984.00
47,2026-05-12,16,63984.00
47,2026-05-13,16,63984.00
47,2026-05-14,16,63984.00
47,2026-05-15,16,63984.00
47,2026-05-16,19,75981.00
47,2026-05-17,18,71982.00
47,2026-05-18,16,63984.00
47,2026-05-19,16,63984.00
47,2026-05-20,16,63984.00
47,2026-05-21,16,63984.00
47,2026-05-22,16,63984.00
47,2026-05-23,19,75981.00
47,2026-05-24,18,71982.00
47,2026-05-25,16,63984.00
47,2026-05-26,16,63984.00
47,2026-05-27,16,63984.00
47,2026-05-28,16,63984.00
47,2026-05-29,16,63984.00
47,2026-05-30,19,75981.00
47,2026-05-31,18,71982.00
47,2026-06-01,16,63984.00
47,2026-06-02,16,63984.00
47,2026-06-03,16,63984.00
47,2026-06-04,16,63984.00
47,2026-06-05,16,63984.00
47,2026-06-06,19,75981.00
47,2026-06-07,18,71982.00
47,2026-06-08,16,63984.00
47,2026-06-09,16,63984.00
47,2026-06-10,16,63984.00
47,2026-06-11,16,63984.00
47,2026-06-12,16,63984.00
47,2026-06-13,19,75981.00
47,2026-06-14,18,71982.00
47,2026-06-15,16,63984.00
47,2026-06-16,16,63984.00
47,2026-06-17,16,63984.00
47,2026-06-18,16,63984.00
47,2026-06-19,16,63984.00
47,2026-06-20,19,75981.00
47,2026-06-21,18,71982.00
47,2026-06-22,16,63984.00
47,2026-06-23,16,63984.00
47,2026-06-24,16,63984.00
47,2026-06-25,16,63984.00
47,2026-06-26,16,63984.00
47,2026-06-27,19,75981.00
47,2026-06-28,18,71982.00
47,2026-06-29,16,63984.00
47,2026-06-30,16,63984.00
47,2026-07-01,16,63984.00
47,2026-07-02,16,63984.00
47,2026-07-03,16,63984.00
47,2026-07-04,19,75981.00
47,2026-07-05,18,71982.00
47,2026-07-06,16,63984.00
47,2026-07-07,16,63984.00
47,2026-07-08,16,63984.00
47,2026-07-09,16,63984.00
47,2026-07-10,16,63984.00
47,2026-07-11,19,75981.00
47,2026-07-12,18,71982.00
47,2026-07-13,16,63984.00
47,2026-07-14,16,63984.00
47,2026-07-15,16,63984.00
47,2026-07-16,16,63984.00
47,2026-07-17,16,63984.00
47,2026-07-18,19,75981.00
47,2026-07-19,18,71982.00
47,2026-07-20,16,63984.00
47,2026-07-21,16,63984.00
47,2026-07-22,16,63984.00
47,2026-07-23,16,63984.00
47,2026-07-24,16,63984.00
47,2026-07-25,19,75981.00
47,2026-07-26,18,71982.00
47,2026-07-27,16,63984.00
47,2026-07-28,16,63984.00
47,2026-07-29,16,63984.00
47,2026-07-30,16,63984.00
47,2026-07-31,16,63984.00
47,2026-08-01,19,75981.00
47,2026-08-02,18,71982.00
47,2026-08-03,16,63984.00
47,2026-08-04,16,63984.00
47,2026-08-05,16,63984.00
47,2026-08-06,16,63984.00
47,2026-08-07,16,63984.00
47,2026-08-08,19,75981.00
47,2026-08-09,18,71982.00
47,2026-08-10,16,63984.00
47,2026-08-11,16,63984.00
47,2026-08-12,16,63984.00
47,2026-08-13,16,63984.00
47,2026-08-14,16,63984.00
47,2026-08-15,19,75981.00
47,2026-08-16,18,71982.00
47,2026-08-17,16,63984.00
47,2026-08-18,16,63984.00
47,2026-08-19,16,63984.00
47,2026-08-20,16,63984.00
47,2026-08-21,16,63984.00
47,2026-08-22,19,75981.00
47,2026-08-23,18,71982.00
47,2026-08-24,16,63984.00
47,2026-08-25,16,63984.00
47,2026-08-26,16,63984.00
47,2026-08-27,16,63984.00
47,2026-08-28,16,63984.00
47,2026-08-29,19,75981.00
47,2026-08-30,18,71982.00
47,2026-08-31,16,63984.00
47,2026-09-01,16,63984.00
47,2026-09-02,16,63984.00
47,2026-09-03,16,63984.00
47,2026-09-04,16,63984.00
47,2026-09-05,19,75981.00
47,2026-09-06,18,71982.00
47,2026-09-07,16,63984.00
47,2026-09-08,16,63984.00
47,2026-09-09,16,63984.00
47,2026-09-10,16,63984.00
47,2026-09-11,16,63984.00
47,2026-09-12,19,75981.00
47,2026-09-13,18,71982.00
47,2026-09-14,16,63984.00
47,2026-09-15,16,63984.00
47,2026-09-16,16,63984.00
47,2026-09-17,16,63984.00
47,2026-09-18,16,63984.00
47,2026-09-19,19,75981.00
47,2026-09-20,18,71982.00
47,2026-09-21,16,63984.00
47,2026-09-22,16,63984.00
47,2026-09-23,16,63984.00
47,2026-09-24,16,63984.00
47,2026-09-25,16,63984.00
47,2026-09-26,19,75981.00
47,2026-09-27,18,71982.00
47,2026-09-28,16,63984.00
47,2026-09-29,16,63984.00
48,2025-09-30,17,45883.00
48,2025-10-01,25,67475.00
48,2025-10-02,25,67475.00
48,2025-10-03,25,67475.00
48,2025-10-04,29,78271.00
48,2025-10-05,28,75572.00
48,2025-10-06,25,67475.00
48,2025-10-07,25,67475.00
48,2025-10-08,25,67475.00
48,2025-10-09,25,67475.00
48,2025-10-10,25,67475.00
48,2025-10-11,29,78271.00
48,2025-10-12,28,75572.00
48,2025-10-13,25,67475.00
48,2025-10-14,25,67475.00
48,2025-10-15,25,67475.00
48,2025-10-16,25,67475.00
48,2025-10-17,25,67475.00
48,2025-10-18,29,78271.00
48,2025-10-19,28,75572.00
48,2025-10-20,25,67475.00
48,2025-10-21,25,67475.00
48,2025-10-22,25,67475.00
48,2025-10-23,25,67475.00
48,2025-10-24,25,67475.00
48,2025-10-25,29,78271.00
48,2025-10-26,28,75572.00
48,2025-10-27,25,67475.00
48,2025-10-28,25,67475.00
48,2025-10-29,25,67475.00
48,2025-10-30,25,67475.00
48,2025-10-31,25,67475.00
48,2025-11-01,29,78271.00
48,2025-11-02,28,75572.00
48,2025-11-03,25,67475.00
48,2025-11-04,25,67475.00
48,2025-11-05,25,67475.00
48,2025-11-06,25,67475.00
48,2025-11-07,25,67475.00
48,2025-11-08,29,78271.00
48,2025-11-09,28,75572.00
48,2025-11-10,25,67475.00
48,2025-11-11,25,67475.00
48,2025-11-12,25,67475.00
48,2025-11-13,25,67475.00
48,2025-11-14,25,67475.00
48,2025-11-15,29,78271.00
48,2025-11-16,28,75572.00
48,2025-11-17,25,67475.00
48,2025-11-18,25,67475.00
48,2025-11-19,25,67475.00
48,2025-11-20,25,67475.00
48,2025-11-21,25,67475.00
48,2025-11-22,29,78271.00
48,2025-11-23,28,75572.00
48,2025-11-24,25,67475.00
48,2025-11-25,25,67475.00
48,2025-11-26,25,67475.00
48,2025-11-27,25,67475.00
48,2025-11-28,25,67475.00
48,2025-11-29,29,78271.00
48,2025-11-30,28,75572.00
48,2025-12-01,20,53980.00
48,2025-12-02,20,53980.00
48,2025-12-03,20,53980.00
48,2025-12-04,20,53980.00
48,2025-12-05,20,53980.00
48,2025-12-06,24,64776.00
48,2025-12-07,23,62077.00
48,2025-12-08,20,53980.00
48,2025-12-09,20,53980.00
48,2025-12-10,20,53980.00
48,2025-12-11,20,53980.00
48,2025-12-12,20,53980.00
48,2025-12-13,24,64776.00
48,2025-12-14,23,62077.00
48,2025-12-15,20,53980.00
48,2025-12-16,20,53980.00
48,2025-12-17,20,53980.00
48,2025-12-18,20,53980.00
48,2025-12-19,20,53980.00
48,2025-12-20,24,64776.00
48,2025-12-21,23,62077.00
48,2025-12-22,20,53980.00
48,2025-12-23,20,53980.00
48,2025-12-24,20,53980.00
48,2025-12-25,20,53980.00
48,2025-12-26,20,53980.00
48,2025-12-27,24,64776.00
48,2025-12-28,23,62077.00
48,2025-12-29,20,53980.00
48,2025-12-30,20,53980.00
48,2025-12-31,20,53980.00
48,2026-01-01,17,45883.00
48,2026-01-02,17,45883.00
48,2026-01-03,20,53980.00
48,2026-01-04,20,53980.00
48,2026-01-05,17,45883.00
48,2026-01-06,17,45883.00
48,2026-01-07,17,45883.00
48,2026-01-08,17,45883.00
48,2026-01-09,17,45883.00
48,2026-01-10,20,53980.00
48,2026-01-11,20,53980.00
48,2026-01-12,17,45883.00
48,2026-01-13,17,45883.00
48,2026-01-14,17,45883.00
48,2026-01-15,17,45883.00
48,2026-01-16,17,45883.00
48,2026-01-17,20,53980.00
48,2026-01-18,20,53980.00
48,2026-01-19,17,45883.00
48,2026-01-20,17,45883.00
48,2026-01-21,17,45883.00
48,2026-01-22,17,45883.00
48,2026-01-23,17,45883.00
48,2026-01-24,20,53980.00
48,2026-01-25,20,53980.00
48,2026-01-26,17,45883.00
48,2026-01-27,17,45883.00
48,2026-01-28,17,45883.00
48,2026-01-29,17,45883.00
48,2026-01-30,17,45883.00
48,2026-01-31,20,53980.00
48,2026-02-01,20,53980.00
48,2026-02-02,17,45883.00
48,2026-02-03,17,45883.00
48,2026-02-04,17,45883.00
48,2026-02-05,17,45883.00
48,2026-02-06,17,45883.00
48,2026-02-07,20,53980.00
48,2026-02-08,20,53980.00
48,2026-02-09,17,45883.00
48,2026-02-10,17,45883.00
48,2026-02-11,17,45883.00
48,2026-02-12,17,45883.00
48,2026-02-13,17,45883.00
48,2026-02-14,20,53980.00
48,2026-02-15,20,53980.00
48,2026-02-16,17,45883.00
48,2026-02-17,17,45883.00
48,2026-02-18,17,45883.00
48,2026-02-19,17,45883.00
48,2026-02-20,17,45883.00
48,2026-02-21,20,53980.00
48,2026-02-22,20,53980.00
48,2026-02-23,17,45883.00
48,2026-02-24,17,45883.00
48,2026-02-25,17,45883.00
48,2026-02-26,17,45883.00
48,2026-02-27,17,45883.00
48,2026-02-28,20,53980.00
48,2026-03-01,20,53980.00
48,2026-03-02,17,45883.00
48,2026-03-03,17,45883.00
48,2026-03-04,17,45883.00
48,2026-03-05,17,45883.00
48,2026-03-06,17,45883.00
48,2026-03-07,20,53980.00
48,2026-03-08,20,53980.00
48,2026-03-09,17,45883.00
48,2026-03-10,17,45883.00
48,2026-03-11,17,45883.00
48,2026-03-12,17,45883.00
48,2026-03-13,17,45883.00
48,2026-03-14,20,53980.00
48,2026-03-15,20,53980.00
48,2026-03-16,17,45883.00
48,2026-03-17,17,45883.00
48,2026-03-18,17,45883.00
48,2026-03-19,17,45883.00
48,2026-03-20,17,45883.00
48,2026-03-21,20,53980.00
48,2026-03-22,20,53980.00
48,2026-03-23,17,45883.00
48,2026-03-24,17,45883.00
48,2026-03-25,17,45883.00
48,2026-03-26,17,45883.00
48,2026-03-27,17,45883.00
48,2026-03-28,20,53980.00
48,2026-03-29,20,53980.00
48,2026-03-30,17,45883.00
48,2026-03-31,17,45883.00
48,2026-04-01,17,45883.00
48,2026-04-02,17,45883.00
48,2026-04-03,17,45883.00
48,2026-04-04,20,53980.00
48,2026-04-05,20,53980.00
48,2026-04-06,17,45883.00
48,2026-04-07,17,45883.00
48,2026-04-08,17,45883.00
48,2026-04-09,17,45883.00
48,2026-04-10,17,45883.00
48,2026-04-11,20,53980.00
48,2026-04-12,20,53980.00
48,2026-04-13,17,45883.00
48,2026-04-14,17,45883.00
48,2026-04-15,17,45883.00
48,2026-04-16,17,45883.00
48,2026-04-17,17,45883.00
48,2026-04-18,20,53980.00
48,2026-04-19,20,53980.00
48,2026-04-20,17,45883.00
48,2026-04-21,17,45883.00
48,2026-04-22,17,45883.00
48,2026-04-23,17,45883.00
48,2026-04-24,17,45883.00
48,2026-04-25,20,53980.00
48,2026-04-26,20,53980.00
48,2026-04-27,17,45883.00
48,2026-04-28,17,45883.00
48,2026-04-29,17,45883.00
48,2026-04-30,17,45883.00
48,2026-05-01,17,45883.00
48,2026-05-02,20,53980.00
48,2026-05-03,20,53980.00
48,2026-05-04,17,45883.00
48,2026-05-05,17,45883.00
48,2026-05-06,17,45883.00
48,2026-05-07,17,45883.00
48,2026-05-08,17,45883.00
48,2026-05-09,20,53980.00
48,2026-05-10,20,53980.00
48,2026-05-11,17,45883.00
48,2026-05-12,17,45883.00
48,2026-05-13,17,45883.00
48,2026-05-14,17,45883.00
48,2026-05-15,17,45883.00
48,2026-05-16,20,53980.00
48,2026-05-17,20,53980.00
48,2026-05-18,17,45883.00
48,2026-05-19,17,45883.00
48,2026-05-20,17,45883.00
48,2026-05-21,17,45883.00
48,2026-05-22,17,45883.00
48,2026-05-23,20,53980.00
48,2026-05-24,20,53980.00
48,2026-05-25,17,45883.00
48,2026-05-26,17,45883.00
48,2026-05-27,17,45883.00
48,2026-05-28,17,45883.00
48,2026-05-29,17,45883.00
48,2026-05-30,20,53980.00
48,2026-05-31,20,53980.00
48,2026-06-01,17,45883.00
48,2026-06-02,17,45883.00
48,2026-06-03,17,45883.00
48,2026-06-04,17,45883.00
48,2026-06-05,17,45883.00
48,2026-06-06,20,53980.00
48,2026-06-07,20,53980.00
48,2026-06-08,17,45883.00
48,2026-06-09,17,45883.00
48,2026-06-10,17,45883.00
48,2026-06-11,17,45883.00
48,2026-06-12,17,45883.00
48,2026-06-13,20,53980.00
48,2026-06-14,20,53980.00
48,2026-06-15,17,45883.00
48,2026-06-16,17,45883.00
48,2026-06-17,17,45883.00
48,2026-06-18,17,45883.00
48,2026-06-19,17,45883.00
48,2026-06-20,20,53980.00
48,2026-06-21,20,53980.00
48,2026-06-22,17,45883.00
48,2026-06-23,17,45883.00
48,2026-06-24,17,45883.00
48,2026-06-25,17,45883.00
48,2026-06-26,17,45883.00
48,2026-06-27,20,53980.00
48,2026-06-28,20,53980.00
48,2026-06-29,17,45883.00
48,2026-06-30,17,45883.00
48,2026-07-01,17,45883.00
48,2026-07-02,17,45883.00
48,2026-07-03,17,45883.00
48,2026-07-04,20,53980.00
48,2026-07-05,20,53980.00
48,2026-07-06,17,45883.00
48,2026-07-07,17,45883.00
48,2026-07-08,17,45883.00
48,2026-07-09,17,45883.00
48,2026-07-10,17,45883.00
48,2026-07-11,20,53980.00
48,2026-07-12,20,53980.00
48,2026-07-13,17,45883.00
48,2026-07-14,17,45883.00
48,2026-07-15,17,45883.00
48,2026-07-16,17,45883.00
48,2026-07-17,17,45883.00
48,2026-07-18,20,53980.00
48,2026-07-19,20,53980.00
48,2026-07-20,17,45883.00
48,2026-07-21,17,45883.00
48,2026-07-22,17,45883.00
48,2026-07-23,17,45883.00
48,2026-07-24,17,45883.00
48,2026-07-25,20,53980.00
48,2026-07-26,20,53980.00
48,2026-07-27,17,45883.00
48,2026-07-28,17,45883.00
48,2026-07-29,17,45883.00
48,2026-07-30,17,45883.00
48,2026-07-31,17,45883.00
48,2026-08-01,20,53980.00
48,2026-08-02,20,53980.00
48,2026-08-03,17,45883.00
48,2026-08-04,17,45883.00
48,2026-08-05,17,45883.00
48,2026-08-06,17,45883.00
48,2026-08-07,17,45883.00
48,2026-08-08,20,53980.00
48,2026-08-09,20,53980.00
48,2026-08-10,17,45883.00
48,2026-08-11,17,45883.00
48,2026-08-12,17,45883.00
48,2026-08-13,17,45883.00
48,2026-08-14,17,45883.00
48,2026-08-15,20,53980.00
48,2026-08-16,20,53980.00
48,2026-08-17,17,45883.00
48,2026-08-18,17,45883.00
48,2026-08-19,17,45883.00
48,2026-08-20,17,45883.00
48,2026-08-21,17,45883.00
48,2026-08-22,20,53980.00
48,2026-08-23,20,53980.00
48,2026-08-24,17,45883.00
48,2026-08-25,17,45883.00
48,2026-08-26,17,45883.00
48,2026-08-27,17,45883.00
48,2026-08-28,17,45883.00
48,2026-08-29,20,53980.00
48,2026-08-30,20,53980.00
48,2026-08-31,17,45883.00
48,2026-09-01,17,45883.00
48,2026-09-02,17,45883.00
48,2026-09-03,17,45883.00
48,2026-09-04,17,45883.00
48,2026-09-05,20,53980.00
48,2026-09-06,20,53980.00
48,2026-09-07,17,45883.00
48,2026-09-08,17,45883.00
48,2026-09-09,17,45883.00
48,2026-09-10,17,45883.00
48,2026-09-11,17,45883.00
48,2026-09-12,20,53980.00
48,2026-09-13,20,53980.00
48,2026-09-14,17,45883.00
48,2026-09-15,17,45883.00
48,2026-09-16,17,45883.00
48,2026-09-17,17,45883.00
48,2026-09-18,17,45883.00
48,2026-09-19,20,53980.00
48,2026-09-20,20,53980.00
48,2026-09-21,17,45883.00
48,2026-09-22,17,45883.00
48,2026-09-23,17,45883.00
48,2026-09-24,17,45883.00
48,2026-09-25,17,45883.00
48,2026-09-26,20,53980.00
48,2026-09-27,20,53980.00
48,2026-09-28,17,45883.00
48,2026-09-29,17,45883.00
49,2025-09-30,11,49489.00
49,2025-10-01,15,67485.00
49,2025-10-02,15,67485.00
49,2025-10-03,15,67485.00
49,2025-10-04,19,85481.00
49,2025-10-05,18,80982.00
49,2025-10-06,15,67485.00
49,2025-10-07,15,67485.00
49,2025-10-08,15,67485.00
49,2025-10-09,15,67485.00
49,2025-10-10,15,67485.00
49,2025-10-11,19,85481.00
49,2025-10-12,18,80982.00
49,2025-10-13,15,67485.00
49,2025-10-14,15,67485.00
49,2025-10-15,15,67485.00
49,2025-10-16,15,67485.00
49,2025-10-17,15,67485.00
49,2025-10-18,19,85481.00
49,2025-10-19,18,80982.00
49,2025-10-20,15,67485.00
49,2025-10-21,15,67485.00
49,2025-10-22,15,67485.00
49,2025-10-23,15,67485.00
49,2025-10-24,15,67485.00
49,2025-10-25,19,85481.00
49,2025-10-26,18,80982.00
49,2025-10-27,15,67485.00
49,2025-10-28,15,67485.00
49,2025-10-29,15,67485.00
49,2025-10-30,15,67485.00
49,2025-10-31,15,67485.00
49,2025-11-01,19,85481.00
49,2025-11-02,18,80982.00
49,2025-11-03,15,67485.00
49,2025-11-04,15,67485.00
49,2025-11-05,15,67485.00
49,2025-11-06,15,67485.00
49,2025-11-07,15,67485.00
49,2025-11-08,19,85481.00
49,2025-11-09,18,80982.00
49,2025-11-10,15,67485.00
49,2025-11-11,15,67485.00
49,2025-11-12,15,67485.00
49,2025-11-13,15,67485.00
49,2025-11-14,15,67485.00
49,2025-11-15,19,85481.00
49,2025-11-16,18,80982.00
49,2025-11-17,15,67485.00
49,2025-11-18,15,67485.00
49,2025-11-19,15,67485.00
49,2025-11-20,15,67485.00
49,2025-11-21,15,67485.00
49,2025-11-22,19,85481.00
49,2025-11-23,18,80982.00
49,2025-11-24,15,67485.00
49,2025-11-25,15,67485.00
49,2025-11-26,15,67485.00
49,2025-11-27,15,67485.00
49,2025-11-28,15,67485.00
49,2025-11-29,19,85481.00
49,2025-11-30,18,80982.00
49,2025-12-01,12,53988.00
49,2025-12-02,12,53988.00
49,2025-12-03,12,53988.00
49,2025-12-04,12,53988.00
49,2025-12-05,12,53988.00
49,2025-12-06,15,67485.00
49,2025-12-07,14,62986.00
49,2025-12-08,12,53988.00
49,2025-12-09,12,53988.00
49,2025-12-10,12,53988.00
49,2025-12-11,12,53988.00
49,2025-12-12,12,53988.00
49,2025-12-13,15,67485.00
49,2025-12-14,14,62986.00
49,2025-12-15,12,53988.00
49,2025-12-16,12,53988.00
49,2025-12-17,12,53988.00
49,2025-12-18,12,53988.00
49,2025-12-19,12,53988.00
49,2025-12-20,15,67485.00
49,2025-12-21,14,62986.00
49,2025-12-22,12,53988.00
49,2025-12-23,12,53988.00
49,2025-12-24,12,53988.00
49,2025-12-25,12,53988.00
49,2025-12-26,12,53988.00
49,2025-12-27,15,67485.00
49,2025-12-28,14,62986.00
49,2025-12-29,12,53988.00
49,2025-12-30,12,53988.00
49,2025-12-31,12,53988.00
49,2026-01-01,11,49489.00
49,2026-01-02,11,49489.00
49,2026-01-03,13,58487.00
49,2026-01-04,12,53988.00
49,2026-01-05,11,49489.00
49,2026-01-06,11,49489.00
49,2026-01-07,11,49489.00
49,2026-01-08,11,49489.00
49,2026-01-09,11,49489.00
49,2026-01-10,13,58487.00
49,2026-01-11,12,53988.00
49,2026-01-12,11,49489.00
49,2026-01-13,11,49489.00
49,2026-01-14,11,49489.00
49,2026-01-15,11,49489.00
49,2026-01-16,11,49489.00
49,2026-01-17,13,58487.00
49,2026-01-18,12,53988.00
49,2026-01-19,11,49489.00
49,2026-01-20,11,49489.00
49,2026-01-21,11,49489.00
49,2026-01-22,11,49489.00
49,2026-01-23,11,49489.00
49,2026-01-24,13,58487.00
49,2026-01-25,12,53988.00
49,2026-01-26,11,49489.00
49,2026-01-27,11,49489.00
49,2026-01-28,11,49489.00
49,2026-01-29,11,49489.00
49,2026-01-30,11,49489.00
49,2026-01-31,13,58487.00
49,2026-02-01,12,53988.00
49,2026-02-02,11,49489.00
49,2026-02-03,11,49489.00
49,2026-02-04,11,49489.00
49,2026-02-05,11,49489.00
49,2026-02-06,11,49489.00
49,2026-02-07,13,58487.00
49,2026-02-08,12,53988.00
49,2026-02-09,11,49489.00
49,2026-02-10,11,49489.00
49,2026-02-11,11,49489.00
49,2026-02-12,11,49489.00
49,2026-02-13,11,49489.00
49,2026-02-14,13,58487.00
49,2026-02-15,12,53988.00
49,2026-02-16,11,49489.00
49,2026-02-17,11,49489.00
49,2026-02-18,11,49489.00
49,2026-02-19,11,49489.00
49,2026-02-20,11,49489.00
49,2026-02-21,13,58487.00
49,2026-02-22,12,53988.00
49,2026-02-23,11,49489.00
49,2026-02-24,11,49489.00
49,2026-02-25,11,49489.00
49,2026-02-26,11,49489.00
49,2026-02-27,11,49489.00
49,2026-02-28,13,58487.00
49,2026-03-01,12,53988.00
49,2026-03-02,11,49489.00
49,2026-03-03,11,49489.00
49,2026-03-04,11,49489.00
49,2026-03-05,11,49489.00
49,2026-03-06,11,49489.00
49,2026-03-07,13,58487.00
49,2026-03-08,12,53988.00
49,2026-03-09,11,49489.00
49,2026-03-10,11,49489.00
49,2026-03-11,11,49489.00
49,2026-03-12,11,49489.00
49,2026-03-13,11,49489.00
49,2026-03-14,13,58487.00
49,2026-03-15,12,53988.00
49,2026-03-16,11,49489.00
49,2026-03-17,11,49489.00
49,2026-03-18,11,49489.00
49,2026-03-19,11,49489.00
49,2026-03-20,11,49489.00
49,2026-03-21,13,58487.00
49,2026-03-22,12,53988.00
49,2026-03-23,11,49489.00
49,2026-03-24,11,49489.00
49,2026-03-25,11,49489.00
49,2026-03-26,11,49489.00
49,2026-03-27,11,49489.00
49,2026-03-28,13,58487.00
49,2026-03-29,12,53988.00
49,2026-03-30,11,49489.00
49,2026-03-31,11,49489.00
49,2026-04-01,11,49489.00
49,2026-04-02,11,49489.00
49,2026-04-03,11,49489.00
49,2026-04-04,13,58487.00
49,2026-04-05,12,53988.00
49,2026-04-06,11,49489.00
49,2026-04-07,11,49489.00
49,2026-04-08,11,49489.00
49,2026-04-09,11,49489.00
49,2026-04-10,11,49489.00
49,2026-04-11,13,58487.00
49,2026-04-12,12,53988.00
49,2026-04-13,11,49489.00
49,2026-04-14,11,49489.00
49,2026-04-15,11,49489.00
49,2026-04-16,11,49489.00
49,2026-04-17,11,49489.00
49,2026-04-18,13,58487.00
49,2026-04-19,12,53988.00
49,2026-04-20,11,49489.00
49,2026-04-21,11,49489.00
49,2026-04-22,11,49489.00
49,2026-04-23,11,49489.00
49,2026-04-24,11,49489.00
49,2026-04-25,13,58487.00
49,2026-04-26,12,53988.00
49,2026-04-27,11,49489.00
49,2026-04-28,11,49489.00
49,2026-04-29,11,49489.00
49,2026-04-30,11,49489.00
49,2026-05-01,11,49489.00
49,2026-05-02,13,58487.00
49,2026-05-03,12,53988.00
49,2026-05-04,11,49489.00
49,2026-05-05,11,49489.00
49,2026-05-06,11,49489.00
49,2026-05-07,11,49489.00
49,2026-05-08,11,49489.00
49,2026-05-09,13,58487.00
49,2026-05-10,12,53988.00
49,2026-05-11,11,49489.00
49,2026-05-12,11,49489.00
49,2026-05-13,11,49489.00
49,2026-05-14,11,49489.00
49,2026-05-15,11,49489.00
49,2026-05-16,13,58487.00
49,2026-05-17,12,53988.00
49,2026-05-18,11,49489.00
49,2026-05-19,11,49489.00
49,2026-05-20,11,49489.00
49,2026-05-21,11,49489.00
49,2026-05-22,11,49489.00
49,2026-05-23,13,58487.00
49,2026-05-24,12,53988.00
49,2026-05-25,11,49489.00
49,2026-05-26,11,49489.00
49,2026-05-27,11,49489.00
49,2026-05-28,11,49489.00
49,2026-05-29,11,49489.00
49,2026-05-30,13,58487.00
49,2026-05-31,12,53988.00
49,2026-06-01,11,49489.00
49,2026-06-02,11,49489.00
49,2026-06-03,11,49489.00
49,2026-06-04,11,49489.00
49,2026-06-05,11,49489.00
49,2026-06-06,13,58487.00
49,2026-06-07,12,53988.00
49,2026-06-08,11,49489.00
49,2026-06-09,11,49489.00
49,2026-06-10,11,49489.00
49,2026-06-11,11,49489.00
49,2026-06-12,11,49489.00
49,2026-06-13,13,58487.00
49,2026-06-14,12,53988.00
49,2026-06-15,11,49489.00
49,2026-06-16,11,49489.00
49,2026-06-17,11,49489.00
49,2026-06-18,11,49489.00
49,2026-06-19,11,49489.00
49,2026-06-20,13,58487.00
49,2026-06-21,12,53988.00
49,2026-06-22,11,49489.00
49,2026-06-23,11,49489.00
49,2026-06-24,11,49489.00
49,2026-06-25,11,49489.00
49,2026-06-26,11,49489.00
49,2026-06-27,13,58487.00
49,2026-06-28,12,53988.00
49,2026-06-29,11,49489.00
49,2026-06-30,11,49489.00
49,2026-07-01,11,49489.00
49,2026-07-02,11,49489.00
49,2026-07-03,11,49489.00
49,2026-07-04,13,58487.00
49,2026-07-05,12,53988.00
49,2026-07-06,11,49489.00
49,2026-07-07,11,49489.00
49,2026-07-08,11,49489.00
49,2026-07-09,11,49489.00
49,2026-07-10,11,49489.00
49,2026-07-11,13,58487.00
49,2026-07-12,12,53988.00
49,2026-07-13,11,49489.00
49,2026-07-14,11,49489.00
49,2026-07-15,11,49489.00
49,2026-07-16,11,49489.00
49,2026-07-17,11,49489.00
49,2026-07-18,13,58487.00
49,2026-07-19,12,53988.00
49,2026-07-20,11,49489.00
49,2026-07-21,11,49489.00
49,2026-07-22,11,49489.00
49,2026-07-23,11,49489.00
49,2026-07-24,11,49489.00
49,2026-07-25,13,58487.00
49,2026-07-26,12,53988.00
49,2026-07-27,11,49489.00
49,2026-07-28,11,49489.00
49,2026-07-29,11,49489.00
49,2026-07-30,11,49489.00
49,2026-07-31,11,49489.00
49,2026-08-01,13,58487.00
49,2026-08-02,12,53988.00
49,2026-08-03,11,49489.00
49,2026-08-04,11,49489.00
49,2026-08-05,11,49489.00
49,2026-08-06,11,49489.00
49,2026-08-07,11,49489.00
49,2026-08-08,13,58487.00
49,2026-08-09,12,53988.00
49,2026-08-10,11,49489.00
49,2026-08-11,11,49489.00
49,2026-08-12,11,49489.00
49,2026-08-13,11,49489.00
49,2026-08-14,11,49489.00
49,2026-08-15,13,58487.00
49,2026-08-16,12,53988.00
49,2026-08-17,11,49489.00
49,2026-08-18,11,49489.00
49,2026-08-19,11,49489.00
49,2026-08-20,11,49489.00
49,2026-08-21,11,49489.00
49,2026-08-22,13,58487.00
49,2026-08-23,12,53988.00
49,2026-08-24,11,49489.00
49,2026-08-25,11,49489.00
49,2026-08-26,11,49489.00
49,2026-08-27,11,49489.00
49,2026-08-28,11,49489.00
49,2026-08-29,13,58487.00
49,2026-08-30,12,53988.00
49,2026-08-31,11,49489.00
49,2026-09-01,11,49489.00
49,2026-09-02,11,49489.00
49,2026-09-03,11,49489.00
49,2026-09-04,11,49489.00
49,2026-09-05,13,58487.00
49,2026-09-06,12,53988.00
49,2026-09-07,11,49489.00
49,2026-09-08,11,49489.00
49,2026-09-09,11,49489.00
49,2026-09-10,11,49489.00
49,2026-09-11,11,49489.00
49,2026-09-12,13,58487.00
49,2026-09-13,12,53988.00
49,2026-09-14,11,49489.00
49,2026-09-15,11,49489.00
49,2026-09-16,11,49489.00
49,2026-09-17,11,49489.00
49,2026-09-18,11,49489.00
49,2026-09-19,13,58487.00
49,2026-09-20,12,53988.00
49,2026-09-21,11,49489.00
49,2026-09-22,11,49489.00
49,2026-09-23,11,49489.00
49,2026-09-24,11,49489.00
49,2026-09-25,11,49489.00
49,2026-09-26,13,58487.00
49,2026-09-27,12,53988.00
49,2026-09-28,11,49489.00
49,2026-09-29,11,49489.00
50,2025-09-30,16,52784.00
50,2025-10-01,24,79176.00
50,2025-10-02,24,79176.00
50,2025-10-03,24,79176.00
50,2025-10-04,28,92372.00
50,2025-10-05,27,89073.00
50,2025-10-06,24,79176.00
50,2025-10-07,24,79176.00
50,2025-10-08,24,79176.00
50,2025-10-09,24,79176.00
50,2025-10-10,24,79176.00
50,2025-10-11,28,92372.00
50,2025-10-12,27,89073.00
50,2025-10-13,24,79176.00
50,2025-10-14,24,79176.00
50,2025-10-15,24,79176.00
50,2025-10-16,24,79176.00
50,2025-10-17,24,79176.00
50,2025-10-18,28,92372.00
50,2025-10-19,27,89073.00
50,2025-10-20,24,79176.00
50,2025-10-21,24,79176.00
50,2025-10-22,24,79176.00
50,2025-10-23,24,79176.00
50,2025-10-24,24,79176.00
50,2025-10-25,28,92372.00
50,2025-10-26,27,89073.00
50,2025-10-27,24,79176.00
50,2025-10-28,24,79176.00
50,2025-10-29,24,79176.00
50,2025-10-30,24,79176.00
50,2025-10-31,24,79176.00
50,2025-11-01,28,92372.00
50,2025-11-02,27,89073.00
50,2025-11-03,24,79176.00
50,2025-11-04,24,79176.00
50,2025-11-05,24,79176.00
50,2025-11-06,24,79176.00
50,2025-11-07,24,79176.00
50,2025-11-08,28,92372.00
50,2025-11-09,27,89073.00
50,2025-11-10,24,79176.00
50,2025-11-11,24,79176.00
50,2025-11-12,24,79176.00
50,2025-11-13,24,79176.00
50,2025-11-14,24,79176.00
50,2025-11-15,28,92372.00
50,2025-11-16,27,89073.00
50,2025-11-17,24,79176.00
50,2025-11-18,24,79176.00
50,2025-11-19,24,79176.00
50,2025-11-20,24,79176.00
50,2025-11-21,24,79176.00
50,2025-11-22,28,92372.00
50,2025-11-23,27,89073.00
50,2025-11-24,24,79176.00
50,2025-11-25,24,79176.00
50,2025-11-26,24,79176.00
50,2025-11-27,24,79176.00
50,2025-11-28,24,79176.00
50,2025-11-29,28,92372.00
50,2025-11-30,27,89073.00
50,2025-12-01,19,62681.00
50,2025-12-02,19,62681.00
50,2025-12-03,19,62681.00
50,2025-12-04,19,62681.00
50,2025-12-05,19,62681.00
50,2025-12-06,23,75877.00
50,2025-12-07,22,72578.00
50,2025-12-08,19,62681.00
50,2025-12-09,19,62681.00
50,2025-12-10,19,62681.00
50,2025-12-11,19,62681.00
50,2025-12-12,19,62681.00
50,2025-12-13,23,75877.00
50,2025-12-14,22,72578.00
50,2025-12-15,19,62681.00
50,2025-12-16,19,62681.00
50,2025-12-17,19,62681.00
50,2025-12-18,19,62681.00
50,2025-12-19,19,62681.00
50,2025-12-20,23,75877.00
50,2025-12-21,22,72578.00
50,2025-12-22,19,62681.00
50,2025-12-23,19,62681.00
50,2025-12-24,19,62681.00
50,2025-12-25,19,62681.00
50,2025-12-26,19,62681.00
50,2025-12-27,23,75877.00
50,2025-12-28,22,72578.00
50,2025-12-29,19,62681.00
50,2025-12-30,19,62681.00
50,2025-12-31,19,62681.00
50,2026-01-01,16,52784.00
50,2026-01-02,16,52784.00
50,2026-01-03,20,65980.00
50,2026-01-04,19,62681.00
50,2026-01-05,16,52784.00
50,2026-01-06,16,52784.00
50,2026-01-07,16,52784.00
50,2026-01-08,16,52784.00
50,2026-01-09,16,52784.00
50,2026-01-10,20,65980.00
50,2026-01-11,19,62681.00
50,2026-01-12,16,52784.00
50,2026-01-13,16,52784.00
50,2026-01-14,16,52784.00
50,2026-01-15,16,52784.00
50,2026-01-16,16,52784.00
50,2026-01-17,20,65980.00
50,2026-01-18,19,62681.00
50,2026-01-19,16,52784.00
50,2026-01-20,16,52784.00
50,2026-01-21,16,52784.00
50,2026-01-22,16,52784.00
50,2026-01-23,16,52784.00
50,2026-01-24,20,65980.00
50,2026-01-25,19,62681.00
50,2026-01-26,16,52784.00
50,2026-01-27,16,52784.00
50,2026-01-28,16,52784.00
50,2026-01-29,16,52784.00
50,2026-01-30,16,52784.00
50,2026-01-31,20,65980.00
50,2026-02-01,19,62681.00
50,2026-02-02,16,52784.00
50,2026-02-03,16,52784.00
50,2026-02-04,16,52784.00
50,2026-02-05,16,52784.00
50,2026-02-06,16,52784.00
50,2026-02-07,20,65980.00
50,2026-02-08,19,62681.00
50,2026-02-09,16,52784.00
50,2026-02-10,16,52784.00
50,2026-02-11,16,52784.00
50,2026-02-12,16,52784.00
50,2026-02-13,16,52784.00
50,2026-02-14,20,65980.00
50,2026-02-15,19,62681.00
50,2026-02-16,16,52784.00
50,2026-02-17,16,52784.00
50,2026-02-18,16,52784.00
50,2026-02-19,16,52784.00
50,2026-02-20,16,52784.00
50,2026-02-21,20,65980.00
50,2026-02-22,19,62681.00
50,2026-02-23,16,52784.00
50,2026-02-24,16,52784.00
50,2026-02-25,16,52784.00
50,2026-02-26,16,52784.00
50,2026-02-27,16,52784.00
50,2026-02-28,20,65980.00
50,2026-03-01,19,62681.00
50,2026-03-02,16,52784.00
50,2026-03-03,16,52784.00
50,2026-03-04,16,52784.00
50,2026-03-05,16,52784.00
50,2026-03-06,16,52784.00
50,2026-03-07,20,65980.00
50,2026-03-08,19,62681.00
50,2026-03-09,16,52784.00
50,2026-03-10,16,52784.00
50,2026-03-11,16,52784.00
50,2026-03-12,16,52784.00
50,2026-03-13,16,52784.00
50,2026-03-14,20,65980.00
50,2026-03-15,19,62681.00
50,2026-03-16,16,52784.00
50,2026-03-17,16,52784.00
50,2026-03-18,16,52784.00
50,2026-03-19,16,52784.00
50,2026-03-20,16,52784.00
50,2026-03-21,20,65980.00
50,2026-03-22,19,62681.00
50,2026-03-23,16,52784.00
50,2026-03-24,16,52784.00
50,2026-03-25,16,52784.00
50,2026-03-26,16,52784.00
50,2026-03-27,16,52784.00
50,2026-03-28,20,65980.00
50,2026-03-29,19,62681.00
50,2026-03-30,16,52784.00
50,2026-03-31,16,52784.00
50,2026-04-01,16,52784.00
50,2026-04-02,16,52784.00
50,2026-04-03,16,52784.00
50,2026-04-04,20,65980.00
50,2026-04-05,19,62681.00
50,2026-04-06,16,52784.00
50,2026-04-07,16,52784.00
50,2026-04-08,16,52784.00
50,2026-04-09,16,52784.00
50,2026-04-10,16,52784.00
50,2026-04-11,20,65980.00
50,2026-04-12,19,62681.00
50,2026-04-13,16,52784.00
50,2026-04-14,16,52784.00
50,2026-04-15,16,52784.00
50,2026-04-16,16,52784.00
50,2026-04-17,16,52784.00
50,2026-04-18,20,65980.00
50,2026-04-19,19,62681.00
50,2026-04-20,16,52784.00
50,2026-04-21,16,52784.00
50,2026-04-22,16,52784.00
50,2026-04-23,16,52784.00
50,2026-04-24,16,52784.00
50,2026-04-25,20,65980.00
50,2026-04-26,19,62681.00
50,2026-04-27,16,52784.00
50,2026-04-28,16,52784.00
50,2026-04-29,16,52784.00
50,2026-04-30,16,52784.00
50,2026-05-01,16,52784.00
50,2026-05-02,20,65980.00
50,2026-05-03,19,62681.00
50,2026-05-04,16,52784.00
50,2026-05-05,16,52784.00
50,2026-05-06,16,52784.00
50,2026-05-07,16,52784.00
50,2026-05-08,16,52784.00
50,2026-05-09,20,65980.00
50,2026-05-10,19,62681.00
50,2026-05-11,16,52784.00
50,2026-05-12,16,52784.00
50,2026-05-13,16,52784.00
50,2026-05-14,16,52784.00
50,2026-05-15,16,52784.00
50,2026-05-16,20,65980.00
50,2026-05-17,19,62681.00
50,2026-05-18,16,52784.00
50,2026-05-19,16,52784.00
50,2026-05-20,16,52784.00
50,2026-05-21,16,52784.00
50,2026-05-22,16,52784.00
50,2026-05-23,20,65980.00
50,2026-05-24,19,62681.00
50,2026-05-25,16,52784.00
50,2026-05-26,16,52784.00
50,2026-05-27,16,52784.00
50,2026-05-28,16,52784.00
50,2026-05-29,16,52784.00
50,2026-05-30,20,65980.00
50,2026-05-31,19,62681.00
50,2026-06-01,16,52784.00
50,2026-06-02,16,52784.00
50,2026-06-03,16,52784.00
50,2026-06-04,16,52784.00
50,2026-06-05,16,52784.00
50,2026-06-06,20,65980.00
50,2026-06-07,19,62681.00
50,2026-06-08,16,52784.00
50,2026-06-09,16,52784.00
50,2026-06-10,16,52784.00
50,2026-06-11,16,52784.00
50,2026-06-12,16,52784.00
50,2026-06-13,20,65980.00
50,2026-06-14,19,62681.00
50,2026-06-15,16,52784.00
50,2026-06-16,16,52784.00
50,2026-06-17,16,52784.00
50,2026-06-18,16,52784.00
50,2026-06-19,16,52784.00
50,2026-06-20,20,65980.00
50,2026-06-21,19,62681.00
50,2026-06-22,16,52784.00
50,2026-06-23,16,52784.00
50,2026-06-24,16,52784.00
50,2026-06-25,16,52784.00
50,2026-06-26,16,52784.00
50,2026-06-27,20,65980.00
50,2026-06-28,19,62681.00
50,2026-06-29,16,52784.00
50,2026-06-30,16,52784.00
50,2026-07-01,16,52784.00
50,2026-07-02,16,52784.00
50,2026-07-03,16,52784.00
50,2026-07-04,20,65980.00
50,2026-07-05,19,62681.00
50,2026-07-06,16,52784.00
50,2026-07-07,16,52784.00
50,2026-07-08,16,52784.00
50,2026-07-09,16,52784.00
50,2026-07-10,16,52784.00
50,2026-07-11,20,65980.00
50,2026-07-12,19,62681.00
50,2026-07-13,16,52784.00
50,2026-07-14,16,52784.00
50,2026-07-15,16,52784.00
50,2026-07-16,16,52784.00
50,2026-07-17,16,52784.00
50,2026-07-18,20,65980.00
50,2026-07-19,19,62681.00
50,2026-07-20,16,52784.00
50,2026-07-21,16,52784.00
50,2026-07-22,16,52784.00
50,2026-07-23,16,52784.00
50,2026-07-24,16,52784.00
50,2026-07-25,20,65980.00
50,2026-07-26,19,62681.00
50,2026-07-27,16,52784.00
50,2026-07-28,16,52784.00
50,2026-07-29,16,52784.00
50,2026-07-30,16,52784.00
50,2026-07-31,16,52784.00
50,2026-08-01,20,65980.00
50,2026-08-02,19,62681.00
50,2026-08-03,16,52784.00
50,2026-08-04,16,52784.00
50,2026-08-05,16,52784.00
50,2026-08-06,16,52784.00
50,2026-08-07,16,52784.00
50,2026-08-08,20,65980.00
50,2026-08-09,19,62681.00
50,2026-08-10,16,52784.00
50,2026-08-11,16,52784.00
50,2026-08-12,16,52784.00
50,2026-08-13,16,52784.00
50,2026-08-14,16,52784.00
50,2026-08-15,20,65980.00
50,2026-08-16,19,62681.00
50,2026-08-17,16,52784.00
50,2026-08-18,16,52784.00
50,2026-08-19,16,52784.00
50,2026-08-20,16,52784.00
50,2026-08-21,16,52784.00
50,2026-08-22,20,65980.00
50,2026-08-23,19,62681.00
50,2026-08-24,16,52784.00
50,2026-08-25,16,52784.00
50,2026-08-26,16,52784.00
50,2026-08-27,16,52784.00
50,2026-08-28,16,52784.00
50,2026-08-29,20,65980.00
50,2026-08-30,19,62681.00
50,2026-08-31,16,52784.00
50,2026-09-01,16,52784.00
50,2026-09-02,16,52784.00
50,2026-09-03,16,52784.00
50,2026-09-04,16,52784.00
50,2026-09-05,20,65980.00
50,2026-09-06,19,62681.00
50,2026-09-07,16,52784.00
50,2026-09-08,16,52784.00
50,2026-09-09,16,52784.00
50,2026-09-10,16,52784.00
50,2026-09-11,16,52784.00
50,2026-09-12,20,65980.00
50,2026-09-13,19,62681.00
50,2026-09-14,16,52784.00
50,2026-09-15,16,52784.00
50,2026-09-16,16,52784.00
50,2026-09-17,16,52784.00
50,2026-09-18,16,52784.00
50,2026-09-19,20,65980.00
50,2026-09-20,19,62681.00
50,2026-09-21,16,52784.00
50,2026-09-22,16,52784.00
50,2026-09-23,16,52784.00
50,2026-09-24,16,52784.00
50,2026-09-25,16,52784.00
50,2026-09-26,20,65980.00
50,2026-09-27,19,62681.00
50,2026-09-28,16,52784.00
50,2026-09-29,16,52784.00
51,2025-09-30,5,294995.00
51,2025-10-01,7,412993.00
51,2025-10-02,7,412993.00
51,2025-10-03,7,412993.00
51,2025-10-04,8,471992.00
51,2025-10-05,7,412993.00
51,2025-10-06,7,412993.00
51,2025-10-07,7,412993.00
51,2025-10-08,7,412993.00
51,2025-10-09,7,412993.00
51,2025-10-10,7,412993.00
51,2025-10-11,8,471992.00
51,2025-10-12,7,412993.00
51,2025-10-13,7,412993.00
51,2025-10-14,7,412993.00
51,2025-10-15,7,412993.00
51,2025-10-16,7,412993.00
51,2025-10-17,7,412993.00
51,2025-10-18,8,471992.00
51,2025-10-19,7,412993.00
51,2025-10-20,7,412993.00
51,2025-10-21,7,412993.00
51,2025-10-22,7,412993.00
51,2025-10-23,7,412993.00
51,2025-10-24,7,412993.00
51,2025-10-25,8,471992.00
51,2025-10-26,7,412993.00
51,2025-10-27,7,412993.00
51,2025-10-28,7,412993.00
51,2025-10-29,7,412993.00
51,2025-10-30,7,412993.00
51,2025-10-31,7,412993.00
51,2025-11-01,8,471992.00
51,2025-11-02,7,412993.00
51,2025-11-03,7,412993.00
51,2025-11-04,7,412993.00
51,2025-11-05,7,412993.00
51,2025-11-06,7,412993.00
51,2025-11-07,7,412993.00
51,2025-11-08,8,471992.00
51,2025-11-09,7,412993.00
51,2025-11-10,7,412993.00
51,2025-11-11,7,412993.00
51,2025-11-12,7,412993.00
51,2025-11-13,7,412993.00
51,2025-11-14,7,412993.00
51,2025-11-15,8,471992.00
51,2025-11-16,7,412993.00
51,2025-11-17,7,412993.00
51,2025-11-18,7,412993.00
51,2025-11-19,7,412993.00
51,2025-11-20,7,412993.00
51,2025-11-21,7,412993.00
51,2025-11-22,8,471992.00
51,2025-11-23,7,412993.00
51,2025-11-24,7,412993.00
51,2025-11-25,7,412993.00
51,2025-11-26,7,412993.00
51,2025-11-27,7,412993.00
51,2025-11-28,7,412993.00
51,2025-11-29,8,471992.00
51,2025-11-30,7,412993.00
51,2025-12-01,5,294995.00
51,2025-12-02,5,294995.00
51,2025-12-03,5,294995.00
51,2025-12-04,5,294995.00
51,2025-12-05,5,294995.00
51,2025-12-06,6,353994.00
51,2025-12-07,6,353994.00
51,2025-12-08,5,294995.00
51,2025-12-09,5,294995.00
51,2025-12-10,5,294995.00
51,2025-12-11,5,294995.00
51,2025-12-12,5,294995.00
51,2025-12-13,6,353994.00
51,2025-12-14,6,353994.00
51,2025-12-15,5,294995.00
51,2025-12-16,5,294995.00
51,2025-12-17,5,294995.00
51,2025-12-18,5,294995.00
51,2025-12-19,5,294995.00
51,2025-12-20,6,353994.00
51,2025-12-21,6,353994.00
51,2025-12-22,5,294995.00
51,2025-12-23,5,294995.00
51,2025-12-24,5,294995.00
51,2025-12-25,5,294995.00
51,2025-12-26,5,294995.00
51,2025-12-27,6,353994.00
51,2025-12-28,6,353994.00
51,2025-12-29,5,294995.00
51,2025-12-30,5,294995.00
51,2025-12-31,5,294995.00
51,2026-01-01,5,294995.00
51,2026-01-02,5,294995.00
51,2026-01-03,6,353994.00
51,2026-01-04,6,353994.00
51,2026-01-05,5,294995.00
51,2026-01-06,5,294995.00
51,2026-01-07,5,294995.00
51,2026-01-08,5,294995.00
51,2026-01-09,5,294995.00
51,2026-01-10,6,353994.00
51,2026-01-11,6,353994.00
51,2026-01-12,5,294995.00
51,2026-01-13,5,294995.00
51,2026-01-14,5,294995.00
51,2026-01-15,5,294995.00
51,2026-01-16,5,294995.00
51,2026-01-17,6,353994.00
51,2026-01-18,6,353994.00
51,2026-01-19,5,294995.00
51,2026-01-20,5,294995.00
51,2026-01-21,5,294995.00
51,2026-01-22,5,294995.00
51,2026-01-23,5,294995.00
51,2026-01-24,6,353994.00
51,2026-01-25,6,353994.00
51,2026-01-26,5,294995.00
51,2026-01-27,5,294995.00
51,2026-01-28,5,294995.00
51,2026-01-29,5,294995.00
51,2026-01-30,5,294995.00
51,2026-01-31,6,353994.00
51,2026-02-01,6,353994.00
51,2026-02-02,5,294995.00
51,2026-02-03,5,294995.00
51,2026-02-04,5,294995.00
51,2026-02-05,5,294995.00
51,2026-02-06,5,294995.00
51,2026-02-07,6,353994.00
51,2026-02-08,6,353994.00
51,2026-02-09,5,294995.00
51,2026-02-10,5,294995.00
51,2026-02-11,5,294995.00
51,2026-02-12,5,294995.00
51,2026-02-13,5,294995.00
51,2026-02-14,6,353994.00
51,2026-02-15,6,353994.00
51,2026-02-16,5,294995.00
51,2026-02-17,5,294995.00
51,2026-02-18,5,294995.00
51,2026-02-19,5,294995.00
51,2026-02-20,5,294995.00
51,2026-02-21,6,353994.00
51,2026-02-22,6,353994.00
51,2026-02-23,5,294995.00
51,2026-02-24,5,294995.00
51,2026-02-25,5,294995.00
51,2026-02-26,5,294995.00
51,2026-02-27,5,294995.00
51,2026-02-28,6,353994.00
51,2026-03-01,6,353994.00
51,2026-03-02,5,294995.00
51,2026-03-03,5,294995.00
51,2026-03-04,5,294995.00
51,2026-03-05,5,294995.00
51,2026-03-06,5,294995.00
51,2026-03-07,6,353994.00
51,2026-03-08,6,353994.00
51,2026-03-09,5,294995.00
51,2026-03-10,5,294995.00
51,2026-03-11,5,294995.00
51,2026-03-12,5,294995.00
51,2026-03-13,5,294995.00
51,2026-03-14,6,353994.00
51,2026-03-15,6,353994.00
51,2026-03-16,5,294995.00
51,2026-03-17,5,294995.00
51,2026-03-18,5,294995.00
51,2026-03-19,5,294995.00
51,2026-03-20,5,294995.00
51,2026-03-21,6,353994.00
51,2026-03-22,6,353994.00
51,2026-03-23,5,294995.00
51,2026-03-24,5,294995.00
51,2026-03-25,5,294995.00
51,2026-03-26,5,294995.00
51,2026-03-27,5,294995.00
51,2026-03-28,6,353994.00
51,2026-03-29,6,353994.00
51,2026-03-30,5,294995.00
51,2026-03-31,5,294995.00
51,2026-04-01,5,294995.00
51,2026-04-02,5,294995.00
51,2026-04-03,5,294995.00
51,2026-04-04,6,353994.00
51,2026-04-05,6,353994.00
51,2026-04-06,5,294995.00
51,2026-04-07,5,294995.00
51,2026-04-08,5,294995.00
51,2026-04-09,5,294995.00
51,2026-04-10,5,294995.00
51,2026-04-11,6,353994.00
51,2026-04-12,6,353994.00
51,2026-04-13,5,294995.00
51,2026-04-14,5,294995.00
51,2026-04-15,5,294995.00
51,2026-04-16,5,294995.00
51,2026-04-17,5,294995.00
51,2026-04-18,6,353994.00
51,2026-04-19,6,353994.00
51,2026-04-20,5,294995.00
51,2026-04-21,5,294995.00
51,2026-04-22,5,294995.00
51,2026-04-23,5,294995.00
51,2026-04-24,5,294995.00
51,2026-04-25,6,353994.00
51,2026-04-26,6,353994.00
51,2026-04-27,5,294995.00
51,2026-04-28,5,294995.00
51,2026-04-29,5,294995.00
51,2026-04-30,5,294995.00
51,2026-05-01,5,294995.00
51,2026-05-02,6,353994.00
51,2026-05-03,6,353994.00
51,2026-05-04,5,294995.00
51,2026-05-05,5,294995.00
51,2026-05-06,5,294995.00
51,2026-05-07,5,294995.00
51,2026-05-08,5,294995.00
51,2026-05-09,6,353994.00
51,2026-05-10,6,353994.00
51,2026-05-11,5,294995.00
51,2026-05-12,5,294995.00
51,2026-05-13,5,294995.00
51,2026-05-14,5,294995.00
51,2026-05-15,5,294995.00
51,2026-05-16,6,353994.00
51,2026-05-17,6,353994.00
51,2026-05-18,5,294995.00
51,2026-05-19,5,294995.00
51,2026-05-20,5,294995.00
51,2026-05-21,5,294995.00
51,2026-05-22,5,294995.00
51,2026-05-23,6,353994.00
51,2026-05-24,6,353994.00
51,2026-05-25,5,294995.00
51,2026-05-26,5,294995.00
51,2026-05-27,5,294995.00
51,2026-05-28,5,294995.00
51,2026-05-29,5,294995.00
51,2026-05-30,6,353994.00
51,2026-05-31,6,353994.00
51,2026-06-01,6,353994.00
51,2026-06-02,6,353994.00
51,2026-06-03,6,353994.00
51,2026-06-04,6,353994.00
51,2026-06-05,6,353994.00
51,2026-06-06,7,412993.00
51,2026-06-07,7,412993.00
51,2026-06-08,6,353994.00
51,2026-06-09,6,353994.00
51,2026-06-10,6,353994.00
51,2026-06-11,6,353994.00
51,2026-06-12,6,353994.00
51,2026-06-13,7,412993.00
51,2026-06-14,7,412993.00
51,2026-06-15,6,353994.00
51,2026-06-16,6,353994.00
51,2026-06-17,6,353994.00
51,2026-06-18,6,353994.00
51,2026-06-19,6,353994.00
51,2026-06-20,7,412993.00
51,2026-06-21,7,412993.00
51,2026-06-22,6,353994.00
51,2026-06-23,6,353994.00
51,2026-06-24,6,353994.00
51,2026-06-25,6,353994.00
51,2026-06-26,6,353994.00
51,2026-06-27,7,412993.00
51,2026-06-28,7,412993.00
51,2026-06-29,6,353994.00
51,2026-06-30,6,353994.00
51,2026-07-01,6,353994.00
51,2026-07-02,6,353994.00
51,2026-07-03,6,353994.00
51,2026-07-04,7,412993.00
51,2026-07-05,7,412993.00
51,2026-07-06,6,353994.00
51,2026-07-07,6,353994.00
51,2026-07-08,6,353994.00
51,2026-07-09,6,353994.00
51,2026-07-10,6,353994.00
51,2026-07-11,7,412993.00
51,2026-07-12,7,412993.00
51,2026-07-13,6,353994.00
51,2026-07-14,6,353994.00
51,2026-07-15,6,353994.00
51,2026-07-16,6,353994.00
51,2026-07-17,6,353994.00
51,2026-07-18,7,412993.00
51,2026-07-19,7,412993.00
51,2026-07-20,6,353994.00
51,2026-07-21,6,353994.00
51,2026-07-22,6,353994.00
51,2026-07-23,6,353994.00
51,2026-07-24,6,353994.00
51,2026-07-25,7,412993.00
51,2026-07-26,7,412993.00
51,2026-07-27,6,353994.00
51,2026-07-28,6,353994.00
51,2026-07-29,6,353994.00
51,2026-07-30,6,353994.00
51,2026-07-31,6,353994.00
51,2026-08-01,6,353994.00
51,2026-08-02,6,353994.00
51,2026-08-03,5,294995.00
51,2026-08-04,5,294995.00
51,2026-08-05,5,294995.00
51,2026-08-06,5,294995.00
51,2026-08-07,5,294995.00
51,2026-08-08,6,353994.00
51,2026-08-09,6,353994.00
51,2026-08-10,5,294995.00
51,2026-08-11,5,294995.00
51,2026-08-12,5,294995.00
51,2026-08-13,5,294995.00
51,2026-08-14,5,294995.00
51,2026-08-15,6,353994.00
51,2026-08-16,6,353994.00
51,2026-08-17,5,294995.00
51,2026-08-18,5,294995.00
51,2026-08-19,5,294995.00
51,2026-08-20,5,294995.00
51,2026-08-21,5,294995.00
51,2026-08-22,6,353994.00
51,2026-08-23,6,353994.00
51,2026-08-24,5,294995.00
51,2026-08-25,5,294995.00
51,2026-08-26,5,294995.00
51,2026-08-27,5,294995.00
51,2026-08-28,5,294995.00
51,2026-08-29,6,353994.00
51,2026-08-30,6,353994.00
51,2026-08-31,5,294995.00
51,2026-09-01,5,294995.00
51,2026-09-02,5,294995.00
51,2026-09-03,5,294995.00
51,2026-09-04,5,294995.00
51,2026-09-05,6,353994.00
51,2026-09-06,6,353994.00
51,2026-09-07,5,294995.00
51,2026-09-08,5,294995.00
51,2026-09-09,5,294995.00
51,2026-09-10,5,294995.00
51,2026-09-11,5,294995.00
51,2026-09-12,6,353994.00
51,2026-09-13,6,353994.00
51,2026-09-14,5,294995.00
51,2026-09-15,5,294995.00
51,2026-09-16,5,294995.00
51,2026-09-17,5,294995.00
51,2026-09-18,5,294995.00
51,2026-09-19,6,353994.00
51,2026-09-20,6,353994.00
51,2026-09-21,5,294995.00
51,2026-09-22,5,294995.00
51,2026-09-23,5,294995.00
51,2026-09-24,5,294995.00
51,2026-09-25,5,294995.00
51,2026-09-26,6,353994.00
51,2026-09-27,6,353994.00
51,2026-09-28,5,294995.00
51,2026-09-29,5,294995.00
52,2025-09-30,11,1242989.00
52,2025-10-01,14,1581986.00
52,2025-10-02,14,1581986.00
52,2025-10-03,14,1581986.00
52,2025-10-04,16,1807984.00
52,2025-10-05,16,1807984.00
52,2025-10-06,14,1581986.00
52,2025-10-07,14,1581986.00
52,2025-10-08,14,1581986.00
52,2025-10-09,14,1581986.00
52,2025-10-10,14,1581986.00
52,2025-10-11,16,1807984.00
52,2025-10-12,16,1807984.00
52,2025-10-13,14,1581986.00
52,2025-10-14,14,1581986.00
52,2025-10-15,14,1581986.00
52,2025-10-16,14,1581986.00
52,2025-10-17,14,1581986.00
52,2025-10-18,16,1807984.00
52,2025-10-19,16,1807984.00
52,2025-10-20,14,1581986.00
52,2025-10-21,14,1581986.00
52,2025-10-22,14,1581986.00
52,2025-10-23,14,1581986.00
52,2025-10-24,14,1581986.00
52,2025-10-25,16,1807984.00
52,2025-10-26,16,1807984.00
52,2025-10-27,14,1581986.00
52,2025-10-28,14,1581986.00
52,2025-10-29,14,1581986.00
52,2025-10-30,14,1581986.00
52,2025-10-31,14,1581986.00
52,2025-11-01,16,1807984.00
52,2025-11-02,16,1807984.00
52,2025-11-03,14,1581986.00
52,2025-11-04,14,1581986.00
52,2025-11-05,14,1581986.00
52,2025-11-06,14,1581986.00
52,2025-11-07,14,1581986.00
52,2025-11-08,16,1807984.00
52,2025-11-09,16,1807984.00
52,2025-11-10,14,1581986.00
52,2025-11-11,14,1581986.00
52,2025-11-12,14,1581986.00
52,2025-11-13,14,1581986.00
52,2025-11-14,14,1581986.00
52,2025-11-15,16,1807984.00
52,2025-11-16,16,1807984.00
52,2025-11-17,14,1581986.00
52,2025-11-18,14,1581986.00
52,2025-11-19,14,1581986.00
52,2025-11-20,14,1581986.00
52,2025-11-21,14,1581986.00
52,2025-11-22,16,1807984.00
52,2025-11-23,16,1807984.00
52,2025-11-24,14,1581986.00
52,2025-11-25,14,1581986.00
52,2025-11-26,14,1581986.00
52,2025-11-27,14,1581986.00
52,2025-11-28,14,1581986.00
52,2025-11-29,16,1807984.00
52,2025-11-30,16,1807984.00
52,2025-12-01,11,1242989.00
52,2025-12-02,11,1242989.00
52,2025-12-03,11,1242989.00
52,2025-12-04,11,1242989.00
52,2025-12-05,11,1242989.00
52,2025-12-06,13,1468987.00
52,2025-12-07,13,1468987.00
52,2025-12-08,11,1242989.00
52,2025-12-09,11,1242989.00
52,2025-12-10,11,1242989.00
52,2025-12-11,11,1242989.00
52,2025-12-12,11,1242989.00
52,2025-12-13,13,1468987.00
52,2025-12-14,13,1468987.00
52,2025-12-15,11,1242989.00
52,2025-12-16,11,1242989.00
52,2025-12-17,11,1242989.00
52,2025-12-18,11,1242989.00
52,2025-12-19,11,1242989.00
52,2025-12-20,13,1468987.00
52,2025-12-21,13,1468987.00
52,2025-12-22,11,1242989.00
52,2025-12-23,11,1242989.00
52,2025-12-24,11,1242989.00
52,2025-12-25,11,1242989.00
52,2025-12-26,11,1242989.00
52,2025-12-27,13,1468987.00
52,2025-12-28,13,1468987.00
52,2025-12-29,11,1242989.00
52,2025-12-30,11,1242989.00
52,2025-12-31,11,1242989.00
52,2026-01-01,11,1242989.00
52,2026-01-02,11,1242989.00
52,2026-01-03,13,1468987.00
52,2026-01-04,13,1468987.00
52,2026-01-05,11,1242989.00
52,2026-01-06,11,1242989.00
52,2026-01-07,11,1242989.00
52,2026-01-08,11,1242989.00
52,2026-01-09,11,1242989.00
52,2026-01-10,13,1468987.00
52,2026-01-11,13,1468987.00
52,2026-01-12,11,1242989.00
52,2026-01-13,11,1242989.00
52,2026-01-14,11,1242989.00
52,2026-01-15,11,1242989.00
52,2026-01-16,11,1242989.00
52,2026-01-17,13,1468987.00
52,2026-01-18,13,1468987.00
52,2026-01-19,11,1242989.00
52,2026-01-20,11,1242989.00
52,2026-01-21,11,1242989.00
52,2026-01-22,11,1242989.00
52,2026-01-23,11,1242989.00
52,2026-01-24,13,1468987.00
52,2026-01-25,13,1468987.00
52,2026-01-26,11,1242989.00
52,2026-01-27,11,1242989.00
52,2026-01-28,11,1242989.00
52,2026-01-29,11,1242989.00
52,2026-01-30,11,1242989.00
52,2026-01-31,13,1468987.00
52,2026-02-01,13,1468987.00
52,2026-02-02,11,1242989.00
52,2026-02-03,11,1242989.00
52,2026-02-04,11,1242989.00
52,2026-02-05,11,1242989.00
52,2026-02-06,11,1242989.00
52,2026-02-07,13,1468987.00
52,2026-02-08,13,1468987.00
52,2026-02-09,11,1242989.00
52,2026-02-10,11,1242989.00
52,2026-02-11,11,1242989.00
52,2026-02-12,11,1242989.00
52,2026-02-13,11,1242989.00
52,2026-02-14,13,1468987.00
52,2026-02-15,13,1468987.00
52,2026-02-16,11,1242989.00
52,2026-02-17,11,1242989.00
52,2026-02-18,11,1242989.00
52,2026-02-19,11,1242989.00
52,2026-02-20,11,1242989.00
52,2026-02-21,13,1468987.00
52,2026-02-22,13,1468987.00
52,2026-02-23,11,1242989.00
52,2026-02-24,11,1242989.00
52,2026-02-25,11,1242989.00
52,2026-02-26,11,1242989.00
52,2026-02-27,11,1242989.00
52,2026-02-28,13,1468987.00
52,2026-03-01,13,1468987.00
52,2026-03-02,11,1242989.00
52,2026-03-03,11,1242989.00
52,2026-03-04,11,1242989.00
52,2026-03-05,11,1242989.00
52,2026-03-06,11,1242989.00
52,2026-03-07,13,1468987.00
52,2026-03-08,13,1468987.00
52,2026-03-09,11,1242989.00
52,2026-03-10,11,1242989.00
52,2026-03-11,11,1242989.00
52,2026-03-12,11,1242989.00
52,2026-03-13,11,1242989.00
52,2026-03-14,13,1468987.00
52,2026-03-15,13,1468987.00
52,2026-03-16,11,1242989.00
52,2026-03-17,11,1242989.00
52,2026-03-18,11,1242989.00
52,2026-03-19,11,1242989.00
52,2026-03-20,11,1242989.00
52,2026-03-21,13,1468987.00
52,2026-03-22,13,1468987.00
52,2026-03-23,11,1242989.00
52,2026-03-24,11,1242989.00
52,2026-03-25,11,1242989.00
52,2026-03-26,11,1242989.00
52,2026-03-27,11,1242989.00
52,2026-03-28,13,1468987.00
52,2026-03-29,13,1468987.00
52,2026-03-30,11,1242989.00
52,2026-03-31,11,1242989.00
52,2026-04-01,11,1242989.00
52,2026-04-02,11,1242989.00
52,2026-04-03,11,1242989.00
52,2026-04-04,13,1468987.00
52,2026-04-05,13,1468987.00
52,2026-04-06,11,1242989.00
52,2026-04-07,11,1242989.00
52,2026-04-08,11,1242989.00
52,2026-04-09,11,1242989.00
52,2026-04-10,11,1242989.00
52,2026-04-11,13,1468987.00
52,2026-04-12,13,1468987.00
52,2026-04-13,11,1242989.00
52,2026-04-14,11,1242989.00
52,2026-04-15,11,1242989.00
52,2026-04-16,11,1242989.00
52,2026-04-17,11,1242989.00
52,2026-04-18,13,1468987.00
52,2026-04-19,13,1468987.00
52,2026-04-20,11,1242989.00
52,2026-04-21,11,1242989.00
52,2026-04-22,11,1242989.00
52,2026-04-23,11,1242989.00
52,2026-04-24,11,1242989.00
52,2026-04-25,13,1468987.00
52,2026-04-26,13,1468987.00
52,2026-04-27,11,1242989.00
52,2026-04-28,11,1242989.00
52,2026-04-29,11,1242989.00
52,2026-04-30,11,1242989.00
52,2026-05-01,11,1242989.00
52,2026-05-02,13,1468987.00
52,2026-05-03,13,1468987.00
52,2026-05-04,11,1242989.00
52,2026-05-05,11,1242989.00
52,2026-05-06,11,1242989.00
52,2026-05-07,11,1242989.00
52,2026-05-08,11,1242989.00
52,2026-05-09,13,1468987.00
52,2026-05-10,13,1468987.00
52,2026-05-11,11,1242989.00
52,2026-05-12,11,1242989.00
52,2026-05-13,11,1242989.00
52,2026-05-14,11,1242989.00
52,2026-05-15,11,1242989.00
52,2026-05-16,13,1468987.00
52,2026-05-17,13,1468987.00
52,2026-05-18,11,1242989.00
52,2026-05-19,11,1242989.00
52,2026-05-20,11,1242989.00
52,2026-05-21,11,1242989.00
52,2026-05-22,11,1242989.00
52,2026-05-23,13,1468987.00
52,2026-05-24,13,1468987.00
52,2026-05-25,11,1242989.00
52,2026-05-26,11,1242989.00
52,2026-05-27,11,1242989.00
52,2026-05-28,11,1242989.00
52,2026-05-29,11,1242989.00
52,2026-05-30,13,1468987.00
52,2026-05-31,13,1468987.00
52,2026-06-01,13,1468987.00
52,2026-06-02,13,1468987.00
52,2026-06-03,13,1468987.00
52,2026-06-04,13,1468987.00
52,2026-06-05,13,1468987.00
52,2026-06-06,15,1694985.00
52,2026-06-07,14,1581986.00
52,2026-06-08,13,1468987.00
52,2026-06-09,13,1468987.00
52,2026-06-10,13,1468987.00
52,2026-06-11,13,1468987.00
52,2026-06-12,13,1468987.00
52,2026-06-13,15,1694985.00
52,2026-06-14,14,1581986.00
52,2026-06-15,13,1468987.00
52,2026-06-16,13,1468987.00
52,2026-06-17,13,1468987.00
52,2026-06-18,13,1468987.00
52,2026-06-19,13,1468987.00
52,2026-06-20,15,1694985.00
52,2026-06-21,14,1581986.00
52,2026-06-22,13,1468987.00
52,2026-06-23,13,1468987.00
52,2026-06-24,13,1468987.00
52,2026-06-25,13,1468987.00
52,2026-06-26,13,1468987.00
52,2026-06-27,15,1694985.00
52,2026-06-28,14,1581986.00
52,2026-06-29,13,1468987.00
52,2026-06-30,13,1468987.00
52,2026-07-01,13,1468987.00
52,2026-07-02,13,1468987.00
52,2026-07-03,13,1468987.00
52,2026-07-04,15,1694985.00
52,2026-07-05,14,1581986.00
52,2026-07-06,13,1468987.00
52,2026-07-07,13,1468987.00
52,2026-07-08,13,1468987.00
52,2026-07-09,13,1468987.00
52,2026-07-10,13,1468987.00
52,2026-07-11,15,1694985.00
52,2026-07-12,14,1581986.00
52,2026-07-13,13,1468987.00
52,2026-07-14,13,1468987.00
52,2026-07-15,13,1468987.00
52,2026-07-16,13,1468987.00
52,2026-07-17,13,1468987.00
52,2026-07-18,15,1694985.00
52,2026-07-19,14,1581986.00
52,2026-07-20,13,1468987.00
52,2026-07-21,13,1468987.00
52,2026-07-22,13,1468987.00
52,2026-07-23,13,1468987.00
52,2026-07-24,13,1468987.00
52,2026-07-25,15,1694985.00
52,2026-07-26,14,1581986.00
52,2026-07-27,13,1468987.00
52,2026-07-28,13,1468987.00
52,2026-07-29,13,1468987.00
52,2026-07-30,13,1468987.00
52,2026-07-31,13,1468987.00
52,2026-08-01,13,1468987.00
52,2026-08-02,13,1468987.00
52,2026-08-03,11,1242989.00
52,2026-08-04,11,1242989.00
52,2026-08-05,11,1242989.00
52,2026-08-06,11,1242989.00
52,2026-08-07,11,1242989.00
52,2026-08-08,13,1468987.00
52,2026-08-09,13,1468987.00
52,2026-08-10,11,1242989.00
52,2026-08-11,11,1242989.00
52,2026-08-12,11,1242989.00
52,2026-08-13,11,1242989.00
52,2026-08-14,11,1242989.00
52,2026-08-15,13,1468987.00
52,2026-08-16,13,1468987.00
52,2026-08-17,11,1242989.00
52,2026-08-18,11,1242989.00
52,2026-08-19,11,1242989.00
52,2026-08-20,11,1242989.00
52,2026-08-21,11,1242989.00
52,2026-08-22,13,1468987.00
52,2026-08-23,13,1468987.00
52,2026-08-24,11,1242989.00
52,2026-08-25,11,1242989.00
52,2026-08-26,11,1242989.00
52,2026-08-27,11,1242989.00
52,2026-08-28,11,1242989.00
52,2026-08-29,13,1468987.00
52,2026-08-30,13,1468987.00
52,2026-08-31,11,1242989.00
52,2026-09-01,11,1242989.00
52,2026-09-02,11,1242989.00
52,2026-09-03,11,1242989.00
52,2026-09-04,11,1242989.00
52,2026-09-05,13,1468987.00
52,2026-09-06,13,1468987.00
52,2026-09-07,11,1242989.00
52,2026-09-08,11,1242989.00
52,2026-09-09,11,1242989.00
52,2026-09-10,11,1242989.00
52,2026-09-11,11,1242989.00
52,2026-09-12,13,1468987.00
52,2026-09-13,13,1468987.00
52,2026-09-14,11,1242989.00
52,2026-09-15,11,1242989.00
52,2026-09-16,11,1242989.00
52,2026-09-17,11,1242989.00
52,2026-09-18,11,1242989.00
52,2026-09-19,13,1468987.00
52,2026-09-20,13,1468987.00
52,2026-09-21,11,1242989.00
52,2026-09-22,11,1242989.00
52,2026-09-23,11,1242989.00
52,2026-09-24,11,1242989.00
52,2026-09-25,11,1242989.00
52,2026-09-26,13,1468987.00
52,2026-09-27,13,1468987.00
52,2026-09-28,11,1242989.00
52,2026-09-29,11,1242989.00
53,2025-09-30,15,1349985.00
53,2025-10-01,18,1619982.00
53,2025-10-02,18,1619982.00
53,2025-10-03,18,1619982.00
53,2025-10-04,22,1979978.00
53,2025-10-05,21,1889979.00
53,2025-10-06,18,1619982.00
53,2025-10-07,18,1619982.00
53,2025-10-08,18,1619982.00
53,2025-10-09,18,1619982.00
53,2025-10-10,18,1619982.00
53,2025-10-11,22,1979978.00
53,2025-10-12,21,1889979.00
53,2025-10-13,18,1619982.00
53,2025-10-14,18,1619982.00
53,2025-10-15,18,1619982.00
53,2025-10-16,18,1619982.00
53,2025-10-17,18,1619982.00
53,2025-10-18,22,1979978.00
53,2025-10-19,21,1889979.00
53,2025-10-20,18,1619982.00
53,2025-10-21,18,1619982.00
53,2025-10-22,18,1619982.00
53,2025-10-23,18,1619982.00
53,2025-10-24,18,1619982.00
53,2025-10-25,22,1979978.00
53,2025-10-26,21,1889979.00
53,2025-10-27,18,1619982.00
53,2025-10-28,18,1619982.00
53,2025-10-29,18,1619982.00
53,2025-10-30,18,1619982.00
53,2025-10-31,18,1619982.00
53,2025-11-01,22,1979978.00
53,2025-11-02,21,1889979.00
53,2025-11-03,18,1619982.00
53,2025-11-04,18,1619982.00
53,2025-11-05,18,1619982.00
53,2025-11-06,18,1619982.00
53,2025-11-07,18,1619982.00
53,2025-11-08,22,1979978.00
53,2025-11-09,21,1889979.00
53,2025-11-10,18,1619982.00
53,2025-11-11,18,1619982.00
53,2025-11-12,18,1619982.00
53,2025-11-13,18,1619982.00
53,2025-11-14,18,1619982.00
53,2025-11-15,22,1979978.00
53,2025-11-16,21,1889979.00
53,2025-11-17,18,1619982.00
53,2025-11-18,18,1619982.00
53,2025-11-19,18,1619982.00
53,2025-11-20,18,1619982.00
53,2025-11-21,18,1619982.00
53,2025-11-22,22,1979978.00
53,2025-11-23,21,1889979.00
53,2025-11-24,18,1619982.00
53,2025-11-25,18,1619982.00
53,2025-11-26,18,1619982.00
53,2025-11-27,18,1619982.00
53,2025-11-28,18,1619982.00
53,2025-11-29,22,1979978.00
53,2025-11-30,21,1889979.00
53,2025-12-01,15,1349985.00
53,2025-12-02,15,1349985.00
53,2025-12-03,15,1349985.00
53,2025-12-04,15,1349985.00
53,2025-12-05,15,1349985.00
53,2025-12-06,18,1619982.00
53,2025-12-07,17,1529983.00
53,2025-12-08,15,1349985.00
53,2025-12-09,15,1349985.00
53,2025-12-10,15,1349985.00
53,2025-12-11,15,1349985.00
53,2025-12-12,15,1349985.00
53,2025-12-13,18,1619982.00
53,2025-12-14,17,1529983.00
53,2025-12-15,15,1349985.00
53,2025-12-16,15,1349985.00
53,2025-12-17,15,1349985.00
53,2025-12-18,15,1349985.00
53,2025-12-19,15,1349985.00
53,2025-12-20,18,1619982.00
53,2025-12-21,17,1529983.00
53,2025-12-22,15,1349985.00
53,2025-12-23,15,1349985.00
53,2025-12-24,15,1349985.00
53,2025-12-25,15,1349985.00
53,2025-12-26,15,1349985.00
53,2025-12-27,18,1619982.00
53,2025-12-28,17,1529983.00
53,2025-12-29,15,1349985.00
53,2025-12-30,15,1349985.00
53,2025-12-31,15,1349985.00
53,2026-01-01,15,1349985.00
53,2026-01-02,15,1349985.00
53,2026-01-03,18,1619982.00
53,2026-01-04,17,1529983.00
53,2026-01-05,15,1349985.00
53,2026-01-06,15,1349985.00
53,2026-01-07,15,1349985.00
53,2026-01-08,15,1349985.00
53,2026-01-09,15,1349985.00
53,2026-01-10,18,1619982.00
53,2026-01-11,17,1529983.00
53,2026-01-12,15,1349985.00
53,2026-01-13,15,1349985.00
53,2026-01-14,15,1349985.00
53,2026-01-15,15,1349985.00
53,2026-01-16,15,1349985.00
53,2026-01-17,18,1619982.00
53,2026-01-18,17,1529983.00
53,2026-01-19,15,1349985.00
53,2026-01-20,15,1349985.00
53,2026-01-21,15,1349985.00
53,2026-01-22,15,1349985.00
53,2026-01-23,15,1349985.00
53,2026-01-24,18,1619982.00
53,2026-01-25,17,1529983.00
53,2026-01-26,15,1349985.00
53,2026-01-27,15,1349985.00
53,2026-01-28,15,1349985.00
53,2026-01-29,15,1349985.00
53,2026-01-30,15,1349985.00
53,2026-01-31,18,1619982.00
53,2026-02-01,17,1529983.00
53,2026-02-02,15,1349985.00
53,2026-02-03,15,1349985.00
53,2026-02-04,15,1349985.00
53,2026-02-05,15,1349985.00
53,2026-02-06,15,1349985.00
53,2026-02-07,18,1619982.00
53,2026-02-08,17,1529983.00
53,2026-02-09,15,1349985.00
53,2026-02-10,15,1349985.00
53,2026-02-11,15,1349985.00
53,2026-02-12,15,1349985.00
53,2026-02-13,15,1349985.00
53,2026-02-14,18,1619982.00
53,2026-02-15,17,1529983.00
53,2026-02-16,15,1349985.00
53,2026-02-17,15,1349985.00
53,2026-02-18,15,1349985.00
53,2026-02-19,15,1349985.00
53,2026-02-20,15,1349985.00
53,2026-02-21,18,1619982.00
53,2026-02-22,17,1529983.00
53,2026-02-23,15,1349985.00
53,2026-02-24,15,1349985.00
53,2026-02-25,15,1349985.00
53,2026-02-26,15,1349985.00
53,2026-02-27,15,1349985.00
53,2026-02-28,18,1619982.00
53,2026-03-01,17,1529983.00
53,2026-03-02,15,1349985.00
53,2026-03-03,15,1349985.00
53,2026-03-04,15,1349985.00
53,2026-03-05,15,1349985.00
53,2026-03-06,15,1349985.00
53,2026-03-07,18,1619982.00
53,2026-03-08,17,1529983.00
53,2026-03-09,15,1349985.00
53,2026-03-10,15,1349985.00
53,2026-03-11,15,1349985.00
53,2026-03-12,15,1349985.00
53,2026-03-13,15,1349985.00
53,2026-03-14,18,1619982.00
53,2026-03-15,17,1529983.00
53,2026-03-16,15,1349985.00
53,2026-03-17,15,1349985.00
53,2026-03-18,15,1349985.00
53,2026-03-19,15,1349985.00
53,2026-03-20,15,1349985.00
53,2026-03-21,18,1619982.00
53,2026-03-22,17,1529983.00
53,2026-03-23,15,1349985.00
53,2026-03-24,15,1349985.00
53,2026-03-25,15,1349985.00
53,2026-03-26,15,1349985.00
53,2026-03-27,15,1349985.00
53,2026-03-28,18,1619982.00
53,2026-03-29,17,1529983.00
53,2026-03-30,15,1349985.00
53,2026-03-31,15,1349985.00
53,2026-04-01,15,1349985.00
53,2026-04-02,15,1349985.00
53,2026-04-03,15,1349985.00
53,2026-04-04,18,1619982.00
53,2026-04-05,17,1529983.00
53,2026-04-06,15,1349985.00
53,2026-04-07,15,1349985.00
53,2026-04-08,15,1349985.00
53,2026-04-09,15,1349985.00
53,2026-04-10,15,1349985.00
53,2026-04-11,18,1619982.00
53,2026-04-12,17,1529983.00
53,2026-04-13,15,1349985.00
53,2026-04-14,15,1349985.00
53,2026-04-15,15,1349985.00
53,2026-04-16,15,1349985.00
53,2026-04-17,15,1349985.00
53,2026-04-18,18,1619982.00
53,2026-04-19,17,1529983.00
53,2026-04-20,15,1349985.00
53,2026-04-21,15,1349985.00
53,2026-04-22,15,1349985.00
53,2026-04-23,15,1349985.00
53,2026-04-24,15,1349985.00
53,2026-04-25,18,1619982.00
53,2026-04-26,17,1529983.00
53,2026-04-27,15,1349985.00
53,2026-04-28,15,1349985.00
53,2026-04-29,15,1349985.00
53,2026-04-30,15,1349985.00
53,2026-05-01,15,1349985.00
53,2026-05-02,18,1619982.00
53,2026-05-03,17,1529983.00
53,2026-05-04,15,1349985.00
53,2026-05-05,15,1349985.00
53,2026-05-06,15,1349985.00
53,2026-05-07,15,1349985.00
53,2026-05-08,15,1349985.00
53,2026-05-09,18,1619982.00
53,2026-05-10,17,1529983.00
53,2026-05-11,15,1349985.00
53,2026-05-12,15,1349985.00
53,2026-05-13,15,1349985.00
53,2026-05-14,15,1349985.00
53,2026-05-15,15,1349985.00
53,2026-05-16,18,1619982.00
53,2026-05-17,17,1529983.00
53,2026-05-18,15,1349985.00
53,2026-05-19,15,1349985.00
53,2026-05-20,15,1349985.00
53,2026-05-21,15,1349985.00
53,2026-05-22,15,1349985.00
53,2026-05-23,18,1619982.00
53,2026-05-24,17,1529983.00
53,2026-05-25,15,1349985.00
53,2026-05-26,15,1349985.00
53,2026-05-27,15,1349985.00
53,2026-05-28,15,1349985.00
53,2026-05-29,15,1349985.00
53,2026-05-30,18,1619982.00
53,2026-05-31,17,1529983.00
53,2026-06-01,17,1529983.00
53,2026-06-02,17,1529983.00
53,2026-06-03,17,1529983.00
53,2026-06-04,17,1529983.00
53,2026-06-05,17,1529983.00
53,2026-06-06,20,1799980.00
53,2026-06-07,19,1709981.00
53,2026-06-08,17,1529983.00
53,2026-06-09,17,1529983.00
53,2026-06-10,17,1529983.00
53,2026-06-11,17,1529983.00
53,2026-06-12,17,1529983.00
53,2026-06-13,20,1799980.00
53,2026-06-14,19,1709981.00
53,2026-06-15,17,1529983.00
53,2026-06-16,17,1529983.00
53,2026-06-17,17,1529983.00
53,2026-06-18,17,1529983.00
53,2026-06-19,17,1529983.00
53,2026-06-20,20,1799980.00
53,2026-06-21,19,1709981.00
53,2026-06-22,17,1529983.00
53,2026-06-23,17,1529983.00
53,2026-06-24,17,1529983.00
53,2026-06-25,17,1529983.00
53,2026-06-26,17,1529983.00
53,2026-06-27,20,1799980.00
53,2026-06-28,19,1709981.00
53,2026-06-29,17,1529983.00
53,2026-06-30,17,1529983.00
53,2026-07-01,17,1529983.00
53,2026-07-02,17,1529983.00
53,2026-07-03,17,1529983.00
53,2026-07-04,20,1799980.00
53,2026-07-05,19,1709981.00
53,2026-07-06,17,1529983.00
53,2026-07-07,17,1529983.00
53,2026-07-08,17,1529983.00
53,2026-07-09,17,1529983.00
53,2026-07-10,17,1529983.00
53,2026-07-11,20,1799980.00
53,2026-07-12,19,1709981.00
53,2026-07-13,17,1529983.00
53,2026-07-14,17,1529983.00
53,2026-07-15,17,1529983.00
53,2026-07-16,17,1529983.00
53,2026-07-17,17,1529983.00
53,2026-07-18,20,1799980.00
53,2026-07-19,19,1709981.00
53,2026-07-20,17,1529983.00
53,2026-07-21,17,1529983.00
53,2026-07-22,17,1529983.00
53,2026-07-23,17,1529983.00
53,2026-07-24,17,1529983.00
53,2026-07-25,20,1799980.00
53,2026-07-26,19,1709981.00
53,2026-07-27,17,1529983.00
53,2026-07-28,17,1529983.00
53,2026-07-29,17,1529983.00
53,2026-07-30,17,1529983.00
53,2026-07-31,17,1529983.00
53,2026-08-01,18,1619982.00
53,2026-08-02,17,1529983.00
53,2026-08-03,15,1349985.00
53,2026-08-04,15,1349985.00
53,2026-08-05,15,1349985.00
53,2026-08-06,15,1349985.00
53,2026-08-07,15,1349985.00
53,2026-08-08,18,1619982.00
53,2026-08-09,17,1529983.00
53,2026-08-10,15,1349985.00
53,2026-08-11,15,1349985.00
53,2026-08-12,15,1349985.00
53,2026-08-13,15,1349985.00
53,2026-08-14,15,1349985.00
53,2026-08-15,18,1619982.00
53,2026-08-16,17,1529983.00
53,2026-08-17,15,1349985.00
53,2026-08-18,15,1349985.00
53,2026-08-19,15,1349985.00
53,2026-08-20,15,1349985.00
53,2026-08-21,15,1349985.00
53,2026-08-22,18,1619982.00
53,2026-08-23,17,1529983.00
53,2026-08-24,15,1349985.00
53,2026-08-25,15,1349985.00
53,2026-08-26,15,1349985.00
53,2026-08-27,15,1349985.00
53,2026-08-28,15,1349985.00
53,2026-08-29,18,1619982.00
53,2026-08-30,17,1529983.00
53,2026-08-31,15,1349985.00
53,2026-09-01,15,1349985.00
53,2026-09-02,15,1349985.00
53,2026-09-03,15,1349985.00
53,2026-09-04,15,1349985.00
53,2026-09-05,18,1619982.00
53,2026-09-06,17,1529983.00
53,2026-09-07,15,1349985.00
53,2026-09-08,15,1349985.00
53,2026-09-09,15,1349985.00
53,2026-09-10,15,1349985.00
53,2026-09-11,15,1349985.00
53,2026-09-12,18,1619982.00
53,2026-09-13,17,1529983.00
53,2026-09-14,15,1349985.00
53,2026-09-15,15,1349985.00
53,2026-09-16,15,1349985.00
53,2026-09-17,15,1349985.00
53,2026-09-18,15,1349985.00
53,2026-09-19,18,1619982.00
53,2026-09-20,17,1529983.00
53,2026-09-21,15,1349985.00
53,2026-09-22,15,1349985.00
53,2026-09-23,15,1349985.00
53,2026-09-24,15,1349985.00
53,2026-09-25,15,1349985.00
53,2026-09-26,18,1619982.00
53,2026-09-27,17,1529983.00
53,2026-09-28,15,1349985.00
53,2026-09-29,15,1349985.00
54,2025-09-30,4,331996.00
54,2025-10-01,5,414995.00
54,2025-10-02,5,414995.00
54,2025-10-03,5,414995.00
54,2025-10-04,6,497994.00
54,2025-10-05,6,497994.00
54,2025-10-06,5,414995.00
54,2025-10-07,5,414995.00
54,2025-10-08,5,414995.00
54,2025-10-09,5,414995.00
54,2025-10-10,5,414995.00
54,2025-10-11,6,497994.00
54,2025-10-12,6,497994.00
54,2025-10-13,5,414995.00
54,2025-10-14,5,414995.00
54,2025-10-15,5,414995.00
54,2025-10-16,5,414995.00
54,2025-10-17,5,414995.00
54,2025-10-18,6,497994.00
54,2025-10-19,6,497994.00
54,2025-10-20,5,414995.00
54,2025-10-21,5,414995.00
54,2025-10-22,5,414995.00
54,2025-10-23,5,414995.00
54,2025-10-24,5,414995.00
54,2025-10-25,6,497994.00
54,2025-10-26,6,497994.00
54,2025-10-27,5,414995.00
54,2025-10-28,5,414995.00
54,2025-10-29,5,414995.00
54,2025-10-30,5,414995.00
54,2025-10-31,5,414995.00
54,2025-11-01,6,497994.00
54,2025-11-02,6,497994.00
54,2025-11-03,5,414995.00
54,2025-11-04,5,414995.00
54,2025-11-05,5,414995.00
54,2025-11-06,5,414995.00
54,2025-11-07,5,414995.00
54,2025-11-08,6,497994.00
54,2025-11-09,6,497994.00
54,2025-11-10,5,414995.00
54,2025-11-11,5,414995.00
54,2025-11-12,5,414995.00
54,2025-11-13,5,414995.00
54,2025-11-14,5,414995.00
54,2025-11-15,6,497994.00
54,2025-11-16,6,497994.00
54,2025-11-17,5,414995.00
54,2025-11-18,5,414995.00
54,2025-11-19,5,414995.00
54,2025-11-20,5,414995.00
54,2025-11-21,5,414995.00
54,2025-11-22,6,497994.00
54,2025-11-23,6,497994.00
54,2025-11-24,5,414995.00
54,2025-11-25,5,414995.00
54,2025-11-26,5,414995.00
54,2025-11-27,5,414995.00
54,2025-11-28,5,414995.00
54,2025-11-29,6,497994.00
54,2025-11-30,6,497994.00
54,2025-12-01,4,331996.00
54,2025-12-02,4,331996.00
54,2025-12-03,4,331996.00
54,2025-12-04,4,331996.00
54,2025-12-05,4,331996.00
54,2025-12-06,5,414995.00
54,2025-12-07,5,414995.00
54,2025-12-08,4,331996.00
54,2025-12-09,4,331996.00
54,2025-12-10,4,331996.00
54,2025-12-11,4,331996.00
54,2025-12-12,4,331996.00
54,2025-12-13,5,414995.00
54,2025-12-14,5,414995.00
54,2025-12-15,4,331996.00
54,2025-12-16,4,331996.00
54,2025-12-17,4,331996.00
54,2025-12-18,4,331996.00
54,2025-12-19,4,331996.00
54,2025-12-20,5,414995.00
54,2025-12-21,5,414995.00
54,2025-12-22,4,331996.00
54,2025-12-23,4,331996.00
54,2025-12-24,4,331996.00
54,2025-12-25,4,331996.00
54,2025-12-26,4,331996.00
54,2025-12-27,5,414995.00
54,2025-12-28,5,414995.00
54,2025-12-29,4,331996.00
54,2025-12-30,4,331996.00
54,2025-12-31,4,331996.00
54,2026-01-01,4,331996.00
54,2026-01-02,4,331996.00
54,2026-01-03,5,414995.00
54,2026-01-04,5,414995.00
54,2026-01-05,4,331996.00
54,2026-01-06,4,331996.00
54,2026-01-07,4,331996.00
54,2026-01-08,4,331996.00
54,2026-01-09,4,331996.00
54,2026-01-10,5,414995.00
54,2026-01-11,5,414995.00
54,2026-01-12,4,331996.00
54,2026-01-13,4,331996.00
54,2026-01-14,4,331996.00
54,2026-01-15,4,331996.00
54,2026-01-16,4,331996.00
54,2026-01-17,5,414995.00
54,2026-01-18,5,414995.00
54,2026-01-19,4,331996.00
54,2026-01-20,4,331996.00
54,2026-01-21,4,331996.00
54,2026-01-22,4,331996.00
54,2026-01-23,4,331996.00
54,2026-01-24,5,414995.00
54,2026-01-25,5,414995.00
54,2026-01-26,4,331996.00
54,2026-01-27,4,331996.00
54,2026-01-28,4,331996.00
54,2026-01-29,4,331996.00
54,2026-01-30,4,331996.00
54,2026-01-31,5,414995.00
54,2026-02-01,5,414995.00
54,2026-02-02,4,331996.00
54,2026-02-03,4,331996.00
54,2026-02-04,4,331996.00
54,2026-02-05,4,331996.00
54,2026-02-06,4,331996.00
54,2026-02-07,5,414995.00
54,2026-02-08,5,414995.00
54,2026-02-09,4,331996.00
54,2026-02-10,4,331996.00
54,2026-02-11,4,331996.00
54,2026-02-12,4,331996.00
54,2026-02-13,4,331996.00
54,2026-02-14,5,414995.00
54,2026-02-15,5,414995.00
54,2026-02-16,4,331996.00
54,2026-02-17,4,331996.00
54,2026-02-18,4,331996.00
54,2026-02-19,4,331996.00
54,2026-02-20,4,331996.00
54,2026-02-21,5,414995.00
54,2026-02-22,5,414995.00
54,2026-02-23,4,331996.00
54,2026-02-24,4,331996.00
54,2026-02-25,4,331996.00
54,2026-02-26,4,331996.00
54,2026-02-27,4,331996.00
54,2026-02-28,5,414995.00
54,2026-03-01,5,414995.00
54,2026-03-02,4,331996.00
54,2026-03-03,4,331996.00
54,2026-03-04,4,331996.00
54,2026-03-05,4,331996.00
54,2026-03-06,4,331996.00
54,2026-03-07,5,414995.00
54,2026-03-08,5,414995.00
54,2026-03-09,4,331996.00
54,2026-03-10,4,331996.00
54,2026-03-11,4,331996.00
54,2026-03-12,4,331996.00
54,2026-03-13,4,331996.00
54,2026-03-14,5,414995.00
54,2026-03-15,5,414995.00
54,2026-03-16,4,331996.00
54,2026-03-17,4,331996.00
54,2026-03-18,4,331996.00
54,2026-03-19,4,331996.00
54,2026-03-20,4,331996.00
54,2026-03-21,5,414995.00
54,2026-03-22,5,414995.00
54,2026-03-23,4,331996.00
54,2026-03-24,4,331996.00
54,2026-03-25,4,331996.00
54,2026-03-26,4,331996.00
54,2026-03-27,4,331996.00
54,2026-03-28,5,414995.00
54,2026-03-29,5,414995.00
54,2026-03-30,4,331996.00
54,2026-03-31,4,331996.00
54,2026-04-01,4,331996.00
54,2026-04-02,4,331996.00
54,2026-04-03,4,331996.00
54,2026-04-04,5,414995.00
54,2026-04-05,5,414995.00
54,2026-04-06,4,331996.00
54,2026-04-07,4,331996.00
54,2026-04-08,4,331996.00
54,2026-04-09,4,331996.00
54,2026-04-10,4,331996.00
54,2026-04-11,5,414995.00
54,2026-04-12,5,414995.00
54,2026-04-13,4,331996.00
54,2026-04-14,4,331996.00
54,2026-04-15,4,331996.00
54,2026-04-16,4,331996.00
54,2026-04-17,4,331996.00
54,2026-04-18,5,414995.00
54,2026-04-19,5,414995.00
54,2026-04-20,4,331996.00
54,2026-04-21,4,331996.00
54,2026-04-22,4,331996.00
54,2026-04-23,4,331996.00
54,2026-04-24,4,331996.00
54,2026-04-25,5,414995.00
54,2026-04-26,5,414995.00
54,2026-04-27,4,331996.00
54,2026-04-28,4,331996.00
54,2026-04-29,4,331996.00
54,2026-04-30,4,331996.00
54,2026-05-01,4,331996.00
54,2026-05-02,5,414995.00
54,2026-05-03,5,414995.00
54,2026-05-04,4,331996.00
54,2026-05-05,4,331996.00
54,2026-05-06,4,331996.00
54,2026-05-07,4,331996.00
54,2026-05-08,4,331996.00
54,2026-05-09,5,414995.00
54,2026-05-10,5,414995.00
54,2026-05-11,4,331996.00
54,2026-05-12,4,331996.00
54,2026-05-13,4,331996.00
54,2026-05-14,4,331996.00
54,2026-05-15,4,331996.00
54,2026-05-16,5,414995.00
54,2026-05-17,5,414995.00
54,2026-05-18,4,331996.00
54,2026-05-19,4,331996.00
54,2026-05-20,4,331996.00
54,2026-05-21,4,331996.00
54,2026-05-22,4,331996.00
54,2026-05-23,5,414995.00
54,2026-05-24,5,414995.00
54,2026-05-25,4,331996.00
54,2026-05-26,4,331996.00
54,2026-05-27,4,331996.00
54,2026-05-28,4,331996.00
54,2026-05-29,4,331996.00
54,2026-05-30,5,414995.00
54,2026-05-31,5,414995.00
54,2026-06-01,5,414995.00
54,2026-06-02,5,414995.00
54,2026-06-03,5,414995.00
54,2026-06-04,5,414995.00
54,2026-06-05,5,414995.00
54,2026-06-06,5,414995.00
54,2026-06-07,5,414995.00
54,2026-06-08,5,414995.00
54,2026-06-09,5,414995.00
54,2026-06-10,5,414995.00
54,2026-06-11,5,414995.00
54,2026-06-12,5,414995.00
54,2026-06-13,5,414995.00
54,2026-06-14,5,414995.00
54,2026-06-15,5,414995.00
54,2026-06-16,5,414995.00
54,2026-06-17,5,414995.00
54,2026-06-18,5,414995.00
54,2026-06-19,5,414995.00
54,2026-06-20,5,414995.00
54,2026-06-21,5,414995.00
54,2026-06-22,5,414995.00
54,2026-06-23,5,414995.00
54,2026-06-24,5,414995.00
54,2026-06-25,5,414995.00
54,2026-06-26,5,414995.00
54,2026-06-27,5,414995.00
54,2026-06-28,5,414995.00
54,2026-06-29,5,414995.00
54,2026-06-30,5,414995.00
54,2026-07-01,5,414995.00
54,2026-07-02,5,414995.00
54,2026-07-03,5,414995.00
54,2026-07-04,5,414995.00
54,2026-07-05,5,414995.00
54,2026-07-06,5,414995.00
54,2026-07-07,5,414995.00
54,2026-07-08,5,414995.00
54,2026-07-09,5,414995.00
54,2026-07-10,5,414995.00
54,2026-07-11,5,414995.00
54,2026-07-12,5,414995.00
54,2026-07-13,5,414995.00
54,2026-07-14,5,414995.00
54,2026-07-15,5,414995.00
54,2026-07-16,5,414995.00
54,2026-07-17,5,414995.00
54,2026-07-18,5,414995.00
54,2026-07-19,5,414995.00
54,2026-07-20,5,414995.00
54,2026-07-21,5,414995.00
54,2026-07-22,5,414995.00
54,2026-07-23,5,414995.00
54,2026-07-24,5,414995.00
54,2026-07-25,5,414995.00
54,2026-07-26,5,414995.00
54,2026-07-27,5,414995.00
54,2026-07-28,5,414995.00
54,2026-07-29,5,414995.00
54,2026-07-30,5,414995.00
54,2026-07-31,5,414995.00
54,2026-08-01,5,414995.00
54,2026-08-02,5,414995.00
54,2026-08-03,4,331996.00
54,2026-08-04,4,331996.00
54,2026-08-05,4,331996.00
54,2026-08-06,4,331996.00
54,2026-08-07,4,331996.00
54,2026-08-08,5,414995.00
54,2026-08-09,5,414995.00
54,2026-08-10,4,331996.00
54,2026-08-11,4,331996.00
54,2026-08-12,4,331996.00
54,2026-08-13,4,331996.00
54,2026-08-14,4,331996.00
54,2026-08-15,5,414995.00
54,2026-08-16,5,414995.00
54,2026-08-17,4,331996.00
54,2026-08-18,4,331996.00
54,2026-08-19,4,331996.00
54,2026-08-20,4,331996.00
54,2026-08-21,4,331996.00
54,2026-08-22,5,414995.00
54,2026-08-23,5,414995.00
54,2026-08-24,4,331996.00
54,2026-08-25,4,331996.00
54,2026-08-26,4,331996.00
54,2026-08-27,4,331996.00
54,2026-08-28,4,331996.00
54,2026-08-29,5,414995.00
54,2026-08-30,5,414995.00
54,2026-08-31,4,331996.00
54,2026-09-01,4,331996.00
54,2026-09-02,4,331996.00
54,2026-09-03,4,331996.00
54,2026-09-04,4,331996.00
54,2026-09-05,5,414995.00
54,2026-09-06,5,414995.00
54,2026-09-07,4,331996.00
54,2026-09-08,4,331996.00
54,2026-09-09,4,331996.00
54,2026-09-10,4,331996.00
54,2026-09-11,4,331996.00
54,2026-09-12,5,414995.00
54,2026-09-13,5,414995.00
54,2026-09-14,4,331996.00
54,2026-09-15,4,331996.00
54,2026-09-16,4,331996.00
54,2026-09-17,4,331996.00
54,2026-09-18,4,331996.00
54,2026-09-19,5,414995.00
54,2026-09-20,5,414995.00
54,2026-09-21,4,331996.00
54,2026-09-22,4,331996.00
54,2026-09-23,4,331996.00
54,2026-09-24,4,331996.00
54,2026-09-25,4,331996.00
54,2026-09-26,5,414995.00
54,2026-09-27,5,414995.00
54,2026-09-28,4,331996.00
54,2026-09-29,4,331996.00
55,2025-09-30,5,69995.00
55,2025-10-01,7,97993.00
55,2025-10-02,7,97993.00
55,2025-10-03,7,97993.00
55,2025-10-04,8,111992.00
55,2025-10-05,8,111992.00
55,2025-10-06,7,97993.00
55,2025-10-07,7,97993.00
55,2025-10-08,7,97993.00
55,2025-10-09,7,97993.00
55,2025-10-10,7,97993.00
55,2025-10-11,8,111992.00
55,2025-10-12,8,111992.00
55,2025-10-13,7,97993.00
55,2025-10-14,7,97993.00
55,2025-10-15,7,97993.00
55,2025-10-16,7,97993.00
55,2025-10-17,7,97993.00
55,2025-10-18,8,111992.00
55,2025-10-19,8,111992.00
55,2025-10-20,7,97993.00
55,2025-10-21,7,97993.00
55,2025-10-22,7,97993.00
55,2025-10-23,7,97993.00
55,2025-10-24,7,97993.00
55,2025-10-25,8,111992.00
55,2025-10-26,8,111992.00
55,2025-10-27,7,97993.00
55,2025-10-28,7,97993.00
55,2025-10-29,7,97993.00
55,2025-10-30,7,97993.00
55,2025-10-31,7,97993.00
55,2025-11-01,8,111992.00
55,2025-11-02,8,111992.00
55,2025-11-03,7,97993.00
55,2025-11-04,7,97993.00
55,2025-11-05,7,97993.00
55,2025-11-06,7,97993.00
55,2025-11-07,7,97993.00
55,2025-11-08,8,111992.00
55,2025-11-09,8,111992.00
55,2025-11-10,7,97993.00
55,2025-11-11,7,97993.00
55,2025-11-12,7,97993.00
55,2025-11-13,7,97993.00
55,2025-11-14,7,97993.00
55,2025-11-15,8,111992.00
55,2025-11-16,8,111992.00
55,2025-11-17,7,97993.00
55,2025-11-18,7,97993.00
55,2025-11-19,7,97993.00
55,2025-11-20,7,97993.00
55,2025-11-21,7,97993.00
55,2025-11-22,8,111992.00
55,2025-11-23,8,111992.00
55,2025-11-24,7,97993.00
55,2025-11-25,7,97993.00
55,2025-11-26,7,97993.00
55,2025-11-27,7,97993.00
55,2025-11-28,7,97993.00
55,2025-11-29,8,111992.00
55,2025-11-30,8,111992.00
55,2025-12-01,5,69995.00
55,2025-12-02,5,69995.00
55,2025-12-03,5,69995.00
55,2025-12-04,5,69995.00
55,2025-12-05,5,69995.00
55,2025-12-06,6,83994.00
55,2025-12-07,6,83994.00
55,2025-12-08,5,69995.00
55,2025-12-09,5,69995.00
55,2025-12-10,5,69995.00
55,2025-12-11,5,69995.00
55,2025-12-12,5,69995.00
55,2025-12-13,6,83994.00
55,2025-12-14,6,83994.00
55,2025-12-15,5,69995.00
55,2025-12-16,5,69995.00
55,2025-12-17,5,69995.00
55,2025-12-18,5,69995.00
55,2025-12-19,5,69995.00
55,2025-12-20,6,83994.00
55,2025-12-21,6,83994.00
55,2025-12-22,5,69995.00
55,2025-12-23,5,69995.00
55,2025-12-24,5,69995.00
55,2025-12-25,5,69995.00
55,2025-12-26,5,69995.00
55,2025-12-27,6,83994.00
55,2025-12-28,6,83994.00
55,2025-12-29,5,69995.00
55,2025-12-30,5,69995.00
55,2025-12-31,5,69995.00
55,2026-01-01,5,69995.00
55,2026-01-02,5,69995.00
55,2026-01-03,6,83994.00
55,2026-01-04,6,83994.00
55,2026-01-05,5,69995.00
55,2026-01-06,5,69995.00
55,2026-01-07,5,69995.00
55,2026-01-08,5,69995.00
55,2026-01-09,5,69995.00
55,2026-01-10,6,83994.00
55,2026-01-11,6,83994.00
55,2026-01-12,5,69995.00
55,2026-01-13,5,69995.00
55,2026-01-14,5,69995.00
55,2026-01-15,5,69995.00
55,2026-01-16,5,69995.00
55,2026-01-17,6,83994.00
55,2026-01-18,6,83994.00
55,2026-01-19,5,69995.00
55,2026-01-20,5,69995.00
55,2026-01-21,5,69995.00
55,2026-01-22,5,69995.00
55,2026-01-23,5,69995.00
55,2026-01-24,6,83994.00
55,2026-01-25,6,83994.00
55,2026-01-26,5,69995.00
55,2026-01-27,5,69995.00
55,2026-01-28,5,69995.00
55,2026-01-29,5,69995.00
55,2026-01-30,5,69995.00
55,2026-01-31,6,83994.00
55,2026-02-01,6,83994.00
55,2026-02-02,5,69995.00
55,2026-02-03,5,69995.00
55,2026-02-04,5,69995.00
55,2026-02-05,5,69995.00
55,2026-02-06,5,69995.00
55,2026-02-07,6,83994.00
55,2026-02-08,6,83994.00
55,2026-02-09,5,69995.00
55,2026-02-10,5,69995.00
55,2026-02-11,5,69995.00
55,2026-02-12,5,69995.00
55,2026-02-13,5,69995.00
55,2026-02-14,6,83994.00
55,2026-02-15,6,83994.00
55,2026-02-16,5,69995.00
55,2026-02-17,5,69995.00
55,2026-02-18,5,69995.00
55,2026-02-19,5,69995.00
55,2026-02-20,5,69995.00
55,2026-02-21,6,83994.00
55,2026-02-22,6,83994.00
55,2026-02-23,5,69995.00
55,2026-02-24,5,69995.00
55,2026-02-25,5,69995.00
55,2026-02-26,5,69995.00
55,2026-02-27,5,69995.00
55,2026-02-28,6,83994.00
55,2026-03-01,6,83994.00
55,2026-03-02,5,69995.00
55,2026-03-03,5,69995.00
55,2026-03-04,5,69995.00
55,2026-03-05,5,69995.00
55,2026-03-06,5,69995.00
55,2026-03-07,6,83994.00
55,2026-03-08,6,83994.00
55,2026-03-09,5,69995.00
55,2026-03-10,5,69995.00
55,2026-03-11,5,69995.00
55,2026-03-12,5,69995.00
55,2026-03-13,5,69995.00
55,2026-03-14,6,83994.00
55,2026-03-15,6,83994.00
55,2026-03-16,5,69995.00
55,2026-03-17,5,69995.00
55,2026-03-18,5,69995.00
55,2026-03-19,5,69995.00
55,2026-03-20,5,69995.00
55,2026-03-21,6,83994.00
55,2026-03-22,6,83994.00
55,2026-03-23,5,69995.00
55,2026-03-24,5,69995.00
55,2026-03-25,5,69995.00
55,2026-03-26,5,69995.00
55,2026-03-27,5,69995.00
55,2026-03-28,6,83994.00
55,2026-03-29,6,83994.00
55,2026-03-30,5,69995.00
55,2026-03-31,5,69995.00
55,2026-04-01,5,69995.00
55,2026-04-02,5,69995.00
55,2026-04-03,5,69995.00
55,2026-04-04,6,83994.00
55,2026-04-05,6,83994.00
55,2026-04-06,5,69995.00
55,2026-04-07,5,69995.00
55,2026-04-08,5,69995.00
55,2026-04-09,5,69995.00
55,2026-04-10,5,69995.00
55,2026-04-11,6,83994.00
55,2026-04-12,6,83994.00
55,2026-04-13,5,69995.00
55,2026-04-14,5,69995.00
55,2026-04-15,5,69995.00
55,2026-04-16,5,69995.00
55,2026-04-17,5,69995.00
55,2026-04-18,6,83994.00
55,2026-04-19,6,83994.00
55,2026-04-20,5,69995.00
55,2026-04-21,5,69995.00
55,2026-04-22,5,69995.00
55,2026-04-23,5,69995.00
55,2026-04-24,5,69995.00
55,2026-04-25,6,83994.00
55,2026-04-26,6,83994.00
55,2026-04-27,5,69995.00
55,2026-04-28,5,69995.00
55,2026-04-29,5,69995.00
55,2026-04-30,5,69995.00
55,2026-05-01,5,69995.00
55,2026-05-02,6,83994.00
55,2026-05-03,6,83994.00
55,2026-05-04,5,69995.00
55,2026-05-05,5,69995.00
55,2026-05-06,5,69995.00
55,2026-05-07,5,69995.00
55,2026-05-08,5,69995.00
55,2026-05-09,6,83994.00
55,2026-05-10,6,83994.00
55,2026-05-11,5,69995.00
55,2026-05-12,5,69995.00
55,2026-05-13,5,69995.00
55,2026-05-14,5,69995.00
55,2026-05-15,5,69995.00
55,2026-05-16,6,83994.00
55,2026-05-17,6,83994.00
55,2026-05-18,5,69995.00
55,2026-05-19,5,69995.00
55,2026-05-20,5,69995.00
55,2026-05-21,5,69995.00
55,2026-05-22,5,69995.00
55,2026-05-23,6,83994.00
55,2026-05-24,6,83994.00
55,2026-05-25,5,69995.00
55,2026-05-26,5,69995.00
55,2026-05-27,5,69995.00
55,2026-05-28,5,69995.00
55,2026-05-29,5,69995.00
55,2026-05-30,6,83994.00
55,2026-05-31,6,83994.00
55,2026-06-01,5,69995.00
55,2026-06-02,5,69995.00
55,2026-06-03,5,69995.00
55,2026-06-04,5,69995.00
55,2026-06-05,5,69995.00
55,2026-06-06,6,83994.00
55,2026-06-07,6,83994.00
55,2026-06-08,5,69995.00
55,2026-06-09,5,69995.00
55,2026-06-10,5,69995.00
55,2026-06-11,5,69995.00
55,2026-06-12,5,69995.00
55,2026-06-13,6,83994.00
55,2026-06-14,6,83994.00
55,2026-06-15,5,69995.00
55,2026-06-16,5,69995.00
55,2026-06-17,5,69995.00
55,2026-06-18,5,69995.00
55,2026-06-19,5,69995.00
55,2026-06-20,6,83994.00
55,2026-06-21,6,83994.00
55,2026-06-22,5,69995.00
55,2026-06-23,5,69995.00
55,2026-06-24,5,69995.00
55,2026-06-25,5,69995.00
55,2026-06-26,5,69995.00
55,2026-06-27,6,83994.00
55,2026-06-28,6,83994.00
55,2026-06-29,5,69995.00
55,2026-06-30,5,69995.00
55,2026-07-01,5,69995.00
55,2026-07-02,5,69995.00
55,2026-07-03,5,69995.00
55,2026-07-04,6,83994.00
55,2026-07-05,6,83994.00
55,2026-07-06,5,69995.00
55,2026-07-07,5,69995.00
55,2026-07-08,5,69995.00
55,2026-07-09,5,69995.00
55,2026-07-10,5,69995.00
55,2026-07-11,6,83994.00
55,2026-07-12,6,83994.00
55,2026-07-13,5,69995.00
55,2026-07-14,5,69995.00
55,2026-07-15,5,69995.00
55,2026-07-16,5,69995.00
55,2026-07-17,5,69995.00
55,2026-07-18,6,83994.00
55,2026-07-19,6,83994.00
55,2026-07-20,5,69995.00
55,2026-07-21,5,69995.00
55,2026-07-22,5,69995.00
55,2026-07-23,5,69995.00
55,2026-07-24,5,69995.00
55,2026-07-25,6,83994.00
55,2026-07-26,6,83994.00
55,2026-07-27,5,69995.00
55,2026-07-28,5,69995.00
55,2026-07-29,5,69995.00
55,2026-07-30,5,69995.00
55,2026-07-31,5,69995.00
55,2026-08-01,6,83994.00
55,2026-08-02,6,83994.00
55,2026-08-03,5,69995.00
55,2026-08-04,5,69995.00
55,2026-08-05,5,69995.00
55,2026-08-06,5,69995.00
55,2026-08-07,5,69995.00
55,2026-08-08,6,83994.00
55,2026-08-09,6,83994.00
55,2026-08-10,5,69995.00
55,2026-08-11,5,69995.00
55,2026-08-12,5,69995.00
55,2026-08-13,5,69995.00
55,2026-08-14,5,69995.00
55,2026-08-15,6,83994.00
55,2026-08-16,6,83994.00
55,2026-08-17,5,69995.00
55,2026-08-18,5,69995.00
55,2026-08-19,5,69995.00
55,2026-08-20,5,69995.00
55,2026-08-21,5,69995.00
55,2026-08-22,6,83994.00
55,2026-08-23,6,83994.00
55,2026-08-24,5,69995.00
55,2026-08-25,5,69995.00
55,2026-08-26,5,69995.00
55,2026-08-27,5,69995.00
55,2026-08-28,5,69995.00
55,2026-08-29,6,83994.00
55,2026-08-30,6,83994.00
55,2026-08-31,5,69995.00
55,2026-09-01,5,69995.00
55,2026-09-02,5,69995.00
55,2026-09-03,5,69995.00
55,2026-09-04,5,69995.00
55,2026-09-05,6,83994.00
55,2026-09-06,6,83994.00
55,2026-09-07,5,69995.00
55,2026-09-08,5,69995.00
55,2026-09-09,5,69995.00
55,2026-09-10,5,69995.00
55,2026-09-11,5,69995.00
55,2026-09-12,6,83994.00
55,2026-09-13,6,83994.00
55,2026-09-14,5,69995.00
55,2026-09-15,5,69995.00
55,2026-09-16,5,69995.00
55,2026-09-17,5,69995.00
55,2026-09-18,5,69995.00
55,2026-09-19,6,83994.00
55,2026-09-20,6,83994.00
55,2026-09-21,5,69995.00
55,2026-09-22,5,69995.00
55,2026-09-23,5,69995.00
55,2026-09-24,5,69995.00
55,2026-09-25,5,69995.00
55,2026-09-26,6,83994.00
55,2026-09-27,6,83994.00
55,2026-09-28,5,69995.00
55,2026-09-29,5,69995.00
56,2025-09-30,5,269995.00
56,2025-10-01,6,323994.00
56,2025-10-02,6,323994.00
56,2025-10-03,6,323994.00
56,2025-10-04,7,377993.00
56,2025-10-05,7,377993.00
56,2025-10-06,6,323994.00
56,2025-10-07,6,323994.00
56,2025-10-08,6,323994.00
56,2025-10-09,6,323994.00
56,2025-10-10,6,323994.00
56,2025-10-11,7,377993.00
56,2025-10-12,7,377993.00
56,2025-10-13,6,323994.00
56,2025-10-14,6,323994.00
56,2025-10-15,6,323994.00
56,2025-10-16,6,323994.00
56,2025-10-17,6,323994.00
56,2025-10-18,7,377993.00
56,2025-10-19,7,377993.00
56,2025-10-20,6,323994.00
56,2025-10-21,6,323994.00
56,2025-10-22,6,323994.00
56,2025-10-23,6,323994.00
56,2025-10-24,6,323994.00
56,2025-10-25,7,377993.00
56,2025-10-26,7,377993.00
56,2025-10-27,6,323994.00
56,2025-10-28,6,323994.00
56,2025-10-29,6,323994.00
56,2025-10-30,6,323994.00
56,2025-10-31,6,323994.00
56,2025-11-01,7,377993.00
56,2025-11-02,7,377993.00
56,2025-11-03,6,323994.00
56,2025-11-04,6,323994.00
56,2025-11-05,6,323994.00
56,2025-11-06,6,323994.00
56,2025-11-07,6,323994.00
56,2025-11-08,7,377993.00
56,2025-11-09,7,377993.00
56,2025-11-10,6,323994.00
56,2025-11-11,6,323994.00
56,2025-11-12,6,323994.00
56,2025-11-13,6,323994.00
56,2025-11-14,6,323994.00
56,2025-11-15,7,377993.00
56,2025-11-16,7,377993.00
56,2025-11-17,6,323994.00
56,2025-11-18,6,323994.00
56,2025-11-19,6,323994.00
56,2025-11-20,6,323994.00
56,2025-11-21,6,323994.00
56,2025-11-22,7,377993.00
56,2025-11-23,7,377993.00
56,2025-11-24,6,323994.00
56,2025-11-25,6,323994.00
56,2025-11-26,6,323994.00
56,2025-11-27,6,323994.00
56,2025-11-28,6,323994.00
56,2025-11-29,7,377993.00
56,2025-11-30,7,377993.00
56,2025-12-01,5,269995.00
56,2025-12-02,5,269995.00
56,2025-12-03,5,269995.00
56,2025-12-04,5,269995.00
56,2025-12-05,5,269995.00
56,2025-12-06,6,323994.00
56,2025-12-07,6,323994.00
56,2025-12-08,5,269995.00
56,2025-12-09,5,269995.00
56,2025-12-10,5,269995.00
56,2025-12-11,5,269995.00
56,2025-12-12,5,269995.00
56,2025-12-13,6,323994.00
56,2025-12-14,6,323994.00
56,2025-12-15,5,269995.00
56,2025-12-16,5,269995.00
56,2025-12-17,5,269995.00
56,2025-12-18,5,269995.00
56,2025-12-19,5,269995.00
56,2025-12-20,6,323994.00
56,2025-12-21,6,323994.00
56,2025-12-22,5,269995.00
56,2025-12-23,5,269995.00
56,2025-12-24,5,269995.00
56,2025-12-25,5,269995.00
56,2025-12-26,5,269995.00
56,2025-12-27,6,323994.00
56,2025-12-28,6,323994.00
56,2025-12-29,5,269995.00
56,2025-12-30,5,269995.00
56,2025-12-31,5,269995.00
56,2026-01-01,5,269995.00
56,2026-01-02,5,269995.00
56,2026-01-03,6,323994.00
56,2026-01-04,6,323994.00
56,2026-01-05,5,269995.00
56,2026-01-06,5,269995.00
56,2026-01-07,5,269995.00
56,2026-01-08,5,269995.00
56,2026-01-09,5,269995.00
56,2026-01-10,6,323994.00
56,2026-01-11,6,323994.00
56,2026-01-12,5,269995.00
56,2026-01-13,5,269995.00
56,2026-01-14,5,269995.00
56,2026-01-15,5,269995.00
56,2026-01-16,5,269995.00
56,2026-01-17,6,323994.00
56,2026-01-18,6,323994.00
56,2026-01-19,5,269995.00
56,2026-01-20,5,269995.00
56,2026-01-21,5,269995.00
56,2026-01-22,5,269995.00
56,2026-01-23,5,269995.00
56,2026-01-24,6,323994.00
56,2026-01-25,6,323994.00
56,2026-01-26,5,269995.00
56,2026-01-27,5,269995.00
56,2026-01-28,5,269995.00
56,2026-01-29,5,269995.00
56,2026-01-30,5,269995.00
56,2026-01-31,6,323994.00
56,2026-02-01,6,323994.00
56,2026-02-02,5,269995.00
56,2026-02-03,5,269995.00
56,2026-02-04,5,269995.00
56,2026-02-05,5,269995.00
56,2026-02-06,5,269995.00
56,2026-02-07,6,323994.00
56,2026-02-08,6,323994.00
56,2026-02-09,5,269995.00
56,2026-02-10,5,269995.00
56,2026-02-11,5,269995.00
56,2026-02-12,5,269995.00
56,2026-02-13,5,269995.00
56,2026-02-14,6,323994.00
56,2026-02-15,6,323994.00
56,2026-02-16,5,269995.00
56,2026-02-17,5,269995.00
56,2026-02-18,5,269995.00
56,2026-02-19,5,269995.00
56,2026-02-20,5,269995.00
56,2026-02-21,6,323994.00
56,2026-02-22,6,323994.00
56,2026-02-23,5,269995.00
56,2026-02-24,5,269995.00
56,2026-02-25,5,269995.00
56,2026-02-26,5,269995.00
56,2026-02-27,5,269995.00
56,2026-02-28,6,323994.00
56,2026-03-01,6,323994.00
56,2026-03-02,5,269995.00
56,2026-03-03,5,269995.00
56,2026-03-04,5,269995.00
56,2026-03-05,5,269995.00
56,2026-03-06,5,269995.00
56,2026-03-07,6,323994.00
56,2026-03-08,6,323994.00
56,2026-03-09,5,269995.00
56,2026-03-10,5,269995.00
56,2026-03-11,5,269995.00
56,2026-03-12,5,269995.00
56,2026-03-13,5,269995.00
56,2026-03-14,6,323994.00
56,2026-03-15,6,323994.00
56,2026-03-16,5,269995.00
56,2026-03-17,5,269995.00
56,2026-03-18,5,269995.00
56,2026-03-19,5,269995.00
56,2026-03-20,5,269995.00
56,2026-03-21,6,323994.00
56,2026-03-22,6,323994.00
56,2026-03-23,5,269995.00
56,2026-03-24,5,269995.00
56,2026-03-25,5,269995.00
56,2026-03-26,5,269995.00
56,2026-03-27,5,269995.00
56,2026-03-28,6,323994.00
56,2026-03-29,6,323994.00
56,2026-03-30,5,269995.00
56,2026-03-31,5,269995.00
56,2026-04-01,5,269995.00
56,2026-04-02,5,269995.00
56,2026-04-03,5,269995.00
56,2026-04-04,6,323994.00
56,2026-04-05,6,323994.00
56,2026-04-06,5,269995.00
56,2026-04-07,5,269995.00
56,2026-04-08,5,269995.00
56,2026-04-09,5,269995.00
56,2026-04-10,5,269995.00
56,2026-04-11,6,323994.00
56,2026-04-12,6,323994.00
56,2026-04-13,5,269995.00
56,2026-04-14,5,269995.00
56,2026-04-15,5,269995.00
56,2026-04-16,5,269995.00
56,2026-04-17,5,269995.00
56,2026-04-18,6,323994.00
56,2026-04-19,6,323994.00
56,2026-04-20,5,269995.00
56,2026-04-21,5,269995.00
56,2026-04-22,5,269995.00
56,2026-04-23,5,269995.00
56,2026-04-24,5,269995.00
56,2026-04-25,6,323994.00
56,2026-04-26,6,323994.00
56,2026-04-27,5,269995.00
56,2026-04-28,5,269995.00
56,2026-04-29,5,269995.00
56,2026-04-30,5,269995.00
56,2026-05-01,5,269995.00
56,2026-05-02,6,323994.00
56,2026-05-03,6,323994.00
56,2026-05-04,5,269995.00
56,2026-05-05,5,269995.00
56,2026-05-06,5,269995.00
56,2026-05-07,5,269995.00
56,2026-05-08,5,269995.00
56,2026-05-09,6,323994.00
56,2026-05-10,6,323994.00
56,2026-05-11,5,269995.00
56,2026-05-12,5,269995.00
56,2026-05-13,5,269995.00
56,2026-05-14,5,269995.00
56,2026-05-15,5,269995.00
56,2026-05-16,6,323994.00
56,2026-05-17,6,323994.00
56,2026-05-18,5,269995.00
56,2026-05-19,5,269995.00
56,2026-05-20,5,269995.00
56,2026-05-21,5,269995.00
56,2026-05-22,5,269995.00
56,2026-05-23,6,323994.00
56,2026-05-24,6,323994.00
56,2026-05-25,5,269995.00
56,2026-05-26,5,269995.00
56,2026-05-27,5,269995.00
56,2026-05-28,5,269995.00
56,2026-05-29,5,269995.00
56,2026-05-30,6,323994.00
56,2026-05-31,6,323994.00
56,2026-06-01,6,323994.00
56,2026-06-02,6,323994.00
56,2026-06-03,6,323994.00
56,2026-06-04,6,323994.00
56,2026-06-05,6,323994.00
56,2026-06-06,7,377993.00
56,2026-06-07,7,377993.00
56,2026-06-08,6,323994.00
56,2026-06-09,6,323994.00
56,2026-06-10,6,323994.00
56,2026-06-11,6,323994.00
56,2026-06-12,6,323994.00
56,2026-06-13,7,377993.00
56,2026-06-14,7,377993.00
56,2026-06-15,6,323994.00
56,2026-06-16,6,323994.00
56,2026-06-17,6,323994.00
56,2026-06-18,6,323994.00
56,2026-06-19,6,323994.00
56,2026-06-20,7,377993.00
56,2026-06-21,7,377993.00
56,2026-06-22,6,323994.00
56,2026-06-23,6,323994.00
56,2026-06-24,6,323994.00
56,2026-06-25,6,323994.00
56,2026-06-26,6,323994.00
56,2026-06-27,7,377993.00
56,2026-06-28,7,377993.00
56,2026-06-29,6,323994.00
56,2026-06-30,6,323994.00
56,2026-07-01,6,323994.00
56,2026-07-02,6,323994.00
56,2026-07-03,6,323994.00
56,2026-07-04,7,377993.00
56,2026-07-05,7,377993.00
56,2026-07-06,6,323994.00
56,2026-07-07,6,323994.00
56,2026-07-08,6,323994.00
56,2026-07-09,6,323994.00
56,2026-07-10,6,323994.00
56,2026-07-11,7,377993.00
56,2026-07-12,7,377993.00
56,2026-07-13,6,323994.00
56,2026-07-14,6,323994.00
56,2026-07-15,6,323994.00
56,2026-07-16,6,323994.00
56,2026-07-17,6,323994.00
56,2026-07-18,7,377993.00
56,2026-07-19,7,377993.00
56,2026-07-20,6,323994.00
56,2026-07-21,6,323994.00
56,2026-07-22,6,323994.00
56,2026-07-23,6,323994.00
56,2026-07-24,6,323994.00
56,2026-07-25,7,377993.00
56,2026-07-26,7,377993.00
56,2026-07-27,6,323994.00
56,2026-07-28,6,323994.00
56,2026-07-29,6,323994.00
56,2026-07-30,6,323994.00
56,2026-07-31,6,323994.00
56,2026-08-01,6,323994.00
56,2026-08-02,6,323994.00
56,2026-08-03,5,269995.00
56,2026-08-04,5,269995.00
56,2026-08-05,5,269995.00
56,2026-08-06,5,269995.00
56,2026-08-07,5,269995.00
56,2026-08-08,6,323994.00
56,2026-08-09,6,323994.00
56,2026-08-10,5,269995.00
56,2026-08-11,5,269995.00
56,2026-08-12,5,269995.00
56,2026-08-13,5,269995.00
56,2026-08-14,5,269995.00
56,2026-08-15,6,323994.00
56,2026-08-16,6,323994.00
56,2026-08-17,5,269995.00
56,2026-08-18,5,269995.00
56,2026-08-19,5,269995.00
56,2026-08-20,5,269995.00
56,2026-08-21,5,269995.00
56,2026-08-22,6,323994.00
56,2026-08-23,6,323994.00
56,2026-08-24,5,269995.00
56,2026-08-25,5,269995.00
56,2026-08-26,5,269995.00
56,2026-08-27,5,269995.00
56,2026-08-28,5,269995.00
56,2026-08-29,6,323994.00
56,2026-08-30,6,323994.00
56,2026-08-31,5,269995.00
56,2026-09-01,5,269995.00
56,2026-09-02,5,269995.00
56,2026-09-03,5,269995.00
56,2026-09-04,5,269995.00
56,2026-09-05,6,323994.00
56,2026-09-06,6,323994.00
56,2026-09-07,5,269995.00
56,2026-09-08,5,269995.00
56,2026-09-09,5,269995.00
56,2026-09-10,5,269995.00
56,2026-09-11,5,269995.00
56,2026-09-12,6,323994.00
56,2026-09-13,6,323994.00
56,2026-09-14,5,269995.00
56,2026-09-15,5,269995.00
56,2026-09-16,5,269995.00
56,2026-09-17,5,269995.00
56,2026-09-18,5,269995.00
56,2026-09-19,6,323994.00
56,2026-09-20,6,323994.00
56,2026-09-21,5,269995.00
56,2026-09-22,5,269995.00
56,2026-09-23,5,269995.00
56,2026-09-24,5,269995.00
56,2026-09-25,5,269995.00
56,2026-09-26,6,323994.00
56,2026-09-27,6,323994.00
56,2026-09-28,5,269995.00
56,2026-09-29,5,269995.00
57,2025-09-30,7,769993.00
57,2025-10-01,9,989991.00
57,2025-10-02,9,989991.00
57,2025-10-03,9,989991.00
57,2025-10-04,11,1209989.00
57,2025-10-05,10,1099990.00
57,2025-10-06,9,989991.00
57,2025-10-07,9,989991.00
57,2025-10-08,9,989991.00
57,2025-10-09,9,989991.00
57,2025-10-10,9,989991.00
57,2025-10-11,11,1209989.00
57,2025-10-12,10,1099990.00
57,2025-10-13,9,989991.00
57,2025-10-14,9,989991.00
57,2025-10-15,9,989991.00
57,2025-10-16,9,989991.00
57,2025-10-17,9,989991.00
57,2025-10-18,11,1209989.00
57,2025-10-19,10,1099990.00
57,2025-10-20,9,989991.00
57,2025-10-21,9,989991.00
57,2025-10-22,9,989991.00
57,2025-10-23,9,989991.00
57,2025-10-24,9,989991.00
57,2025-10-25,11,1209989.00
57,2025-10-26,10,1099990.00
57,2025-10-27,9,989991.00
57,2025-10-28,9,989991.00
57,2025-10-29,9,989991.00
57,2025-10-30,9,989991.00
57,2025-10-31,9,989991.00
57,2025-11-01,11,1209989.00
57,2025-11-02,10,1099990.00
57,2025-11-03,9,989991.00
57,2025-11-04,9,989991.00
57,2025-11-05,9,989991.00
57,2025-11-06,9,989991.00
57,2025-11-07,9,989991.00
57,2025-11-08,11,1209989.00
57,2025-11-09,10,1099990.00
57,2025-11-10,9,989991.00
57,2025-11-11,9,989991.00
57,2025-11-12,9,989991.00
57,2025-11-13,9,989991.00
57,2025-11-14,9,989991.00
57,2025-11-15,11,1209989.00
57,2025-11-16,10,1099990.00
57,2025-11-17,9,989991.00
57,2025-11-18,9,989991.00
57,2025-11-19,9,989991.00
57,2025-11-20,9,989991.00
57,2025-11-21,9,989991.00
57,2025-11-22,11,1209989.00
57,2025-11-23,10,1099990.00
57,2025-11-24,9,989991.00
57,2025-11-25,9,989991.00
57,2025-11-26,9,989991.00
57,2025-11-27,9,989991.00
57,2025-11-28,9,989991.00
57,2025-11-29,11,1209989.00
57,2025-11-30,10,1099990.00
57,2025-12-01,7,769993.00
57,2025-12-02,7,769993.00
57,2025-12-03,7,769993.00
57,2025-12-04,7,769993.00
57,2025-12-05,7,769993.00
57,2025-12-06,9,989991.00
57,2025-12-07,8,879992.00
57,2025-12-08,7,769993.00
57,2025-12-09,7,769993.00
57,2025-12-10,7,769993.00
57,2025-12-11,7,769993.00
57,2025-12-12,7,769993.00
57,2025-12-13,9,989991.00
57,2025-12-14,8,879992.00
57,2025-12-15,7,769993.00
57,2025-12-16,7,769993.00
57,2025-12-17,7,769993.00
57,2025-12-18,7,769993.00
57,2025-12-19,7,769993.00
57,2025-12-20,9,989991.00
57,2025-12-21,8,879992.00
57,2025-12-22,7,769993.00
57,2025-12-23,7,769993.00
57,2025-12-24,7,769993.00
57,2025-12-25,7,769993.00
57,2025-12-26,7,769993.00
57,2025-12-27,9,989991.00
57,2025-12-28,8,879992.00
57,2025-12-29,7,769993.00
57,2025-12-30,7,769993.00
57,2025-12-31,7,769993.00
57,2026-01-01,7,769993.00
57,2026-01-02,7,769993.00
57,2026-01-03,9,989991.00
57,2026-01-04,8,879992.00
57,2026-01-05,7,769993.00
57,2026-01-06,7,769993.00
57,2026-01-07,7,769993.00
57,2026-01-08,7,769993.00
57,2026-01-09,7,769993.00
57,2026-01-10,9,989991.00
57,2026-01-11,8,879992.00
57,2026-01-12,7,769993.00
57,2026-01-13,7,769993.00
57,2026-01-14,7,769993.00
57,2026-01-15,7,769993.00
57,2026-01-16,7,769993.00
57,2026-01-17,9,989991.00
57,2026-01-18,8,879992.00
57,2026-01-19,7,769993.00
57,2026-01-20,7,769993.00
57,2026-01-21,7,769993.00
57,2026-01-22,7,769993.00
57,2026-01-23,7,769993.00
57,2026-01-24,9,989991.00
57,2026-01-25,8,879992.00
57,2026-01-26,7,769993.00
57,2026-01-27,7,769993.00
57,2026-01-28,7,769993.00
57,2026-01-29,7,769993.00
57,2026-01-30,7,769993.00
57,2026-01-31,9,989991.00
57,2026-02-01,8,879992.00
57,2026-02-02,7,769993.00
57,2026-02-03,7,769993.00
57,2026-02-04,7,769993.00
57,2026-02-05,7,769993.00
57,2026-02-06,7,769993.00
57,2026-02-07,9,989991.00
57,2026-02-08,8,879992.00
57,2026-02-09,7,769993.00
57,2026-02-10,7,769993.00
57,2026-02-11,7,769993.00
57,2026-02-12,7,769993.00
57,2026-02-13,7,769993.00
57,2026-02-14,9,989991.00
57,2026-02-15,8,879992.00
57,2026-02-16,7,769993.00
57,2026-02-17,7,769993.00
57,2026-02-18,7,769993.00
57,2026-02-19,7,769993.00
57,2026-02-20,7,769993.00
57,2026-02-21,9,989991.00
57,2026-02-22,8,879992.00
57,2026-02-23,7,769993.00
57,2026-02-24,7,769993.00
57,2026-02-25,7,769993.00
57,2026-02-26,7,769993.00
57,2026-02-27,7,769993.00
57,2026-02-28,9,989991.00
57,2026-03-01,8,879992.00
57,2026-03-02,7,769993.00
57,2026-03-03,7,769993.00
57,2026-03-04,7,769993.00
57,2026-03-05,7,769993.00
57,2026-03-06,7,769993.00
57,2026-03-07,9,989991.00
57,2026-03-08,8,879992.00
57,2026-03-09,7,769993.00
57,2026-03-10,7,769993.00
57,2026-03-11,7,769993.00
57,2026-03-12,7,769993.00
57,2026-03-13,7,769993.00
57,2026-03-14,9,989991.00
57,2026-03-15,8,879992.00
57,2026-03-16,7,769993.00
57,2026-03-17,7,769993.00
57,2026-03-18,7,769993.00
57,2026-03-19,7,769993.00
57,2026-03-20,7,769993.00
57,2026-03-21,9,989991.00
57,2026-03-22,8,879992.00
57,2026-03-23,7,769993.00
57,2026-03-24,7,769993.00
57,2026-03-25,7,769993.00
57,2026-03-26,7,769993.00
57,2026-03-27,7,769993.00
57,2026-03-28,9,989991.00
57,2026-03-29,8,879992.00
57,2026-03-30,7,769993.00
57,2026-03-31,7,769993.00
57,2026-04-01,7,769993.00
57,2026-04-02,7,769993.00
57,2026-04-03,7,769993.00
57,2026-04-04,9,989991.00
57,2026-04-05,8,879992.00
57,2026-04-06,7,769993.00
57,2026-04-07,7,769993.00
57,2026-04-08,7,769993.00
57,2026-04-09,7,769993.00
57,2026-04-10,7,769993.00
57,2026-04-11,9,989991.00
57,2026-04-12,8,879992.00
57,2026-04-13,7,769993.00
57,2026-04-14,7,769993.00
57,2026-04-15,7,769993.00
57,2026-04-16,7,769993.00
57,2026-04-17,7,769993.00
57,2026-04-18,9,989991.00
57,2026-04-19,8,879992.00
57,2026-04-20,7,769993.00
57,2026-04-21,7,769993.00
57,2026-04-22,7,769993.00
57,2026-04-23,7,769993.00
57,2026-04-24,7,769993.00
57,2026-04-25,9,989991.00
57,2026-04-26,8,879992.00
57,2026-04-27,7,769993.00
57,2026-04-28,7,769993.00
57,2026-04-29,7,769993.00
57,2026-04-30,7,769993.00
57,2026-05-01,7,769993.00
57,2026-05-02,9,989991.00
57,2026-05-03,8,879992.00
57,2026-05-04,7,769993.00
57,2026-05-05,7,769993.00
57,2026-05-06,7,769993.00
57,2026-05-07,7,769993.00
57,2026-05-08,7,769993.00
57,2026-05-09,9,989991.00
57,2026-05-10,8,879992.00
57,2026-05-11,7,769993.00
57,2026-05-12,7,769993.00
57,2026-05-13,7,769993.00
57,2026-05-14,7,769993.00
57,2026-05-15,7,769993.00
57,2026-05-16,9,989991.00
57,2026-05-17,8,879992.00
57,2026-05-18,7,769993.00
57,2026-05-19,7,769993.00
57,2026-05-20,7,769993.00
57,2026-05-21,7,769993.00
57,2026-05-22,7,769993.00
57,2026-05-23,9,989991.00
57,2026-05-24,8,879992.00
57,2026-05-25,7,769993.00
57,2026-05-26,7,769993.00
57,2026-05-27,7,769993.00
57,2026-05-28,7,769993.00
57,2026-05-29,7,769993.00
57,2026-05-30,9,989991.00
57,2026-05-31,8,879992.00
57,2026-06-01,8,879992.00
57,2026-06-02,8,879992.00
57,2026-06-03,8,879992.00
57,2026-06-04,8,879992.00
57,2026-06-05,8,879992.00
57,2026-06-06,10,1099990.00
57,2026-06-07,9,989991.00
57,2026-06-08,8,879992.00
57,2026-06-09,8,879992.00
57,2026-06-10,8,879992.00
57,2026-06-11,8,879992.00
57,2026-06-12,8,879992.00
57,2026-06-13,10,1099990.00
57,2026-06-14,9,989991.00
57,2026-06-15,8,879992.00
57,2026-06-16,8,879992.00
57,2026-06-17,8,879992.00
57,2026-06-18,8,879992.00
57,2026-06-19,8,879992.00
57,2026-06-20,10,1099990.00
57,2026-06-21,9,989991.00
57,2026-06-22,8,879992.00
57,2026-06-23,8,879992.00
57,2026-06-24,8,879992.00
57,2026-06-25,8,879992.00
57,2026-06-26,8,879992.00
57,2026-06-27,10,1099990.00
57,2026-06-28,9,989991.00
57,2026-06-29,8,879992.00
57,2026-06-30,8,879992.00
57,2026-07-01,8,879992.00
57,2026-07-02,8,879992.00
57,2026-07-03,8,879992.00
57,2026-07-04,10,1099990.00
57,2026-07-05,9,989991.00
57,2026-07-06,8,879992.00
57,2026-07-07,8,879992.00
57,2026-07-08,8,879992.00
57,2026-07-09,8,879992.00
57,2026-07-10,8,879992.00
57,2026-07-11,10,1099990.00
57,2026-07-12,9,989991.00
57,2026-07-13,8,879992.00
57,2026-07-14,8,879992.00
57,2026-07-15,8,879992.00
57,2026-07-16,8,879992.00
57,2026-07-17,8,879992.00
57,2026-07-18,10,1099990.00
57,2026-07-19,9,989991.00
57,2026-07-20,8,879992.00
57,2026-07-21,8,879992.00
57,2026-07-22,8,879992.00
57,2026-07-23,8,879992.00
57,2026-07-24,8,879992.00
57,2026-07-25,10,1099990.00
57,2026-07-26,9,989991.00
57,2026-07-27,8,879992.00
57,2026-07-28,8,879992.00
57,2026-07-29,8,879992.00
57,2026-07-30,8,879992.00
57,2026-07-31,8,879992.00
57,2026-08-01,9,989991.00
57,2026-08-02,8,879992.00
57,2026-08-03,7,769993.00
57,2026-08-04,7,769993.00
57,2026-08-05,7,769993.00
57,2026-08-06,7,769993.00
57,2026-08-07,7,769993.00
57,2026-08-08,9,989991.00
57,2026-08-09,8,879992.00
57,2026-08-10,7,769993.00
57,2026-08-11,7,769993.00
57,2026-08-12,7,769993.00
57,2026-08-13,7,769993.00
57,2026-08-14,7,769993.00
57,2026-08-15,9,989991.00
57,2026-08-16,8,879992.00
57,2026-08-17,7,769993.00
57,2026-08-18,7,769993.00
57,2026-08-19,7,769993.00
57,2026-08-20,7,769993.00
57,2026-08-21,7,769993.00
57,2026-08-22,9,989991.00
57,2026-08-23,8,879992.00
57,2026-08-24,7,769993.00
57,2026-08-25,7,769993.00
57,2026-08-26,7,769993.00
57,2026-08-27,7,769993.00
57,2026-08-28,7,769993.00
57,2026-08-29,9,989991.00
57,2026-08-30,8,879992.00
57,2026-08-31,7,769993.00
57,2026-09-01,7,769993.00
57,2026-09-02,7,769993.00
57,2026-09-03,7,769993.00
57,2026-09-04,7,769993.00
57,2026-09-05,9,989991.00
57,2026-09-06,8,879992.00
57,2026-09-07,7,769993.00
57,2026-09-08,7,769993.00
57,2026-09-09,7,769993.00
57,2026-09-10,7,769993.00
57,2026-09-11,7,769993.00
57,2026-09-12,9,989991.00
57,2026-09-13,8,879992.00
57,2026-09-14,7,769993.00
57,2026-09-15,7,769993.00
57,2026-09-16,7,769993.00
57,2026-09-17,7,769993.00
57,2026-09-18,7,769993.00
57,2026-09-19,9,989991.00
57,2026-09-20,8,879992.00
57,2026-09-21,7,769993.00
57,2026-09-22,7,769993.00
57,2026-09-23,7,769993.00
57,2026-09-24,7,769993.00
57,2026-09-25,7,769993.00
57,2026-09-26,9,989991.00
57,2026-09-27,8,879992.00
57,2026-09-28,7,769993.00
57,2026-09-29,7,769993.00
58,2025-09-30,7,573993.00
58,2025-10-01,9,737991.00
58,2025-10-02,9,737991.00
58,2025-10-03,9,737991.00
58,2025-10-04,10,819990.00
58,2025-10-05,10,819990.00
58,2025-10-06,9,737991.00
58,2025-10-07,9,737991.00
58,2025-10-08,9,737991.00
58,2025-10-09,9,737991.00
58,2025-10-10,9,737991.00
58,2025-10-11,10,819990.00
58,2025-10-12,10,819990.00
58,2025-10-13,9,737991.00
58,2025-10-14,9,737991.00
58,2025-10-15,9,737991.00
58,2025-10-16,9,737991.00
58,2025-10-17,9,737991.00
58,2025-10-18,10,819990.00
58,2025-10-19,10,819990.00
58,2025-10-20,9,737991.00
58,2025-10-21,9,737991.00
58,2025-10-22,9,737991.00
58,2025-10-23,9,737991.00
58,2025-10-24,9,737991.00
58,2025-10-25,10,819990.00
58,2025-10-26,10,819990.00
58,2025-10-27,9,737991.00
58,2025-10-28,9,737991.00
58,2025-10-29,9,737991.00
58,2025-10-30,9,737991.00
58,2025-10-31,9,737991.00
58,2025-11-01,10,819990.00
58,2025-11-02,10,819990.00
58,2025-11-03,9,737991.00
58,2025-11-04,9,737991.00
58,2025-11-05,9,737991.00
58,2025-11-06,9,737991.00
58,2025-11-07,9,737991.00
58,2025-11-08,10,819990.00
58,2025-11-09,10,819990.00
58,2025-11-10,9,737991.00
58,2025-11-11,9,737991.00
58,2025-11-12,9,737991.00
58,2025-11-13,9,737991.00
58,2025-11-14,9,737991.00
58,2025-11-15,10,819990.00
58,2025-11-16,10,819990.00
58,2025-11-17,9,737991.00
58,2025-11-18,9,737991.00
58,2025-11-19,9,737991.00
58,2025-11-20,9,737991.00
58,2025-11-21,9,737991.00
58,2025-11-22,10,819990.00
58,2025-11-23,10,819990.00
58,2025-11-24,9,737991.00
58,2025-11-25,9,737991.00
58,2025-11-26,9,737991.00
58,2025-11-27,9,737991.00
58,2025-11-28,9,737991.00
58,2025-11-29,10,819990.00
58,2025-11-30,10,819990.00
58,2025-12-01,7,573993.00
58,2025-12-02,7,573993.00
58,2025-12-03,7,573993.00
58,2025-12-04,7,573993.00
58,2025-12-05,7,573993.00
58,2025-12-06,8,655992.00
58,2025-12-07,8,655992.00
58,2025-12-08,7,573993.00
58,2025-12-09,7,573993.00
58,2025-12-10,7,573993.00
58,2025-12-11,7,573993.00
58,2025-12-12,7,573993.00
58,2025-12-13,8,655992.00
58,2025-12-14,8,655992.00
58,2025-12-15,7,573993.00
58,2025-12-16,7,573993.00
58,2025-12-17,7,573993.00
58,2025-12-18,7,573993.00
58,2025-12-19,7,573993.00
58,2025-12-20,8,655992.00
58,2025-12-21,8,655992.00
58,2025-12-22,7,573993.00
58,2025-12-23,7,573993.00
58,2025-12-24,7,573993.00
58,2025-12-25,7,573993.00
58,2025-12-26,7,573993.00
58,2025-12-27,8,655992.00
58,2025-12-28,8,655992.00
58,2025-12-29,7,573993.00
58,2025-12-30,7,573993.00
58,2025-12-31,7,573993.00
58,2026-01-01,7,573993.00
58,2026-01-02,7,573993.00
58,2026-01-03,8,655992.00
58,2026-01-04,8,655992.00
58,2026-01-05,7,573993.00
58,2026-01-06,7,573993.00
58,2026-01-07,7,573993.00
58,2026-01-08,7,573993.00
58,2026-01-09,7,573993.00
58,2026-01-10,8,655992.00
58,2026-01-11,8,655992.00
58,2026-01-12,7,573993.00
58,2026-01-13,7,573993.00
58,2026-01-14,7,573993.00
58,2026-01-15,7,573993.00
58,2026-01-16,7,573993.00
58,2026-01-17,8,655992.00
58,2026-01-18,8,655992.00
58,2026-01-19,7,573993.00
58,2026-01-20,7,573993.00
58,2026-01-21,7,573993.00
58,2026-01-22,7,573993.00
58,2026-01-23,7,573993.00
58,2026-01-24,8,655992.00
58,2026-01-25,8,655992.00
58,2026-01-26,7,573993.00
58,2026-01-27,7,573993.00
58,2026-01-28,7,573993.00
58,2026-01-29,7,573993.00
58,2026-01-30,7,573993.00
58,2026-01-31,8,655992.00
58,2026-02-01,8,655992.00
58,2026-02-02,7,573993.00
58,2026-02-03,7,573993.00
58,2026-02-04,7,573993.00
58,2026-02-05,7,573993.00
58,2026-02-06,7,573993.00
58,2026-02-07,8,655992.00
58,2026-02-08,8,655992.00
58,2026-02-09,7,573993.00
58,2026-02-10,7,573993.00
58,2026-02-11,7,573993.00
58,2026-02-12,7,573993.00
58,2026-02-13,7,573993.00
58,2026-02-14,8,655992.00
58,2026-02-15,8,655992.00
58,2026-02-16,7,573993.00
58,2026-02-17,7,573993.00
58,2026-02-18,7,573993.00
58,2026-02-19,7,573993.00
58,2026-02-20,7,573993.00
58,2026-02-21,8,655992.00
58,2026-02-22,8,655992.00
58,2026-02-23,7,573993.00
58,2026-02-24,7,573993.00
58,2026-02-25,7,573993.00
58,2026-02-26,7,573993.00
58,2026-02-27,7,573993.00
58,2026-02-28,8,655992.00
58,2026-03-01,8,655992.00
58,2026-03-02,7,573993.00
58,2026-03-03,7,573993.00
58,2026-03-04,7,573993.00
58,2026-03-05,7,573993.00
58,2026-03-06,7,573993.00
58,2026-03-07,8,655992.00
58,2026-03-08,8,655992.00
58,2026-03-09,7,573993.00
58,2026-03-10,7,573993.00
58,2026-03-11,7,573993.00
58,2026-03-12,7,573993.00
58,2026-03-13,7,573993.00
58,2026-03-14,8,655992.00
58,2026-03-15,8,655992.00
58,2026-03-16,7,573993.00
58,2026-03-17,7,573993.00
58,2026-03-18,7,573993.00
58,2026-03-19,7,573993.00
58,2026-03-20,7,573993.00
58,2026-03-21,8,655992.00
58,2026-03-22,8,655992.00
58,2026-03-23,7,573993.00
58,2026-03-24,7,573993.00
58,2026-03-25,7,573993.00
58,2026-03-26,7,573993.00
58,2026-03-27,7,573993.00
58,2026-03-28,8,655992.00
58,2026-03-29,8,655992.00
58,2026-03-30,7,573993.00
58,2026-03-31,7,573993.00
58,2026-04-01,7,573993.00
58,2026-04-02,7,573993.00
58,2026-04-03,7,573993.00
58,2026-04-04,8,655992.00
58,2026-04-05,8,655992.00
58,2026-04-06,7,573993.00
58,2026-04-07,7,573993.00
58,2026-04-08,7,573993.00
58,2026-04-09,7,573993.00
58,2026-04-10,7,573993.00
58,2026-04-11,8,655992.00
58,2026-04-12,8,655992.00
58,2026-04-13,7,573993.00
58,2026-04-14,7,573993.00
58,2026-04-15,7,573993.00
58,2026-04-16,7,573993.00
58,2026-04-17,7,573993.00
58,2026-04-18,8,655992.00
58,2026-04-19,8,655992.00
58,2026-04-20,7,573993.00
58,2026-04-21,7,573993.00
58,2026-04-22,7,573993.00
58,2026-04-23,7,573993.00
58,2026-04-24,7,573993.00
58,2026-04-25,8,655992.00
58,2026-04-26,8,655992.00
58,2026-04-27,7,573993.00
58,2026-04-28,7,573993.00
58,2026-04-29,7,573993.00
58,2026-04-30,7,573993.00
58,2026-05-01,7,573993.00
58,2026-05-02,8,655992.00
58,2026-05-03,8,655992.00
58,2026-05-04,7,573993.00
58,2026-05-05,7,573993.00
58,2026-05-06,7,573993.00
58,2026-05-07,7,573993.00
58,2026-05-08,7,573993.00
58,2026-05-09,8,655992.00
58,2026-05-10,8,655992.00
58,2026-05-11,7,573993.00
58,2026-05-12,7,573993.00
58,2026-05-13,7,573993.00
58,2026-05-14,7,573993.00
58,2026-05-15,7,573993.00
58,2026-05-16,8,655992.00
58,2026-05-17,8,655992.00
58,2026-05-18,7,573993.00
58,2026-05-19,7,573993.00
58,2026-05-20,7,573993.00
58,2026-05-21,7,573993.00
58,2026-05-22,7,573993.00
58,2026-05-23,8,655992.00
58,2026-05-24,8,655992.00
58,2026-05-25,7,573993.00
58,2026-05-26,7,573993.00
58,2026-05-27,7,573993.00
58,2026-05-28,7,573993.00
58,2026-05-29,7,573993.00
58,2026-05-30,8,655992.00
58,2026-05-31,8,655992.00
58,2026-06-01,8,655992.00
58,2026-06-02,8,655992.00
58,2026-06-03,8,655992.00
58,2026-06-04,8,655992.00
58,2026-06-05,8,655992.00
58,2026-06-06,10,819990.00
58,2026-06-07,9,737991.00
58,2026-06-08,8,655992.00
58,2026-06-09,8,655992.00
58,2026-06-10,8,655992.00
58,2026-06-11,8,655992.00
58,2026-06-12,8,655992.00
58,2026-06-13,10,819990.00
58,2026-06-14,9,737991.00
58,2026-06-15,8,655992.00
58,2026-06-16,8,655992.00
58,2026-06-17,8,655992.00
58,2026-06-18,8,655992.00
58,2026-06-19,8,655992.00
58,2026-06-20,10,819990.00
58,2026-06-21,9,737991.00
58,2026-06-22,8,655992.00
58,2026-06-23,8,655992.00
58,2026-06-24,8,655992.00
58,2026-06-25,8,655992.00
58,2026-06-26,8,655992.00
58,2026-06-27,10,819990.00
58,2026-06-28,9,737991.00
58,2026-06-29,8,655992.00
58,2026-06-30,8,655992.00
58,2026-07-01,8,655992.00
58,2026-07-02,8,655992.00
58,2026-07-03,8,655992.00
58,2026-07-04,10,819990.00
58,2026-07-05,9,737991.00
58,2026-07-06,8,655992.00
58,2026-07-07,8,655992.00
58,2026-07-08,8,655992.00
58,2026-07-09,8,655992.00
58,2026-07-10,8,655992.00
58,2026-07-11,10,819990.00
58,2026-07-12,9,737991.00
58,2026-07-13,8,655992.00
58,2026-07-14,8,655992.00
58,2026-07-15,8,655992.00
58,2026-07-16,8,655992.00
58,2026-07-17,8,655992.00
58,2026-07-18,10,819990.00
58,2026-07-19,9,737991.00
58,2026-07-20,8,655992.00
58,2026-07-21,8,655992.00
58,2026-07-22,8,655992.00
58,2026-07-23,8,655992.00
58,2026-07-24,8,655992.00
58,2026-07-25,10,819990.00
58,2026-07-26,9,737991.00
58,2026-07-27,8,655992.00
58,2026-07-28,8,655992.00
58,2026-07-29,8,655992.00
58,2026-07-30,8,655992.00
58,2026-07-31,8,655992.00
58,2026-08-01,8,655992.00
58,2026-08-02,8,655992.00
58,2026-08-03,7,573993.00
58,2026-08-04,7,573993.00
58,2026-08-05,7,573993.00
58,2026-08-06,7,573993.00
58,2026-08-07,7,573993.00
58,2026-08-08,8,655992.00
58,2026-08-09,8,655992.00
58,2026-08-10,7,573993.00
58,2026-08-11,7,573993.00
58,2026-08-12,7,573993.00
58,2026-08-13,7,573993.00
58,2026-08-14,7,573993.00
58,2026-08-15,8,655992.00
58,2026-08-16,8,655992.00
58,2026-08-17,7,573993.00
58,2026-08-18,7,573993.00
58,2026-08-19,7,573993.00
58,2026-08-20,7,573993.00
58,2026-08-21,7,573993.00
58,2026-08-22,8,655992.00
58,2026-08-23,8,655992.00
58,2026-08-24,7,573993.00
58,2026-08-25,7,573993.00
58,2026-08-26,7,573993.00
58,2026-08-27,7,573993.00
58,2026-08-28,7,573993.00
58,2026-08-29,8,655992.00
58,2026-08-30,8,655992.00
58,2026-08-31,7,573993.00
58,2026-09-01,7,573993.00
58,2026-09-02,7,573993.00
58,2026-09-03,7,573993.00
58,2026-09-04,7,573993.00
58,2026-09-05,8,655992.00
58,2026-09-06,8,655992.00
58,2026-09-07,7,573993.00
58,2026-09-08,7,573993.00
58,2026-09-09,7,573993.00
58,2026-09-10,7,573993.00
58,2026-09-11,7,573993.00
58,2026-09-12,8,655992.00
58,2026-09-13,8,655992.00
58,2026-09-14,7,573993.00
58,2026-09-15,7,573993.00
58,2026-09-16,7,573993.00
58,2026-09-17,7,573993.00
58,2026-09-18,7,573993.00
58,2026-09-19,8,655992.00
58,2026-09-20,8,655992.00
58,2026-09-21,7,573993.00
58,2026-09-22,7,573993.00
58,2026-09-23,7,573993.00
58,2026-09-24,7,573993.00
58,2026-09-25,7,573993.00
58,2026-09-26,8,655992.00
58,2026-09-27,8,655992.00
58,2026-09-28,7,573993.00
58,2026-09-29,7,573993.00
59,2025-09-30,8,151992.00
59,2025-10-01,10,189990.00
59,2025-10-02,10,189990.00
59,2025-10-03,10,189990.00
59,2025-10-04,12,227988.00
59,2025-10-05,11,208989.00
59,2025-10-06,10,189990.00
59,2025-10-07,10,189990.00
59,2025-10-08,10,189990.00
59,2025-10-09,10,189990.00
59,2025-10-10,10,189990.00
59,2025-10-11,12,227988.00
59,2025-10-12,11,208989.00
59,2025-10-13,10,189990.00
59,2025-10-14,10,189990.00
59,2025-10-15,10,189990.00
59,2025-10-16,10,189990.00
59,2025-10-17,10,189990.00
59,2025-10-18,12,227988.00
59,2025-10-19,11,208989.00
59,2025-10-20,10,189990.00
59,2025-10-21,10,189990.00
59,2025-10-22,10,189990.00
59,2025-10-23,10,189990.00
59,2025-10-24,10,189990.00
59,2025-10-25,12,227988.00
59,2025-10-26,11,208989.00
59,2025-10-27,10,189990.00
59,2025-10-28,10,189990.00
59,2025-10-29,10,189990.00
59,2025-10-30,10,189990.00
59,2025-10-31,10,189990.00
59,2025-11-01,12,227988.00
59,2025-11-02,11,208989.00
59,2025-11-03,10,189990.00
59,2025-11-04,10,189990.00
59,2025-11-05,10,189990.00
59,2025-11-06,10,189990.00
59,2025-11-07,10,189990.00
59,2025-11-08,12,227988.00
59,2025-11-09,11,208989.00
59,2025-11-10,10,189990.00
59,2025-11-11,10,189990.00
59,2025-11-12,10,189990.00
59,2025-11-13,10,189990.00
59,2025-11-14,10,189990.00
59,2025-11-15,12,227988.00
59,2025-11-16,11,208989.00
59,2025-11-17,10,189990.00
59,2025-11-18,10,189990.00
59,2025-11-19,10,189990.00
59,2025-11-20,10,189990.00
59,2025-11-21,10,189990.00
59,2025-11-22,12,227988.00
59,2025-11-23,11,208989.00
59,2025-11-24,10,189990.00
59,2025-11-25,10,189990.00
59,2025-11-26,10,189990.00
59,2025-11-27,10,189990.00
59,2025-11-28,10,189990.00
59,2025-11-29,12,227988.00
59,2025-11-30,11,208989.00
59,2025-12-01,8,151992.00
59,2025-12-02,8,151992.00
59,2025-12-03,8,151992.00
59,2025-12-04,8,151992.00
59,2025-12-05,8,151992.00
59,2025-12-06,9,170991.00
59,2025-12-07,9,170991.00
59,2025-12-08,8,151992.00
59,2025-12-09,8,151992.00
59,2025-12-10,8,151992.00
59,2025-12-11,8,151992.00
59,2025-12-12,8,151992.00
59,2025-12-13,9,170991.00
59,2025-12-14,9,170991.00
59,2025-12-15,8,151992.00
59,2025-12-16,8,151992.00
59,2025-12-17,8,151992.00
59,2025-12-18,8,151992.00
59,2025-12-19,8,151992.00
59,2025-12-20,9,170991.00
59,2025-12-21,9,170991.00
59,2025-12-22,8,151992.00
59,2025-12-23,8,151992.00
59,2025-12-24,8,151992.00
59,2025-12-25,8,151992.00
59,2025-12-26,8,151992.00
59,2025-12-27,9,170991.00
59,2025-12-28,9,170991.00
59,2025-12-29,8,151992.00
59,2025-12-30,8,151992.00
59,2025-12-31,8,151992.00
59,2026-01-01,8,151992.00
59,2026-01-02,8,151992.00
59,2026-01-03,9,170991.00
59,2026-01-04,9,170991.00
59,2026-01-05,8,151992.00
59,2026-01-06,8,151992.00
59,2026-01-07,8,151992.00
59,2026-01-08,8,151992.00
59,2026-01-09,8,151992.00
59,2026-01-10,9,170991.00
59,2026-01-11,9,170991.00
59,2026-01-12,8,151992.00
59,2026-01-13,8,151992.00
59,2026-01-14,8,151992.00
59,2026-01-15,8,151992.00
59,2026-01-16,8,151992.00
59,2026-01-17,9,170991.00
59,2026-01-18,9,170991.00
59,2026-01-19,8,151992.00
59,2026-01-20,8,151992.00
59,2026-01-21,8,151992.00
59,2026-01-22,8,151992.00
59,2026-01-23,8,151992.00
59,2026-01-24,9,170991.00
59,2026-01-25,9,170991.00
59,2026-01-26,8,151992.00
59,2026-01-27,8,151992.00
59,2026-01-28,8,151992.00
59,2026-01-29,8,151992.00
59,2026-01-30,8,151992.00
59,2026-01-31,9,170991.00
59,2026-02-01,9,170991.00
59,2026-02-02,8,151992.00
59,2026-02-03,8,151992.00
59,2026-02-04,8,151992.00
59,2026-02-05,8,151992.00
59,2026-02-06,8,151992.00
59,2026-02-07,9,170991.00
59,2026-02-08,9,170991.00
59,2026-02-09,8,151992.00
59,2026-02-10,8,151992.00
59,2026-02-11,8,151992.00
59,2026-02-12,8,151992.00
59,2026-02-13,8,151992.00
59,2026-02-14,9,170991.00
59,2026-02-15,9,170991.00
59,2026-02-16,8,151992.00
59,2026-02-17,8,151992.00
59,2026-02-18,8,151992.00
59,2026-02-19,8,151992.00
59,2026-02-20,8,151992.00
59,2026-02-21,9,170991.00
59,2026-02-22,9,170991.00
59,2026-02-23,8,151992.00
59,2026-02-24,8,151992.00
59,2026-02-25,8,151992.00
59,2026-02-26,8,151992.00
59,2026-02-27,8,151992.00
59,2026-02-28,9,170991.00
59,2026-03-01,9,170991.00
59,2026-03-02,8,151992.00
59,2026-03-03,8,151992.00
59,2026-03-04,8,151992.00
59,2026-03-05,8,151992.00
59,2026-03-06,8,151992.00
59,2026-03-07,9,170991.00
59,2026-03-08,9,170991.00
59,2026-03-09,8,151992.00
59,2026-03-10,8,151992.00
59,2026-03-11,8,151992.00
59,2026-03-12,8,151992.00
59,2026-03-13,8,151992.00
59,2026-03-14,9,170991.00
59,2026-03-15,9,170991.00
59,2026-03-16,8,151992.00
59,2026-03-17,8,151992.00
59,2026-03-18,8,151992.00
59,2026-03-19,8,151992.00
59,2026-03-20,8,151992.00
59,2026-03-21,9,170991.00
59,2026-03-22,9,170991.00
59,2026-03-23,8,151992.00
59,2026-03-24,8,151992.00
59,2026-03-25,8,151992.00
59,2026-03-26,8,151992.00
59,2026-03-27,8,151992.00
59,2026-03-28,9,170991.00
59,2026-03-29,9,170991.00
59,2026-03-30,8,151992.00
59,2026-03-31,8,151992.00
59,2026-04-01,8,151992.00
59,2026-04-02,8,151992.00
59,2026-04-03,8,151992.00
59,2026-04-04,9,170991.00
59,2026-04-05,9,170991.00
59,2026-04-06,8,151992.00
59,2026-04-07,8,151992.00
59,2026-04-08,8,151992.00
59,2026-04-09,8,151992.00
59,2026-04-10,8,151992.00
59,2026-04-11,9,170991.00
59,2026-04-12,9,170991.00
59,2026-04-13,8,151992.00
59,2026-04-14,8,151992.00
59,2026-04-15,8,151992.00
59,2026-04-16,8,151992.00
59,2026-04-17,8,151992.00
59,2026-04-18,9,170991.00
59,2026-04-19,9,170991.00
59,2026-04-20,8,151992.00
59,2026-04-21,8,151992.00
59,2026-04-22,8,151992.00
59,2026-04-23,8,151992.00
59,2026-04-24,8,151992.00
59,2026-04-25,9,170991.00
59,2026-04-26,9,170991.00
59,2026-04-27,8,151992.00
59,2026-04-28,8,151992.00
59,2026-04-29,8,151992.00
59,2026-04-30,8,151992.00
59,2026-05-01,8,151992.00
59,2026-05-02,9,170991.00
59,2026-05-03,9,170991.00
59,2026-05-04,8,151992.00
59,2026-05-05,8,151992.00
59,2026-05-06,8,151992.00
59,2026-05-07,8,151992.00
59,2026-05-08,8,151992.00
59,2026-05-09,9,170991.00
59,2026-05-10,9,170991.00
59,2026-05-11,8,151992.00
59,2026-05-12,8,151992.00
59,2026-05-13,8,151992.00
59,2026-05-14,8,151992.00
59,2026-05-15,8,151992.00
59,2026-05-16,9,170991.00
59,2026-05-17,9,170991.00
59,2026-05-18,8,151992.00
59,2026-05-19,8,151992.00
59,2026-05-20,8,151992.00
59,2026-05-21,8,151992.00
59,2026-05-22,8,151992.00
59,2026-05-23,9,170991.00
59,2026-05-24,9,170991.00
59,2026-05-25,8,151992.00
59,2026-05-26,8,151992.00
59,2026-05-27,8,151992.00
59,2026-05-28,8,151992.00
59,2026-05-29,8,151992.00
59,2026-05-30,9,170991.00
59,2026-05-31,9,170991.00
59,2026-06-01,8,151992.00
59,2026-06-02,8,151992.00
59,2026-06-03,8,151992.00
59,2026-06-04,8,151992.00
59,2026-06-05,8,151992.00
59,2026-06-06,9,170991.00
59,2026-06-07,9,170991.00
59,2026-06-08,8,151992.00
59,2026-06-09,8,151992.00
59,2026-06-10,8,151992.00
59,2026-06-11,8,151992.00
59,2026-06-12,8,151992.00
59,2026-06-13,9,170991.00
59,2026-06-14,9,170991.00
59,2026-06-15,8,151992.00
59,2026-06-16,8,151992.00
59,2026-06-17,8,151992.00
59,2026-06-18,8,151992.00
59,2026-06-19,8,151992.00
59,2026-06-20,9,170991.00
59,2026-06-21,9,170991.00
59,2026-06-22,8,151992.00
59,2026-06-23,8,151992.00
59,2026-06-24,8,151992.00
59,2026-06-25,8,151992.00
59,2026-06-26,8,151992.00
59,2026-06-27,9,170991.00
59,2026-06-28,9,170991.00
59,2026-06-29,8,151992.00
59,2026-06-30,8,151992.00
59,2026-07-01,8,151992.00
59,2026-07-02,8,151992.00
59,2026-07-03,8,151992.00
59,2026-07-04,9,170991.00
59,2026-07-05,9,170991.00
59,2026-07-06,8,151992.00
59,2026-07-07,8,151992.00
59,2026-07-08,8,151992.00
59,2026-07-09,8,151992.00
59,2026-07-10,8,151992.00
59,2026-07-11,9,170991.00
59,2026-07-12,9,170991.00
59,2026-07-13,8,151992.00
59,2026-07-14,8,151992.00
59,2026-07-15,8,151992.00
59,2026-07-16,8,151992.00
59,2026-07-17,8,151992.00
59,2026-07-18,9,170991.00
59,2026-07-19,9,170991.00
59,2026-07-20,8,151992.00
59,2026-07-21,8,151992.00
59,2026-07-22,8,151992.00
59,2026-07-23,8,151992.00
59,2026-07-24,8,151992.00
59,2026-07-25,9,170991.00
59,2026-07-26,9,170991.00
59,2026-07-27,8,151992.00
59,2026-07-28,8,151992.00
59,2026-07-29,8,151992.00
59,2026-07-30,8,151992.00
59,2026-07-31,8,151992.00
59,2026-08-01,9,170991.00
59,2026-08-02,9,170991.00
59,2026-08-03,8,151992.00
59,2026-08-04,8,151992.00
59,2026-08-05,8,151992.00
59,2026-08-06,8,151992.00
59,2026-08-07,8,151992.00
59,2026-08-08,9,170991.00
59,2026-08-09,9,170991.00
59,2026-08-10,8,151992.00
59,2026-08-11,8,151992.00
59,2026-08-12,8,151992.00
59,2026-08-13,8,151992.00
59,2026-08-14,8,151992.00
59,2026-08-15,9,170991.00
59,2026-08-16,9,170991.00
59,2026-08-17,8,151992.00
59,2026-08-18,8,151992.00
59,2026-08-19,8,151992.00
59,2026-08-20,8,151992.00
59,2026-08-21,8,151992.00
59,2026-08-22,9,170991.00
59,2026-08-23,9,170991.00
59,2026-08-24,8,151992.00
59,2026-08-25,8,151992.00
59,2026-08-26,8,151992.00
59,2026-08-27,8,151992.00
59,2026-08-28,8,151992.00
59,2026-08-29,9,170991.00
59,2026-08-30,9,170991.00
59,2026-08-31,8,151992.00
59,2026-09-01,8,151992.00
59,2026-09-02,8,151992.00
59,2026-09-03,8,151992.00
59,2026-09-04,8,151992.00
59,2026-09-05,9,170991.00
59,2026-09-06,9,170991.00
59,2026-09-07,8,151992.00
59,2026-09-08,8,151992.00
59,2026-09-09,8,151992.00
59,2026-09-10,8,151992.00
59,2026-09-11,8,151992.00
59,2026-09-12,9,170991.00
59,2026-09-13,9,170991.00
59,2026-09-14,8,151992.00
59,2026-09-15,8,151992.00
59,2026-09-16,8,151992.00
59,2026-09-17,8,151992.00
59,2026-09-18,8,151992.00
59,2026-09-19,9,170991.00
59,2026-09-20,9,170991.00
59,2026-09-21,8,151992.00
59,2026-09-22,8,151992.00
59,2026-09-23,8,151992.00
59,2026-09-24,8,151992.00
59,2026-09-25,8,151992.00
59,2026-09-26,9,170991.00
59,2026-09-27,9,170991.00
59,2026-09-28,8,151992.00
59,2026-09-29,8,151992.00
60,2025-09-30,6,197994.00
60,2025-10-01,8,263992.00
60,2025-10-02,8,263992.00
60,2025-10-03,8,263992.00
60,2025-10-04,9,296991.00
60,2025-10-05,9,296991.00
60,2025-10-06,8,263992.00
60,2025-10-07,8,263992.00
60,2025-10-08,8,263992.00
60,2025-10-09,8,263992.00
60,2025-10-10,8,263992.00
60,2025-10-11,9,296991.00
60,2025-10-12,9,296991.00
60,2025-10-13,8,263992.00
60,2025-10-14,8,263992.00
60,2025-10-15,8,263992.00
60,2025-10-16,8,263992.00
60,2025-10-17,8,263992.00
60,2025-10-18,9,296991.00
60,2025-10-19,9,296991.00
60,2025-10-20,8,263992.00
60,2025-10-21,8,263992.00
60,2025-10-22,8,263992.00
60,2025-10-23,8,263992.00
60,2025-10-24,8,263992.00
60,2025-10-25,9,296991.00
60,2025-10-26,9,296991.00
60,2025-10-27,8,263992.00
60,2025-10-28,8,263992.00
60,2025-10-29,8,263992.00
60,2025-10-30,8,263992.00
60,2025-10-31,8,263992.00
60,2025-11-01,9,296991.00
60,2025-11-02,9,296991.00
60,2025-11-03,8,263992.00
60,2025-11-04,8,263992.00
60,2025-11-05,8,263992.00
60,2025-11-06,8,263992.00
60,2025-11-07,8,263992.00
60,2025-11-08,9,296991.00
60,2025-11-09,9,296991.00
60,2025-11-10,8,263992.00
60,2025-11-11,8,263992.00
60,2025-11-12,8,263992.00
60,2025-11-13,8,263992.00
60,2025-11-14,8,263992.00
60,2025-11-15,9,296991.00
60,2025-11-16,9,296991.00
60,2025-11-17,8,263992.00
60,2025-11-18,8,263992.00
60,2025-11-19,8,263992.00
60,2025-11-20,8,263992.00
60,2025-11-21,8,263992.00
60,2025-11-22,9,296991.00
60,2025-11-23,9,296991.00
60,2025-11-24,8,263992.00
60,2025-11-25,8,263992.00
60,2025-11-26,8,263992.00
60,2025-11-27,8,263992.00
60,2025-11-28,8,263992.00
60,2025-11-29,9,296991.00
60,2025-11-30,9,296991.00
60,2025-12-01,6,197994.00
60,2025-12-02,6,197994.00
60,2025-12-03,6,197994.00
60,2025-12-04,6,197994.00
60,2025-12-05,6,197994.00
60,2025-12-06,7,230993.00
60,2025-12-07,7,230993.00
60,2025-12-08,6,197994.00
60,2025-12-09,6,197994.00
60,2025-12-10,6,197994.00
60,2025-12-11,6,197994.00
60,2025-12-12,6,197994.00
60,2025-12-13,7,230993.00
60,2025-12-14,7,230993.00
60,2025-12-15,6,197994.00
60,2025-12-16,6,197994.00
60,2025-12-17,6,197994.00
60,2025-12-18,6,197994.00
60,2025-12-19,6,197994.00
60,2025-12-20,7,230993.00
60,2025-12-21,7,230993.00
60,2025-12-22,6,197994.00
60,2025-12-23,6,197994.00
60,2025-12-24,6,197994.00
60,2025-12-25,6,197994.00
60,2025-12-26,6,197994.00
60,2025-12-27,7,230993.00
60,2025-12-28,7,230993.00
60,2025-12-29,6,197994.00
60,2025-12-30,6,197994.00
60,2025-12-31,6,197994.00
60,2026-01-01,6,197994.00
60,2026-01-02,6,197994.00
60,2026-01-03,7,230993.00
60,2026-01-04,7,230993.00
60,2026-01-05,6,197994.00
60,2026-01-06,6,197994.00
60,2026-01-07,6,197994.00
60,2026-01-08,6,197994.00
60,2026-01-09,6,197994.00
60,2026-01-10,7,230993.00
60,2026-01-11,7,230993.00
60,2026-01-12,6,197994.00
60,2026-01-13,6,197994.00
60,2026-01-14,6,197994.00
60,2026-01-15,6,197994.00
60,2026-01-16,6,197994.00
60,2026-01-17,7,230993.00
60,2026-01-18,7,230993.00
60,2026-01-19,6,197994.00
60,2026-01-20,6,197994.00
60,2026-01-21,6,197994.00
60,2026-01-22,6,197994.00
60,2026-01-23,6,197994.00
60,2026-01-24,7,230993.00
60,2026-01-25,7,230993.00
60,2026-01-26,6,197994.00
60,2026-01-27,6,197994.00
60,2026-01-28,6,197994.00
60,2026-01-29,6,197994.00
60,2026-01-30,6,197994.00
60,2026-01-31,7,230993.00
60,2026-02-01,7,230993.00
60,2026-02-02,6,197994.00
60,2026-02-03,6,197994.00
60,2026-02-04,6,197994.00
60,2026-02-05,6,197994.00
60,2026-02-06,6,197994.00
60,2026-02-07,7,230993.00
60,2026-02-08,7,230993.00
60,2026-02-09,6,197994.00
60,2026-02-10,6,197994.00
60,2026-02-11,6,197994.00
60,2026-02-12,6,197994.00
60,2026-02-13,6,197994.00
60,2026-02-14,7,230993.00
60,2026-02-15,7,230993.00
60,2026-02-16,6,197994.00
60,2026-02-17,6,197994.00
60,2026-02-18,6,197994.00
60,2026-02-19,6,197994.00
60,2026-02-20,6,197994.00
60,2026-02-21,7,230993.00
60,2026-02-22,7,230993.00
60,2026-02-23,6,197994.00
60,2026-02-24,6,197994.00
60,2026-02-25,6,197994.00
60,2026-02-26,6,197994.00
60,2026-02-27,6,197994.00
60,2026-02-28,7,230993.00
60,2026-03-01,7,230993.00
60,2026-03-02,6,197994.00
60,2026-03-03,6,197994.00
60,2026-03-04,6,197994.00
60,2026-03-05,6,197994.00
60,2026-03-06,6,197994.00
60,2026-03-07,7,230993.00
60,2026-03-08,7,230993.00
60,2026-03-09,6,197994.00
60,2026-03-10,6,197994.00
60,2026-03-11,6,197994.00
60,2026-03-12,6,197994.00
60,2026-03-13,6,197994.00
60,2026-03-14,7,230993.00
60,2026-03-15,7,230993.00
60,2026-03-16,6,197994.00
60,2026-03-17,6,197994.00
60,2026-03-18,6,197994.00
60,2026-03-19,6,197994.00
60,2026-03-20,6,197994.00
60,2026-03-21,7,230993.00
60,2026-03-22,7,230993.00
60,2026-03-23,6,197994.00
60,2026-03-24,6,197994.00
60,2026-03-25,6,197994.00
60,2026-03-26,6,197994.00
60,2026-03-27,6,197994.00
60,2026-03-28,7,230993.00
60,2026-03-29,7,230993.00
60,2026-03-30,6,197994.00
60,2026-03-31,6,197994.00
60,2026-04-01,6,197994.00
60,2026-04-02,6,197994.00
60,2026-04-03,6,197994.00
60,2026-04-04,7,230993.00
60,2026-04-05,7,230993.00
60,2026-04-06,6,197994.00
60,2026-04-07,6,197994.00
60,2026-04-08,6,197994.00
60,2026-04-09,6,197994.00
60,2026-04-10,6,197994.00
60,2026-04-11,7,230993.00
60,2026-04-12,7,230993.00
60,2026-04-13,6,197994.00
60,2026-04-14,6,197994.00
60,2026-04-15,6,197994.00
60,2026-04-16,6,197994.00
60,2026-04-17,6,197994.00
60,2026-04-18,7,230993.00
60,2026-04-19,7,230993.00
60,2026-04-20,6,197994.00
60,2026-04-21,6,197994.00
60,2026-04-22,6,197994.00
60,2026-04-23,6,197994.00
60,2026-04-24,6,197994.00
60,2026-04-25,7,230993.00
60,2026-04-26,7,230993.00
60,2026-04-27,6,197994.00
60,2026-04-28,6,197994.00
60,2026-04-29,6,197994.00
60,2026-04-30,6,197994.00
60,2026-05-01,6,197994.00
60,2026-05-02,7,230993.00
60,2026-05-03,7,230993.00
60,2026-05-04,6,197994.00
60,2026-05-05,6,197994.00
60,2026-05-06,6,197994.00
60,2026-05-07,6,197994.00
60,2026-05-08,6,197994.00
60,2026-05-09,7,230993.00
60,2026-05-10,7,230993.00
60,2026-05-11,6,197994.00
60,2026-05-12,6,197994.00
60,2026-05-13,6,197994.00
60,2026-05-14,6,197994.00
60,2026-05-15,6,197994.00
60,2026-05-16,7,230993.00
60,2026-05-17,7,230993.00
60,2026-05-18,6,197994.00
60,2026-05-19,6,197994.00
60,2026-05-20,6,197994.00
60,2026-05-21,6,197994.00
60,2026-05-22,6,197994.00
60,2026-05-23,7,230993.00
60,2026-05-24,7,230993.00
60,2026-05-25,6,197994.00
60,2026-05-26,6,197994.00
60,2026-05-27,6,197994.00
60,2026-05-28,6,197994.00
60,2026-05-29,6,197994.00
60,2026-05-30,7,230993.00
60,2026-05-31,7,230993.00
60,2026-06-01,7,230993.00
60,2026-06-02,7,230993.00
60,2026-06-03,7,230993.00
60,2026-06-04,7,230993.00
60,2026-06-05,7,230993.00
60,2026-06-06,8,263992.00
60,2026-06-07,8,263992.00
60,2026-06-08,7,230993.00
60,2026-06-09,7,230993.00
60,2026-06-10,7,230993.00
60,2026-06-11,7,230993.00
60,2026-06-12,7,230993.00
60,2026-06-13,8,263992.00
60,2026-06-14,8,263992.00
60,2026-06-15,7,230993.00
60,2026-06-16,7,230993.00
60,2026-06-17,7,230993.00
60,2026-06-18,7,230993.00
60,2026-06-19,7,230993.00
60,2026-06-20,8,263992.00
60,2026-06-21,8,263992.00
60,2026-06-22,7,230993.00
60,2026-06-23,7,230993.00
60,2026-06-24,7,230993.00
60,2026-06-25,7,230993.00
60,2026-06-26,7,230993.00
60,2026-06-27,8,263992.00
60,2026-06-28,8,263992.00
60,2026-06-29,7,230993.00
60,2026-06-30,7,230993.00
60,2026-07-01,7,230993.00
60,2026-07-02,7,230993.00
60,2026-07-03,7,230993.00
60,2026-07-04,8,263992.00
60,2026-07-05,8,263992.00
60,2026-07-06,7,230993.00
60,2026-07-07,7,230993.00
60,2026-07-08,7,230993.00
60,2026-07-09,7,230993.00
60,2026-07-10,7,230993.00
60,2026-07-11,8,263992.00
60,2026-07-12,8,263992.00
60,2026-07-13,7,230993.00
60,2026-07-14,7,230993.00
60,2026-07-15,7,230993.00
60,2026-07-16,7,230993.00
60,2026-07-17,7,230993.00
60,2026-07-18,8,263992.00
60,2026-07-19,8,263992.00
60,2026-07-20,7,230993.00
60,2026-07-21,7,230993.00
60,2026-07-22,7,230993.00
60,2026-07-23,7,230993.00
60,2026-07-24,7,230993.00
60,2026-07-25,8,263992.00
60,2026-07-26,8,263992.00
60,2026-07-27,7,230993.00
60,2026-07-28,7,230993.00
60,2026-07-29,7,230993.00
60,2026-07-30,7,230993.00
60,2026-07-31,7,230993.00
60,2026-08-01,7,230993.00
60,2026-08-02,7,230993.00
60,2026-08-03,6,197994.00
60,2026-08-04,6,197994.00
60,2026-08-05,6,197994.00
60,2026-08-06,6,197994.00
60,2026-08-07,6,197994.00
60,2026-08-08,7,230993.00
60,2026-08-09,7,230993.00
60,2026-08-10,6,197994.00
60,2026-08-11,6,197994.00
60,2026-08-12,6,197994.00
60,2026-08-13,6,197994.00
60,2026-08-14,6,197994.00
60,2026-08-15,7,230993.00
60,2026-08-16,7,230993.00
60,2026-08-17,6,197994.00
60,2026-08-18,6,197994.00
60,2026-08-19,6,197994.00
60,2026-08-20,6,197994.00
60,2026-08-21,6,197994.00
60,2026-08-22,7,230993.00
60,2026-08-23,7,230993.00
60,2026-08-24,6,197994.00
60,2026-08-25,6,197994.00
60,2026-08-26,6,197994.00
60,2026-08-27,6,197994.00
60,2026-08-28,6,197994.00
60,2026-08-29,7,230993.00
60,2026-08-30,7,230993.00
60,2026-08-31,6,197994.00
60,2026-09-01,6,197994.00
60,2026-09-02,6,197994.00
60,2026-09-03,6,197994.00
60,2026-09-04,6,197994.00
60,2026-09-05,7,230993.00
60,2026-09-06,7,230993.00
60,2026-09-07,6,197994.00
60,2026-09-08,6,197994.00
60,2026-09-09,6,197994.00
60,2026-09-10,6,197994.00
60,2026-09-11,6,197994.00
60,2026-09-12,7,230993.00
60,2026-09-13,7,230993.00
60,2026-09-14,6,197994.00
60,2026-09-15,6,197994.00
60,2026-09-16,6,197994.00
60,2026-09-17,6,197994.00
60,2026-09-18,6,197994.00
60,2026-09-19,7,230993.00
60,2026-09-20,7,230993.00
60,2026-09-21,6,197994.00
60,2026-09-22,6,197994.00
60,2026-09-23,6,197994.00
60,2026-09-24,6,197994.00
60,2026-09-25,6,197994.00
60,2026-09-26,7,230993.00
60,2026-09-27,7,230993.00
60,2026-09-28,6,197994.00
60,2026-09-29,6,197994.00
61,2025-09-30,24,719976.00
61,2025-10-01,30,899970.00
61,2025-10-02,30,899970.00
61,2025-10-03,30,899970.00
61,2025-10-04,36,1079964.00
61,2025-10-05,35,1049965.00
61,2025-10-06,30,899970.00
61,2025-10-07,30,899970.00
61,2025-10-08,30,899970.00
61,2025-10-09,30,899970.00
61,2025-10-10,30,899970.00
61,2025-10-11,36,1079964.00
61,2025-10-12,35,1049965.00
61,2025-10-13,30,899970.00
61,2025-10-14,30,899970.00
61,2025-10-15,30,899970.00
61,2025-10-16,30,899970.00
61,2025-10-17,30,899970.00
61,2025-10-18,36,1079964.00
61,2025-10-19,35,1049965.00
61,2025-10-20,30,899970.00
61,2025-10-21,30,899970.00
61,2025-10-22,30,899970.00
61,2025-10-23,30,899970.00
61,2025-10-24,30,899970.00
61,2025-10-25,36,1079964.00
61,2025-10-26,35,1049965.00
61,2025-10-27,30,899970.00
61,2025-10-28,30,899970.00
61,2025-10-29,30,899970.00
61,2025-10-30,30,899970.00
61,2025-10-31,30,899970.00
61,2025-11-01,36,1079964.00
61,2025-11-02,35,1049965.00
61,2025-11-03,30,899970.00
61,2025-11-04,30,899970.00
61,2025-11-05,30,899970.00
61,2025-11-06,30,899970.00
61,2025-11-07,30,899970.00
61,2025-11-08,36,1079964.00
61,2025-11-09,35,1049965.00
61,2025-11-10,30,899970.00
61,2025-11-11,30,899970.00
61,2025-11-12,30,899970.00
61,2025-11-13,30,899970.00
61,2025-11-14,30,899970.00
61,2025-11-15,36,1079964.00
61,2025-11-16,35,1049965.00
61,2025-11-17,30,899970.00
61,2025-11-18,30,899970.00
61,2025-11-19,30,899970.00
61,2025-11-20,30,899970.00
61,2025-11-21,30,899970.00
61,2025-11-22,36,1079964.00
61,2025-11-23,35,1049965.00
61,2025-11-24,30,899970.00
61,2025-11-25,30,899970.00
61,2025-11-26,30,899970.00
61,2025-11-27,30,899970.00
61,2025-11-28,30,899970.00
61,2025-11-29,36,1079964.00
61,2025-11-30,35,1049965.00
61,2025-12-01,24,719976.00
61,2025-12-02,24,719976.00
61,2025-12-03,24,719976.00
61,2025-12-04,24,719976.00
61,2025-12-05,24,719976.00
61,2025-12-06,29,869971.00
61,2025-12-07,28,839972.00
61,2025-12-08,24,719976.00
61,2025-12-09,24,719976.00
61,2025-12-10,24,719976.00
61,2025-12-11,24,719976.00
61,2025-12-12,24,719976.00
61,2025-12-13,29,869971.00
61,2025-12-14,28,839972.00
61,2025-12-15,24,719976.00
61,2025-12-16,24,719976.00
61,2025-12-17,24,719976.00
61,2025-12-18,24,719976.00
61,2025-12-19,24,719976.00
61,2025-12-20,29,869971.00
61,2025-12-21,28,839972.00
61,2025-12-22,24,719976.00
61,2025-12-23,24,719976.00
61,2025-12-24,24,719976.00
61,2025-12-25,24,719976.00
61,2025-12-26,24,719976.00
61,2025-12-27,29,869971.00
61,2025-12-28,28,839972.00
61,2025-12-29,24,719976.00
61,2025-12-30,24,719976.00
61,2025-12-31,24,719976.00
61,2026-01-01,24,719976.00
61,2026-01-02,24,719976.00
61,2026-01-03,29,869971.00
61,2026-01-04,28,839972.00
61,2026-01-05,24,719976.00
61,2026-01-06,24,719976.00
61,2026-01-07,24,719976.00
61,2026-01-08,24,719976.00
61,2026-01-09,24,719976.00
61,2026-01-10,29,869971.00
61,2026-01-11,28,839972.00
61,2026-01-12,24,719976.00
61,2026-01-13,24,719976.00
61,2026-01-14,24,719976.00
61,2026-01-15,24,719976.00
61,2026-01-16,24,719976.00
61,2026-01-17,29,869971.00
61,2026-01-18,28,839972.00
61,2026-01-19,24,719976.00
61,2026-01-20,24,719976.00
61,2026-01-21,24,719976.00
61,2026-01-22,24,719976.00
61,2026-01-23,24,719976.00
61,2026-01-24,29,869971.00
61,2026-01-25,28,839972.00
61,2026-01-26,24,719976.00
61,2026-01-27,24,719976.00
61,2026-01-28,24,719976.00
61,2026-01-29,24,719976.00
61,2026-01-30,24,719976.00
61,2026-01-31,29,869971.00
61,2026-02-01,28,839972.00
61,2026-02-02,24,719976.00
61,2026-02-03,24,719976.00
61,2026-02-04,24,719976.00
61,2026-02-05,24,719976.00
61,2026-02-06,24,719976.00
61,2026-02-07,29,869971.00
61,2026-02-08,28,839972.00
61,2026-02-09,24,719976.00
61,2026-02-10,24,719976.00
61,2026-02-11,24,719976.00
61,2026-02-12,24,719976.00
61,2026-02-13,24,719976.00
61,2026-02-14,29,869971.00
61,2026-02-15,28,839972.00
61,2026-02-16,24,719976.00
61,2026-02-17,24,719976.00
61,2026-02-18,24,719976.00
61,2026-02-19,24,719976.00
61,2026-02-20,24,719976.00
61,2026-02-21,29,869971.00
61,2026-02-22,28,839972.00
61,2026-02-23,24,719976.00
61,2026-02-24,24,719976.00
61,2026-02-25,24,719976.00
61,2026-02-26,24,719976.00
61,2026-02-27,24,719976.00
61,2026-02-28,29,869971.00
61,2026-03-01,28,839972.00
61,2026-03-02,24,719976.00
61,2026-03-03,24,719976.00
61,2026-03-04,24,719976.00
61,2026-03-05,24,719976.00
61,2026-03-06,24,719976.00
61,2026-03-07,29,869971.00
61,2026-03-08,28,839972.00
61,2026-03-09,24,719976.00
61,2026-03-10,24,719976.00
61,2026-03-11,24,719976.00
61,2026-03-12,24,719976.00
61,2026-03-13,24,719976.00
61,2026-03-14,29,869971.00
61,2026-03-15,28,839972.00
61,2026-03-16,24,719976.00
61,2026-03-17,24,719976.00
61,2026-03-18,24,719976.00
61,2026-03-19,24,719976.00
61,2026-03-20,24,719976.00
61,2026-03-21,29,869971.00
61,2026-03-22,28,839972.00
61,2026-03-23,24,719976.00
61,2026-03-24,24,719976.00
61,2026-03-25,24,719976.00
61,2026-03-26,24,719976.00
61,2026-03-27,24,719976.00
61,2026-03-28,29,869971.00
61,2026-03-29,28,839972.00
61,2026-03-30,24,719976.00
61,2026-03-31,24,719976.00
61,2026-04-01,24,719976.00
61,2026-04-02,24,719976.00
61,2026-04-03,24,719976.00
61,2026-04-04,29,869971.00
61,2026-04-05,28,839972.00
61,2026-04-06,24,719976.00
61,2026-04-07,24,719976.00
61,2026-04-08,24,719976.00
61,2026-04-09,24,719976.00
61,2026-04-10,24,719976.00
61,2026-04-11,29,869971.00
61,2026-04-12,28,839972.00
61,2026-04-13,24,719976.00
61,2026-04-14,24,719976.00
61,2026-04-15,24,719976.00
61,2026-04-16,24,719976.00
61,2026-04-17,24,719976.00
61,2026-04-18,29,869971.00
61,2026-04-19,28,839972.00
61,2026-04-20,24,719976.00
61,2026-04-21,24,719976.00
61,2026-04-22,24,719976.00
61,2026-04-23,24,719976.00
61,2026-04-24,24,719976.00
61,2026-04-25,29,869971.00
61,2026-04-26,28,839972.00
61,2026-04-27,24,719976.00
61,2026-04-28,24,719976.00
61,2026-04-29,24,719976.00
61,2026-04-30,24,719976.00
61,2026-05-01,24,719976.00
61,2026-05-02,29,869971.00
61,2026-05-03,28,839972.00
61,2026-05-04,24,719976.00
61,2026-05-05,24,719976.00
61,2026-05-06,24,719976.00
61,2026-05-07,24,719976.00
61,2026-05-08,24,719976.00
61,2026-05-09,29,869971.00
61,2026-05-10,28,839972.00
61,2026-05-11,24,719976.00
61,2026-05-12,24,719976.00
61,2026-05-13,24,719976.00
61,2026-05-14,24,719976.00
61,2026-05-15,24,719976.00
61,2026-05-16,29,869971.00
61,2026-05-17,28,839972.00
61,2026-05-18,24,719976.00
61,2026-05-19,24,719976.00
61,2026-05-20,24,719976.00
61,2026-05-21,24,719976.00
61,2026-05-22,24,719976.00
61,2026-05-23,29,869971.00
61,2026-05-24,28,839972.00
61,2026-05-25,24,719976.00
61,2026-05-26,24,719976.00
61,2026-05-27,24,719976.00
61,2026-05-28,24,719976.00
61,2026-05-29,24,719976.00
61,2026-05-30,29,869971.00
61,2026-05-31,28,839972.00
61,2026-06-01,24,719976.00
61,2026-06-02,24,719976.00
61,2026-06-03,24,719976.00
61,2026-06-04,24,719976.00
61,2026-06-05,24,719976.00
61,2026-06-06,29,869971.00
61,2026-06-07,28,839972.00
61,2026-06-08,24,719976.00
61,2026-06-09,24,719976.00
61,2026-06-10,24,719976.00
61,2026-06-11,24,719976.00
61,2026-06-12,24,719976.00
61,2026-06-13,29,869971.00
61,2026-06-14,28,839972.00
61,2026-06-15,24,719976.00
61,2026-06-16,24,719976.00
61,2026-06-17,24,719976.00
61,2026-06-18,24,719976.00
61,2026-06-19,24,719976.00
61,2026-06-20,29,869971.00
61,2026-06-21,28,839972.00
61,2026-06-22,24,719976.00
61,2026-06-23,24,719976.00
61,2026-06-24,24,719976.00
61,2026-06-25,24,719976.00
61,2026-06-26,24,719976.00
61,2026-06-27,29,869971.00
61,2026-06-28,28,839972.00
61,2026-06-29,24,719976.00
61,2026-06-30,24,719976.00
61,2026-07-01,24,719976.00
61,2026-07-02,24,719976.00
61,2026-07-03,24,719976.00
61,2026-07-04,29,869971.00
61,2026-07-05,28,839972.00
61,2026-07-06,24,719976.00
61,2026-07-07,24,719976.00
61,2026-07-08,24,719976.00
61,2026-07-09,24,719976.00
61,2026-07-10,24,719976.00
61,2026-07-11,29,869971.00
61,2026-07-12,28,839972.00
61,2026-07-13,24,719976.00
61,2026-07-14,24,719976.00
61,2026-07-15,24,719976.00
61,2026-07-16,24,719976.00
61,2026-07-17,24,719976.00
61,2026-07-18,29,869971.00
61,2026-07-19,28,839972.00
61,2026-07-20,24,719976.00
61,2026-07-21,24,719976.00
61,2026-07-22,24,719976.00
61,2026-07-23,24,719976.00
61,2026-07-24,24,719976.00
61,2026-07-25,29,869971.00
61,2026-07-26,28,839972.00
61,2026-07-27,24,719976.00
61,2026-07-28,24,719976.00
61,2026-07-29,24,719976.00
61,2026-07-30,24,719976.00
61,2026-07-31,24,719976.00
61,2026-08-01,29,869971.00
61,2026-08-02,28,839972.00
61,2026-08-03,24,719976.00
61,2026-08-04,24,719976.00
61,2026-08-05,24,719976.00
61,2026-08-06,24,719976.00
61,2026-08-07,24,719976.00
61,2026-08-08,29,869971.00
61,2026-08-09,28,839972.00
61,2026-08-10,24,719976.00
61,2026-08-11,24,719976.00
61,2026-08-12,24,719976.00
61,2026-08-13,24,719976.00
61,2026-08-14,24,719976.00
61,2026-08-15,29,869971.00
61,2026-08-16,28,839972.00
61,2026-08-17,24,719976.00
61,2026-08-18,24,719976.00
61,2026-08-19,24,719976.00
61,2026-08-20,24,719976.00
61,2026-08-21,24,719976.00
61,2026-08-22,29,869971.00
61,2026-08-23,28,839972.00
61,2026-08-24,24,719976.00
61,2026-08-25,24,719976.00
61,2026-08-26,24,719976.00
61,2026-08-27,24,719976.00
61,2026-08-28,24,719976.00
61,2026-08-29,29,869971.00
61,2026-08-30,28,839972.00
61,2026-08-31,24,719976.00
61,2026-09-01,24,719976.00
61,2026-09-02,24,719976.00
61,2026-09-03,24,719976.00
61,2026-09-04,24,719976.00
61,2026-09-05,29,869971.00
61,2026-09-06,28,839972.00
61,2026-09-07,24,719976.00
61,2026-09-08,24,719976.00
61,2026-09-09,24,719976.00
61,2026-09-10,24,719976.00
61,2026-09-11,24,719976.00
61,2026-09-12,29,869971.00
61,2026-09-13,28,839972.00
61,2026-09-14,24,719976.00
61,2026-09-15,24,719976.00
61,2026-09-16,24,719976.00
61,2026-09-17,24,719976.00
61,2026-09-18,24,719976.00
61,2026-09-19,29,869971.00
61,2026-09-20,28,839972.00
61,2026-09-21,24,719976.00
61,2026-09-22,24,719976.00
61,2026-09-23,24,719976.00
61,2026-09-24,24,719976.00
61,2026-09-25,24,719976.00
61,2026-09-26,29,869971.00
61,2026-09-27,28,839972.00
61,2026-09-28,24,719976.00
61,2026-09-29,24,719976.00
62,2025-09-30,3,254997.00
62,2025-10-01,3,254997.00
62,2025-10-02,3,254997.00
62,2025-10-03,3,254997.00
62,2025-10-04,4,339996.00
62,2025-10-05,4,339996.00
62,2025-10-06,3,254997.00
62,2025-10-07,3,254997.00
62,2025-10-08,3,254997.00
62,2025-10-09,3,254997.00
62,2025-10-10,3,254997.00
62,2025-10-11,4,339996.00
62,2025-10-12,4,339996.00
62,2025-10-13,3,254997.00
62,2025-10-14,3,254997.00
62,2025-10-15,3,254997.00
62,2025-10-16,3,254997.00
62,2025-10-17,3,254997.00
62,2025-10-18,4,339996.00
62,2025-10-19,4,339996.00
62,2025-10-20,3,254997.00
62,2025-10-21,3,254997.00
62,2025-10-22,3,254997.00
62,2025-10-23,3,254997.00
62,2025-10-24,3,254997.00
62,2025-10-25,4,339996.00
62,2025-10-26,4,339996.00
62,2025-10-27,3,254997.00
62,2025-10-28,3,254997.00
62,2025-10-29,3,254997.00
62,2025-10-30,3,254997.00
62,2025-10-31,3,254997.00
62,2025-11-01,4,339996.00
62,2025-11-02,4,339996.00
62,2025-11-03,3,254997.00
62,2025-11-04,3,254997.00
62,2025-11-05,3,254997.00
62,2025-11-06,3,254997.00
62,2025-11-07,3,254997.00
62,2025-11-08,4,339996.00
62,2025-11-09,4,339996.00
62,2025-11-10,3,254997.00
62,2025-11-11,3,254997.00
62,2025-11-12,3,254997.00
62,2025-11-13,3,254997.00
62,2025-11-14,3,254997.00
62,2025-11-15,4,339996.00
62,2025-11-16,4,339996.00
62,2025-11-17,3,254997.00
62,2025-11-18,3,254997.00
62,2025-11-19,3,254997.00
62,2025-11-20,3,254997.00
62,2025-11-21,3,254997.00
62,2025-11-22,4,339996.00
62,2025-11-23,4,339996.00
62,2025-11-24,3,254997.00
62,2025-11-25,3,254997.00
62,2025-11-26,3,254997.00
62,2025-11-27,3,254997.00
62,2025-11-28,3,254997.00
62,2025-11-29,4,339996.00
62,2025-11-30,4,339996.00
62,2025-12-01,3,254997.00
62,2025-12-02,3,254997.00
62,2025-12-03,3,254997.00
62,2025-12-04,3,254997.00
62,2025-12-05,3,254997.00
62,2025-12-06,3,254997.00
62,2025-12-07,3,254997.00
62,2025-12-08,3,254997.00
62,2025-12-09,3,254997.00
62,2025-12-10,3,254997.00
62,2025-12-11,3,254997.00
62,2025-12-12,3,254997.00
62,2025-12-13,3,254997.00
62,2025-12-14,3,254997.00
62,2025-12-15,3,254997.00
62,2025-12-16,3,254997.00
62,2025-12-17,3,254997.00
62,2025-12-18,3,254997.00
62,2025-12-19,3,254997.00
62,2025-12-20,3,254997.00
62,2025-12-21,3,254997.00
62,2025-12-22,3,254997.00
62,2025-12-23,3,254997.00
62,2025-12-24,3,254997.00
62,2025-12-25,3,254997.00
62,2025-12-26,3,254997.00
62,2025-12-27,3,254997.00
62,2025-12-28,3,254997.00
62,2025-12-29,3,254997.00
62,2025-12-30,3,254997.00
62,2025-12-31,3,254997.00
62,2026-01-01,3,254997.00
62,2026-01-02,3,254997.00
62,2026-01-03,3,254997.00
62,2026-01-04,3,254997.00
62,2026-01-05,3,254997.00
62,2026-01-06,3,254997.00
62,2026-01-07,3,254997.00
62,2026-01-08,3,254997.00
62,2026-01-09,3,254997.00
62,2026-01-10,3,254997.00
62,2026-01-11,3,254997.00
62,2026-01-12,3,254997.00
62,2026-01-13,3,254997.00
62,2026-01-14,3,254997.00
62,2026-01-15,3,254997.00
62,2026-01-16,3,254997.00
62,2026-01-17,3,254997.00
62,2026-01-18,3,254997.00
62,2026-01-19,3,254997.00
62,2026-01-20,3,254997.00
62,2026-01-21,3,254997.00
62,2026-01-22,3,254997.00
62,2026-01-23,3,254997.00
62,2026-01-24,3,254997.00
62,2026-01-25,3,254997.00
62,2026-01-26,3,254997.00
62,2026-01-27,3,254997.00
62,2026-01-28,3,254997.00
62,2026-01-29,3,254997.00
62,2026-01-30,3,254997.00
62,2026-01-31,3,254997.00
62,2026-02-01,3,254997.00
62,2026-02-02,3,254997.00
62,2026-02-03,3,254997.00
62,2026-02-04,3,254997.00
62,2026-02-05,3,254997.00
62,2026-02-06,3,254997.00
62,2026-02-07,3,254997.00
62,2026-02-08,3,254997.00
62,2026-02-09,3,254997.00
62,2026-02-10,3,254997.00
62,2026-02-11,3,254997.00
62,2026-02-12,3,254997.00
62,2026-02-13,3,254997.00
62,2026-02-14,3,254997.00
62,2026-02-15,3,254997.00
62,2026-02-16,3,254997.00
62,2026-02-17,3,254997.00
62,2026-02-18,3,254997.00
62,2026-02-19,3,254997.00
62,2026-02-20,3,254997.00
62,2026-02-21,3,254997.00
62,2026-02-22,3,254997.00
62,2026-02-23,3,254997.00
62,2026-02-24,3,254997.00
62,2026-02-25,3,254997.00
62,2026-02-26,3,254997.00
62,2026-02-27,3,254997.00
62,2026-02-28,3,254997.00
62,2026-03-01,3,254997.00
62,2026-03-02,3,254997.00
62,2026-03-03,3,254997.00
62,2026-03-04,3,254997.00
62,2026-03-05,3,254997.00
62,2026-03-06,3,254997.00
62,2026-03-07,3,254997.00
62,2026-03-08,3,254997.00
62,2026-03-09,3,254997.00
62,2026-03-10,3,254997.00
62,2026-03-11,3,254997.00
62,2026-03-12,3,254997.00
62,2026-03-13,3,254997.00
62,2026-03-14,3,254997.00
62,2026-03-15,3,254997.00
62,2026-03-16,3,254997.00
62,2026-03-17,3,254997.00
62,2026-03-18,3,254997.00
62,2026-03-19,3,254997.00
62,2026-03-20,3,254997.00
62,2026-03-21,3,254997.00
62,2026-03-22,3,254997.00
62,2026-03-23,3,254997.00
62,2026-03-24,3,254997.00
62,2026-03-25,3,254997.00
62,2026-03-26,3,254997.00
62,2026-03-27,3,254997.00
62,2026-03-28,3,254997.00
62,2026-03-29,3,254997.00
62,2026-03-30,3,254997.00
62,2026-03-31,3,254997.00
62,2026-04-01,3,254997.00
62,2026-04-02,3,254997.00
62,2026-04-03,3,254997.00
62,2026-04-04,4,339996.00
62,2026-04-05,3,254997.00
62,2026-04-06,3,254997.00
62,2026-04-07,3,254997.00
62,2026-04-08,3,254997.00
62,2026-04-09,3,254997.00
62,2026-04-10,3,254997.00
62,2026-04-11,4,339996.00
62,2026-04-12,3,254997.00
62,2026-04-13,3,254997.00
62,2026-04-14,3,254997.00
62,2026-04-15,3,254997.00
62,2026-04-16,3,254997.00
62,2026-04-17,3,254997.00
62,2026-04-18,4,339996.00
62,2026-04-19,3,254997.00
62,2026-04-20,3,254997.00
62,2026-04-21,3,254997.00
62,2026-04-22,3,254997.00
62,2026-04-23,3,254997.00
62,2026-04-24,3,254997.00
62,2026-04-25,4,339996.00
62,2026-04-26,3,254997.00
62,2026-04-27,3,254997.00
62,2026-04-28,3,254997.00
62,2026-04-29,3,254997.00
62,2026-04-30,3,254997.00
62,2026-05-01,3,254997.00
62,2026-05-02,4,339996.00
62,2026-05-03,3,254997.00
62,2026-05-04,3,254997.00
62,2026-05-05,3,254997.00
62,2026-05-06,3,254997.00
62,2026-05-07,3,254997.00
62,2026-05-08,3,254997.00
62,2026-05-09,4,339996.00
62,2026-05-10,3,254997.00
62,2026-05-11,3,254997.00
62,2026-05-12,3,254997.00
62,2026-05-13,3,254997.00
62,2026-05-14,3,254997.00
62,2026-05-15,3,254997.00
62,2026-05-16,4,339996.00
62,2026-05-17,3,254997.00
62,2026-05-18,3,254997.00
62,2026-05-19,3,254997.00
62,2026-05-20,3,254997.00
62,2026-05-21,3,254997.00
62,2026-05-22,3,254997.00
62,2026-05-23,4,339996.00
62,2026-05-24,3,254997.00
62,2026-05-25,3,254997.00
62,2026-05-26,3,254997.00
62,2026-05-27,3,254997.00
62,2026-05-28,3,254997.00
62,2026-05-29,3,254997.00
62,2026-05-30,4,339996.00
62,2026-05-31,3,254997.00
62,2026-06-01,3,254997.00
62,2026-06-02,3,254997.00
62,2026-06-03,3,254997.00
62,2026-06-04,3,254997.00
62,2026-06-05,3,254997.00
62,2026-06-06,3,254997.00
62,2026-06-07,3,254997.00
62,2026-06-08,3,254997.00
62,2026-06-09,3,254997.00
62,2026-06-10,3,254997.00
62,2026-06-11,3,254997.00
62,2026-06-12,3,254997.00
62,2026-06-13,3,254997.00
62,2026-06-14,3,254997.00
62,2026-06-15,3,254997.00
62,2026-06-16,3,254997.00
62,2026-06-17,3,254997.00
62,2026-06-18,3,254997.00
62,2026-06-19,3,254997.00
62,2026-06-20,3,254997.00
62,2026-06-21,3,254997.00
62,2026-06-22,3,254997.00
62,2026-06-23,3,254997.00
62,2026-06-24,3,254997.00
62,2026-06-25,3,254997.00
62,2026-06-26,3,254997.00
62,2026-06-27,3,254997.00
62,2026-06-28,3,254997.00
62,2026-06-29,3,254997.00
62,2026-06-30,3,254997.00
62,2026-07-01,3,254997.00
62,2026-07-02,3,254997.00
62,2026-07-03,3,254997.00
62,2026-07-04,3,254997.00
62,2026-07-05,3,254997.00
62,2026-07-06,3,254997.00
62,2026-07-07,3,254997.00
62,2026-07-08,3,254997.00
62,2026-07-09,3,254997.00
62,2026-07-10,3,254997.00
62,2026-07-11,3,254997.00
62,2026-07-12,3,254997.00
62,2026-07-13,3,254997.00
62,2026-07-14,3,254997.00
62,2026-07-15,3,254997.00
62,2026-07-16,3,254997.00
62,2026-07-17,3,254997.00
62,2026-07-18,3,254997.00
62,2026-07-19,3,254997.00
62,2026-07-20,3,254997.00
62,2026-07-21,3,254997.00
62,2026-07-22,3,254997.00
62,2026-07-23,3,254997.00
62,2026-07-24,3,254997.00
62,2026-07-25,3,254997.00
62,2026-07-26,3,254997.00
62,2026-07-27,3,254997.00
62,2026-07-28,3,254997.00
62,2026-07-29,3,254997.00
62,2026-07-30,3,254997.00
62,2026-07-31,3,254997.00
62,2026-08-01,3,254997.00
62,2026-08-02,3,254997.00
62,2026-08-03,3,254997.00
62,2026-08-04,3,254997.00
62,2026-08-05,3,254997.00
62,2026-08-06,3,254997.00
62,2026-08-07,3,254997.00
62,2026-08-08,3,254997.00
62,2026-08-09,3,254997.00
62,2026-08-10,3,254997.00
62,2026-08-11,3,254997.00
62,2026-08-12,3,254997.00
62,2026-08-13,3,254997.00
62,2026-08-14,3,254997.00
62,2026-08-15,3,254997.00
62,2026-08-16,3,254997.00
62,2026-08-17,3,254997.00
62,2026-08-18,3,254997.00
62,2026-08-19,3,254997.00
62,2026-08-20,3,254997.00
62,2026-08-21,3,254997.00
62,2026-08-22,3,254997.00
62,2026-08-23,3,254997.00
62,2026-08-24,3,254997.00
62,2026-08-25,3,254997.00
62,2026-08-26,3,254997.00
62,2026-08-27,3,254997.00
62,2026-08-28,3,254997.00
62,2026-08-29,3,254997.00
62,2026-08-30,3,254997.00
62,2026-08-31,3,254997.00
62,2026-09-01,3,254997.00
62,2026-09-02,3,254997.00
62,2026-09-03,3,254997.00
62,2026-09-04,3,254997.00
62,2026-09-05,3,254997.00
62,2026-09-06,3,254997.00
62,2026-09-07,3,254997.00
62,2026-09-08,3,254997.00
62,2026-09-09,3,254997.00
62,2026-09-10,3,254997.00
62,2026-09-11,3,254997.00
62,2026-09-12,3,254997.00
62,2026-09-13,3,254997.00
62,2026-09-14,3,254997.00
62,2026-09-15,3,254997.00
62,2026-09-16,3,254997.00
62,2026-09-17,3,254997.00
62,2026-09-18,3,254997.00
62,2026-09-19,3,254997.00
62,2026-09-20,3,254997.00
62,2026-09-21,3,254997.00
62,2026-09-22,3,254997.00
62,2026-09-23,3,254997.00
62,2026-09-24,3,254997.00
62,2026-09-25,3,254997.00
62,2026-09-26,3,254997.00
62,2026-09-27,3,254997.00
62,2026-09-28,3,254997.00
62,2026-09-29,3,254997.00
63,2025-09-30,3,164997.00
63,2025-10-01,3,164997.00
63,2025-10-02,3,164997.00
63,2025-10-03,3,164997.00
63,2025-10-04,4,219996.00
63,2025-10-05,4,219996.00
63,2025-10-06,3,164997.00
63,2025-10-07,3,164997.00
63,2025-10-08,3,164997.00
63,2025-10-09,3,164997.00
63,2025-10-10,3,164997.00
63,2025-10-11,4,219996.00
63,2025-10-12,4,219996.00
63,2025-10-13,3,164997.00
63,2025-10-14,3,164997.00
63,2025-10-15,3,164997.00
63,2025-10-16,3,164997.00
63,2025-10-17,3,164997.00
63,2025-10-18,4,219996.00
63,2025-10-19,4,219996.00
63,2025-10-20,3,164997.00
63,2025-10-21,3,164997.00
63,2025-10-22,3,164997.00
63,2025-10-23,3,164997.00
63,2025-10-24,3,164997.00
63,2025-10-25,4,219996.00
63,2025-10-26,4,219996.00
63,2025-10-27,3,164997.00
63,2025-10-28,3,164997.00
63,2025-10-29,3,164997.00
63,2025-10-30,3,164997.00
63,2025-10-31,3,164997.00
63,2025-11-01,4,219996.00
63,2025-11-02,4,219996.00
63,2025-11-03,3,164997.00
63,2025-11-04,3,164997.00
63,2025-11-05,3,164997.00
63,2025-11-06,3,164997.00
63,2025-11-07,3,164997.00
63,2025-11-08,4,219996.00
63,2025-11-09,4,219996.00
63,2025-11-10,3,164997.00
63,2025-11-11,3,164997.00
63,2025-11-12,3,164997.00
63,2025-11-13,3,164997.00
63,2025-11-14,3,164997.00
63,2025-11-15,4,219996.00
63,2025-11-16,4,219996.00
63,2025-11-17,3,164997.00
63,2025-11-18,3,164997.00
63,2025-11-19,3,164997.00
63,2025-11-20,3,164997.00
63,2025-11-21,3,164997.00
63,2025-11-22,4,219996.00
63,2025-11-23,4,219996.00
63,2025-11-24,3,164997.00
63,2025-11-25,3,164997.00
63,2025-11-26,3,164997.00
63,2025-11-27,3,164997.00
63,2025-11-28,3,164997.00
63,2025-11-29,4,219996.00
63,2025-11-30,4,219996.00
63,2025-12-01,3,164997.00
63,2025-12-02,3,164997.00
63,2025-12-03,3,164997.00
63,2025-12-04,3,164997.00
63,2025-12-05,3,164997.00
63,2025-12-06,3,164997.00
63,2025-12-07,3,164997.00
63,2025-12-08,3,164997.00
63,2025-12-09,3,164997.00
63,2025-12-10,3,164997.00
63,2025-12-11,3,164997.00
63,2025-12-12,3,164997.00
63,2025-12-13,3,164997.00
63,2025-12-14,3,164997.00
63,2025-12-15,3,164997.00
63,2025-12-16,3,164997.00
63,2025-12-17,3,164997.00
63,2025-12-18,3,164997.00
63,2025-12-19,3,164997.00
63,2025-12-20,3,164997.00
63,2025-12-21,3,164997.00
63,2025-12-22,3,164997.00
63,2025-12-23,3,164997.00
63,2025-12-24,3,164997.00
63,2025-12-25,3,164997.00
63,2025-12-26,3,164997.00
63,2025-12-27,3,164997.00
63,2025-12-28,3,164997.00
63,2025-12-29,3,164997.00
63,2025-12-30,3,164997.00
63,2025-12-31,3,164997.00
63,2026-01-01,3,164997.00
63,2026-01-02,3,164997.00
63,2026-01-03,3,164997.00
63,2026-01-04,3,164997.00
63,2026-01-05,3,164997.00
63,2026-01-06,3,164997.00
63,2026-01-07,3,164997.00
63,2026-01-08,3,164997.00
63,2026-01-09,3,164997.00
63,2026-01-10,3,164997.00
63,2026-01-11,3,164997.00
63,2026-01-12,3,164997.00
63,2026-01-13,3,164997.00
63,2026-01-14,3,164997.00
63,2026-01-15,3,164997.00
63,2026-01-16,3,164997.00
63,2026-01-17,3,164997.00
63,2026-01-18,3,164997.00
63,2026-01-19,3,164997.00
63,2026-01-20,3,164997.00
63,2026-01-21,3,164997.00
63,2026-01-22,3,164997.00
63,2026-01-23,3,164997.00
63,2026-01-24,3,164997.00
63,2026-01-25,3,164997.00
63,2026-01-26,3,164997.00
63,2026-01-27,3,164997.00
63,2026-01-28,3,164997.00
63,2026-01-29,3,164997.00
63,2026-01-30,3,164997.00
63,2026-01-31,3,164997.00
63,2026-02-01,3,164997.00
63,2026-02-02,3,164997.00
63,2026-02-03,3,164997.00
63,2026-02-04,3,164997.00
63,2026-02-05,3,164997.00
63,2026-02-06,3,164997.00
63,2026-02-07,3,164997.00
63,2026-02-08,3,164997.00
63,2026-02-09,3,164997.00
63,2026-02-10,3,164997.00
63,2026-02-11,3,164997.00
63,2026-02-12,3,164997.00
63,2026-02-13,3,164997.00
63,2026-02-14,3,164997.00
63,2026-02-15,3,164997.00
63,2026-02-16,3,164997.00
63,2026-02-17,3,164997.00
63,2026-02-18,3,164997.00
63,2026-02-19,3,164997.00
63,2026-02-20,3,164997.00
63,2026-02-21,3,164997.00
63,2026-02-22,3,164997.00
63,2026-02-23,3,164997.00
63,2026-02-24,3,164997.00
63,2026-02-25,3,164997.00
63,2026-02-26,3,164997.00
63,2026-02-27,3,164997.00
63,2026-02-28,3,164997.00
63,2026-03-01,3,164997.00
63,2026-03-02,3,164997.00
63,2026-03-03,3,164997.00
63,2026-03-04,3,164997.00
63,2026-03-05,3,164997.00
63,2026-03-06,3,164997.00
63,2026-03-07,3,164997.00
63,2026-03-08,3,164997.00
63,2026-03-09,3,164997.00
63,2026-03-10,3,164997.00
63,2026-03-11,3,164997.00
63,2026-03-12,3,164997.00
63,2026-03-13,3,164997.00
63,2026-03-14,3,164997.00
63,2026-03-15,3,164997.00
63,2026-03-16,3,164997.00
63,2026-03-17,3,164997.00
63,2026-03-18,3,164997.00
63,2026-03-19,3,164997.00
63,2026-03-20,3,164997.00
63,2026-03-21,3,164997.00
63,2026-03-22,3,164997.00
63,2026-03-23,3,164997.00
63,2026-03-24,3,164997.00
63,2026-03-25,3,164997.00
63,2026-03-26,3,164997.00
63,2026-03-27,3,164997.00
63,2026-03-28,3,164997.00
63,2026-03-29,3,164997.00
63,2026-03-30,3,164997.00
63,2026-03-31,3,164997.00
63,2026-04-01,3,164997.00
63,2026-04-02,3,164997.00
63,2026-04-03,3,164997.00
63,2026-04-04,3,164997.00
63,2026-04-05,3,164997.00
63,2026-04-06,3,164997.00
63,2026-04-07,3,164997.00
63,2026-04-08,3,164997.00
63,2026-04-09,3,164997.00
63,2026-04-10,3,164997.00
63,2026-04-11,3,164997.00
63,2026-04-12,3,164997.00
63,2026-04-13,3,164997.00
63,2026-04-14,3,164997.00
63,2026-04-15,3,164997.00
63,2026-04-16,3,164997.00
63,2026-04-17,3,164997.00
63,2026-04-18,3,164997.00
63,2026-04-19,3,164997.00
63,2026-04-20,3,164997.00
63,2026-04-21,3,164997.00
63,2026-04-22,3,164997.00
63,2026-04-23,3,164997.00
63,2026-04-24,3,164997.00
63,2026-04-25,3,164997.00
63,2026-04-26,3,164997.00
63,2026-04-27,3,164997.00
63,2026-04-28,3,164997.00
63,2026-04-29,3,164997.00
63,2026-04-30,3,164997.00
63,2026-05-01,3,164997.00
63,2026-05-02,3,164997.00
63,2026-05-03,3,164997.00
63,2026-05-04,3,164997.00
63,2026-05-05,3,164997.00
63,2026-05-06,3,164997.00
63,2026-05-07,3,164997.00
63,2026-05-08,3,164997.00
63,2026-05-09,3,164997.00
63,2026-05-10,3,164997.00
63,2026-05-11,3,164997.00
63,2026-05-12,3,164997.00
63,2026-05-13,3,164997.00
63,2026-05-14,3,164997.00
63,2026-05-15,3,164997.00
63,2026-05-16,3,164997.00
63,2026-05-17,3,164997.00
63,2026-05-18,3,164997.00
63,2026-05-19,3,164997.00
63,2026-05-20,3,164997.00
63,2026-05-21,3,164997.00
63,2026-05-22,3,164997.00
63,2026-05-23,3,164997.00
63,2026-05-24,3,164997.00
63,2026-05-25,3,164997.00
63,2026-05-26,3,164997.00
63,2026-05-27,3,164997.00
63,2026-05-28,3,164997.00
63,2026-05-29,3,164997.00
63,2026-05-30,3,164997.00
63,2026-05-31,3,164997.00
63,2026-06-01,3,164997.00
63,2026-06-02,3,164997.00
63,2026-06-03,3,164997.00
63,2026-06-04,3,164997.00
63,2026-06-05,3,164997.00
63,2026-06-06,3,164997.00
63,2026-06-07,3,164997.00
63,2026-06-08,3,164997.00
63,2026-06-09,3,164997.00
63,2026-06-10,3,164997.00
63,2026-06-11,3,164997.00
63,2026-06-12,3,164997.00
63,2026-06-13,3,164997.00
63,2026-06-14,3,164997.00
63,2026-06-15,3,164997.00
63,2026-06-16,3,164997.00
63,2026-06-17,3,164997.00
63,2026-06-18,3,164997.00
63,2026-06-19,3,164997.00
63,2026-06-20,3,164997.00
63,2026-06-21,3,164997.00
63,2026-06-22,3,164997.00
63,2026-06-23,3,164997.00
63,2026-06-24,3,164997.00
63,2026-06-25,3,164997.00
63,2026-06-26,3,164997.00
63,2026-06-27,3,164997.00
63,2026-06-28,3,164997.00
63,2026-06-29,3,164997.00
63,2026-06-30,3,164997.00
63,2026-07-01,3,164997.00
63,2026-07-02,3,164997.00
63,2026-07-03,3,164997.00
63,2026-07-04,3,164997.00
63,2026-07-05,3,164997.00
63,2026-07-06,3,164997.00
63,2026-07-07,3,164997.00
63,2026-07-08,3,164997.00
63,2026-07-09,3,164997.00
63,2026-07-10,3,164997.00
63,2026-07-11,3,164997.00
63,2026-07-12,3,164997.00
63,2026-07-13,3,164997.00
63,2026-07-14,3,164997.00
63,2026-07-15,3,164997.00
63,2026-07-16,3,164997.00
63,2026-07-17,3,164997.00
63,2026-07-18,3,164997.00
63,2026-07-19,3,164997.00
63,2026-07-20,3,164997.00
63,2026-07-21,3,164997.00
63,2026-07-22,3,164997.00
63,2026-07-23,3,164997.00
63,2026-07-24,3,164997.00
63,2026-07-25,3,164997.00
63,2026-07-26,3,164997.00
63,2026-07-27,3,164997.00
63,2026-07-28,3,164997.00
63,2026-07-29,3,164997.00
63,2026-07-30,3,164997.00
63,2026-07-31,3,164997.00
63,2026-08-01,3,164997.00
63,2026-08-02,3,164997.00
63,2026-08-03,3,164997.00
63,2026-08-04,3,164997.00
63,2026-08-05,3,164997.00
63,2026-08-06,3,164997.00
63,2026-08-07,3,164997.00
63,2026-08-08,3,164997.00
63,2026-08-09,3,164997.00
63,2026-08-10,3,164997.00
63,2026-08-11,3,164997.00
63,2026-08-12,3,164997.00
63,2026-08-13,3,164997.00
63,2026-08-14,3,164997.00
63,2026-08-15,3,164997.00
63,2026-08-16,3,164997.00
63,2026-08-17,3,164997.00
63,2026-08-18,3,164997.00
63,2026-08-19,3,164997.00
63,2026-08-20,3,164997.00
63,2026-08-21,3,164997.00
63,2026-08-22,3,164997.00
63,2026-08-23,3,164997.00
63,2026-08-24,3,164997.00
63,2026-08-25,3,164997.00
63,2026-08-26,3,164997.00
63,2026-08-27,3,164997.00
63,2026-08-28,3,164997.00
63,2026-08-29,3,164997.00
63,2026-08-30,3,164997.00
63,2026-08-31,3,164997.00
63,2026-09-01,3,164997.00
63,2026-09-02,3,164997.00
63,2026-09-03,3,164997.00
63,2026-09-04,3,164997.00
63,2026-09-05,3,164997.00
63,2026-09-06,3,164997.00
63,2026-09-07,3,164997.00
63,2026-09-08,3,164997.00
63,2026-09-09,3,164997.00
63,2026-09-10,3,164997.00
63,2026-09-11,3,164997.00
63,2026-09-12,3,164997.00
63,2026-09-13,3,164997.00
63,2026-09-14,3,164997.00
63,2026-09-15,3,164997.00
63,2026-09-16,3,164997.00
63,2026-09-17,3,164997.00
63,2026-09-18,3,164997.00
63,2026-09-19,3,164997.00
63,2026-09-20,3,164997.00
63,2026-09-21,3,164997.00
63,2026-09-22,3,164997.00
63,2026-09-23,3,164997.00
63,2026-09-24,3,164997.00
63,2026-09-25,3,164997.00
63,2026-09-26,3,164997.00
63,2026-09-27,3,164997.00
63,2026-09-28,3,164997.00
63,2026-09-29,3,164997.00
64,2025-09-30,8,959992.00
64,2025-10-01,10,1199990.00
64,2025-10-02,10,1199990.00
64,2025-10-03,10,1199990.00
64,2025-10-04,12,1439988.00
64,2025-10-05,12,1439988.00
64,2025-10-06,10,1199990.00
64,2025-10-07,10,1199990.00
64,2025-10-08,10,1199990.00
64,2025-10-09,10,1199990.00
64,2025-10-10,10,1199990.00
64,2025-10-11,12,1439988.00
64,2025-10-12,12,1439988.00
64,2025-10-13,10,1199990.00
64,2025-10-14,10,1199990.00
64,2025-10-15,10,1199990.00
64,2025-10-16,10,1199990.00
64,2025-10-17,10,1199990.00
64,2025-10-18,12,1439988.00
64,2025-10-19,12,1439988.00
64,2025-10-20,10,1199990.00
64,2025-10-21,10,1199990.00
64,2025-10-22,10,1199990.00
64,2025-10-23,10,1199990.00
64,2025-10-24,10,1199990.00
64,2025-10-25,12,1439988.00
64,2025-10-26,12,1439988.00
64,2025-10-27,10,1199990.00
64,2025-10-28,10,1199990.00
64,2025-10-29,10,1199990.00
64,2025-10-30,10,1199990.00
64,2025-10-31,10,1199990.00
64,2025-11-01,12,1439988.00
64,2025-11-02,12,1439988.00
64,2025-11-03,10,1199990.00
64,2025-11-04,10,1199990.00
64,2025-11-05,10,1199990.00
64,2025-11-06,10,1199990.00
64,2025-11-07,10,1199990.00
64,2025-11-08,12,1439988.00
64,2025-11-09,12,1439988.00
64,2025-11-10,10,1199990.00
64,2025-11-11,10,1199990.00
64,2025-11-12,10,1199990.00
64,2025-11-13,10,1199990.00
64,2025-11-14,10,1199990.00
64,2025-11-15,12,1439988.00
64,2025-11-16,12,1439988.00
64,2025-11-17,10,1199990.00
64,2025-11-18,10,1199990.00
64,2025-11-19,10,1199990.00
64,2025-11-20,10,1199990.00
64,2025-11-21,10,1199990.00
64,2025-11-22,12,1439988.00
64,2025-11-23,12,1439988.00
64,2025-11-24,10,1199990.00
64,2025-11-25,10,1199990.00
64,2025-11-26,10,1199990.00
64,2025-11-27,10,1199990.00
64,2025-11-28,10,1199990.00
64,2025-11-29,12,1439988.00
64,2025-11-30,12,1439988.00
64,2025-12-01,8,959992.00
64,2025-12-02,8,959992.00
64,2025-12-03,8,959992.00
64,2025-12-04,8,959992.00
64,2025-12-05,8,959992.00
64,2025-12-06,10,1199990.00
64,2025-12-07,10,1199990.00
64,2025-12-08,8,959992.00
64,2025-12-09,8,959992.00
64,2025-12-10,8,959992.00
64,2025-12-11,8,959992.00
64,2025-12-12,8,959992.00
64,2025-12-13,10,1199990.00
64,2025-12-14,10,1199990.00
64,2025-12-15,8,959992.00
64,2025-12-16,8,959992.00
64,2025-12-17,8,959992.00
64,2025-12-18,8,959992.00
64,2025-12-19,8,959992.00
64,2025-12-20,10,1199990.00
64,2025-12-21,10,1199990.00
64,2025-12-22,8,959992.00
64,2025-12-23,8,959992.00
64,2025-12-24,8,959992.00
64,2025-12-25,8,959992.00
64,2025-12-26,8,959992.00
64,2025-12-27,10,1199990.00
64,2025-12-28,10,1199990.00
64,2025-12-29,8,959992.00
64,2025-12-30,8,959992.00
64,2025-12-31,8,959992.00
64,2026-01-01,8,959992.00
64,2026-01-02,8,959992.00
64,2026-01-03,10,1199990.00
64,2026-01-04,10,1199990.00
64,2026-01-05,8,959992.00
64,2026-01-06,8,959992.00
64,2026-01-07,8,959992.00
64,2026-01-08,8,959992.00
64,2026-01-09,8,959992.00
64,2026-01-10,10,1199990.00
64,2026-01-11,10,1199990.00
64,2026-01-12,8,959992.00
64,2026-01-13,8,959992.00
64,2026-01-14,8,959992.00
64,2026-01-15,8,959992.00
64,2026-01-16,8,959992.00
64,2026-01-17,10,1199990.00
64,2026-01-18,10,1199990.00
64,2026-01-19,8,959992.00
64,2026-01-20,8,959992.00
64,2026-01-21,8,959992.00
64,2026-01-22,8,959992.00
64,2026-01-23,8,959992.00
64,2026-01-24,10,1199990.00
64,2026-01-25,10,1199990.00
64,2026-01-26,8,959992.00
64,2026-01-27,8,959992.00
64,2026-01-28,8,959992.00
64,2026-01-29,8,959992.00
64,2026-01-30,8,959992.00
64,2026-01-31,10,1199990.00
64,2026-02-01,10,1199990.00
64,2026-02-02,8,959992.00
64,2026-02-03,8,959992.00
64,2026-02-04,8,959992.00
64,2026-02-05,8,959992.00
64,2026-02-06,8,959992.00
64,2026-02-07,10,1199990.00
64,2026-02-08,10,1199990.00
64,2026-02-09,8,959992.00
64,2026-02-10,8,959992.00
64,2026-02-11,8,959992.00
64,2026-02-12,8,959992.00
64,2026-02-13,8,959992.00
64,2026-02-14,10,1199990.00
64,2026-02-15,10,1199990.00
64,2026-02-16,8,959992.00
64,2026-02-17,8,959992.00
64,2026-02-18,8,959992.00
64,2026-02-19,8,959992.00
64,2026-02-20,8,959992.00
64,2026-02-21,10,1199990.00
64,2026-02-22,10,1199990.00
64,2026-02-23,8,959992.00
64,2026-02-24,8,959992.00
64,2026-02-25,8,959992.00
64,2026-02-26,8,959992.00
64,2026-02-27,8,959992.00
64,2026-02-28,10,1199990.00
64,2026-03-01,10,1199990.00
64,2026-03-02,8,959992.00
64,2026-03-03,8,959992.00
64,2026-03-04,8,959992.00
64,2026-03-05,8,959992.00
64,2026-03-06,8,959992.00
64,2026-03-07,10,1199990.00
64,2026-03-08,10,1199990.00
64,2026-03-09,8,959992.00
64,2026-03-10,8,959992.00
64,2026-03-11,8,959992.00
64,2026-03-12,8,959992.00
64,2026-03-13,8,959992.00
64,2026-03-14,10,1199990.00
64,2026-03-15,10,1199990.00
64,2026-03-16,8,959992.00
64,2026-03-17,8,959992.00
64,2026-03-18,8,959992.00
64,2026-03-19,8,959992.00
64,2026-03-20,8,959992.00
64,2026-03-21,10,1199990.00
64,2026-03-22,10,1199990.00
64,2026-03-23,8,959992.00
64,2026-03-24,8,959992.00
64,2026-03-25,8,959992.00
64,2026-03-26,8,959992.00
64,2026-03-27,8,959992.00
64,2026-03-28,10,1199990.00
64,2026-03-29,10,1199990.00
64,2026-03-30,8,959992.00
64,2026-03-31,8,959992.00
64,2026-04-01,8,959992.00
64,2026-04-02,8,959992.00
64,2026-04-03,8,959992.00
64,2026-04-04,10,1199990.00
64,2026-04-05,10,1199990.00
64,2026-04-06,8,959992.00
64,2026-04-07,8,959992.00
64,2026-04-08,8,959992.00
64,2026-04-09,8,959992.00
64,2026-04-10,8,959992.00
64,2026-04-11,10,1199990.00
64,2026-04-12,10,1199990.00
64,2026-04-13,8,959992.00
64,2026-04-14,8,959992.00
64,2026-04-15,8,959992.00
64,2026-04-16,8,959992.00
64,2026-04-17,8,959992.00
64,2026-04-18,10,1199990.00
64,2026-04-19,10,1199990.00
64,2026-04-20,8,959992.00
64,2026-04-21,8,959992.00
64,2026-04-22,8,959992.00
64,2026-04-23,8,959992.00
64,2026-04-24,8,959992.00
64,2026-04-25,10,1199990.00
64,2026-04-26,10,1199990.00
64,2026-04-27,8,959992.00
64,2026-04-28,8,959992.00
64,2026-04-29,8,959992.00
64,2026-04-30,8,959992.00
64,2026-05-01,8,959992.00
64,2026-05-02,10,1199990.00
64,2026-05-03,10,1199990.00
64,2026-05-04,8,959992.00
64,2026-05-05,8,959992.00
64,2026-05-06,8,959992.00
64,2026-05-07,8,959992.00
64,2026-05-08,8,959992.00
64,2026-05-09,10,1199990.00
64,2026-05-10,10,1199990.00
64,2026-05-11,8,959992.00
64,2026-05-12,8,959992.00
64,2026-05-13,8,959992.00
64,2026-05-14,8,959992.00
64,2026-05-15,8,959992.00
64,2026-05-16,10,1199990.00
64,2026-05-17,10,1199990.00
64,2026-05-18,8,959992.00
64,2026-05-19,8,959992.00
64,2026-05-20,8,959992.00
64,2026-05-21,8,959992.00
64,2026-05-22,8,959992.00
64,2026-05-23,10,1199990.00
64,2026-05-24,10,1199990.00
64,2026-05-25,8,959992.00
64,2026-05-26,8,959992.00
64,2026-05-27,8,959992.00
64,2026-05-28,8,959992.00
64,2026-05-29,8,959992.00
64,2026-05-30,10,1199990.00
64,2026-05-31,10,1199990.00
64,2026-06-01,8,959992.00
64,2026-06-02,8,959992.00
64,2026-06-03,8,959992.00
64,2026-06-04,8,959992.00
64,2026-06-05,8,959992.00
64,2026-06-06,10,1199990.00
64,2026-06-07,10,1199990.00
64,2026-06-08,8,959992.00
64,2026-06-09,8,959992.00
64,2026-06-10,8,959992.00
64,2026-06-11,8,959992.00
64,2026-06-12,8,959992.00
64,2026-06-13,10,1199990.00
64,2026-06-14,10,1199990.00
64,2026-06-15,8,959992.00
64,2026-06-16,8,959992.00
64,2026-06-17,8,959992.00
64,2026-06-18,8,959992.00
64,2026-06-19,8,959992.00
64,2026-06-20,10,1199990.00
64,2026-06-21,10,1199990.00
64,2026-06-22,8,959992.00
64,2026-06-23,8,959992.00
64,2026-06-24,8,959992.00
64,2026-06-25,8,959992.00
64,2026-06-26,8,959992.00
64,2026-06-27,10,1199990.00
64,2026-06-28,10,1199990.00
64,2026-06-29,8,959992.00
64,2026-06-30,8,959992.00
64,2026-07-01,8,959992.00
64,2026-07-02,8,959992.00
64,2026-07-03,8,959992.00
64,2026-07-04,10,1199990.00
64,2026-07-05,10,1199990.00
64,2026-07-06,8,959992.00
64,2026-07-07,8,959992.00
64,2026-07-08,8,959992.00
64,2026-07-09,8,959992.00
64,2026-07-10,8,959992.00
64,2026-07-11,10,1199990.00
64,2026-07-12,10,1199990.00
64,2026-07-13,8,959992.00
64,2026-07-14,8,959992.00
64,2026-07-15,8,959992.00
64,2026-07-16,8,959992.00
64,2026-07-17,8,959992.00
64,2026-07-18,10,1199990.00
64,2026-07-19,10,1199990.00
64,2026-07-20,8,959992.00
64,2026-07-21,8,959992.00
64,2026-07-22,8,959992.00
64,2026-07-23,8,959992.00
64,2026-07-24,8,959992.00
64,2026-07-25,10,1199990.00
64,2026-07-26,10,1199990.00
64,2026-07-27,8,959992.00
64,2026-07-28,8,959992.00
64,2026-07-29,8,959992.00
64,2026-07-30,8,959992.00
64,2026-07-31,8,959992.00
64,2026-08-01,10,1199990.00
64,2026-08-02,10,1199990.00
64,2026-08-03,8,959992.00
64,2026-08-04,8,959992.00
64,2026-08-05,8,959992.00
64,2026-08-06,8,959992.00
64,2026-08-07,8,959992.00
64,2026-08-08,10,1199990.00
64,2026-08-09,10,1199990.00
64,2026-08-10,8,959992.00
64,2026-08-11,8,959992.00
64,2026-08-12,8,959992.00
64,2026-08-13,8,959992.00
64,2026-08-14,8,959992.00
64,2026-08-15,10,1199990.00
64,2026-08-16,10,1199990.00
64,2026-08-17,8,959992.00
64,2026-08-18,8,959992.00
64,2026-08-19,8,959992.00
64,2026-08-20,8,959992.00
64,2026-08-21,8,959992.00
64,2026-08-22,10,1199990.00
64,2026-08-23,10,1199990.00
64,2026-08-24,8,959992.00
64,2026-08-25,8,959992.00
64,2026-08-26,8,959992.00
64,2026-08-27,8,959992.00
64,2026-08-28,8,959992.00
64,2026-08-29,10,1199990.00
64,2026-08-30,10,1199990.00
64,2026-08-31,8,959992.00
64,2026-09-01,8,959992.00
64,2026-09-02,8,959992.00
64,2026-09-03,8,959992.00
64,2026-09-04,8,959992.00
64,2026-09-05,10,1199990.00
64,2026-09-06,10,1199990.00
64,2026-09-07,8,959992.00
64,2026-09-08,8,959992.00
64,2026-09-09,8,959992.00
64,2026-09-10,8,959992.00
64,2026-09-11,8,959992.00
64,2026-09-12,10,1199990.00
64,2026-09-13,10,1199990.00
64,2026-09-14,8,959992.00
64,2026-09-15,8,959992.00
64,2026-09-16,8,959992.00
64,2026-09-17,8,959992.00
64,2026-09-18,8,959992.00
64,2026-09-19,10,1199990.00
64,2026-09-20,10,1199990.00
64,2026-09-21,8,959992.00
64,2026-09-22,8,959992.00
64,2026-09-23,8,959992.00
64,2026-09-24,8,959992.00
64,2026-09-25,8,959992.00
64,2026-09-26,10,1199990.00
64,2026-09-27,10,1199990.00
64,2026-09-28,8,959992.00
64,2026-09-29,8,959992.00
65,2025-09-30,7,160993.00
65,2025-10-01,9,206991.00
65,2025-10-02,9,206991.00
65,2025-10-03,9,206991.00
65,2025-10-04,11,252989.00
65,2025-10-05,11,252989.00
65,2025-10-06,9,206991.00
65,2025-10-07,9,206991.00
65,2025-10-08,9,206991.00
65,2025-10-09,9,206991.00
65,2025-10-10,9,206991.00
65,2025-10-11,11,252989.00
65,2025-10-12,11,252989.00
65,2025-10-13,9,206991.00
65,2025-10-14,9,206991.00
65,2025-10-15,9,206991.00
65,2025-10-16,9,206991.00
65,2025-10-17,9,206991.00
65,2025-10-18,11,252989.00
65,2025-10-19,11,252989.00
65,2025-10-20,9,206991.00
65,2025-10-21,9,206991.00
65,2025-10-22,9,206991.00
65,2025-10-23,9,206991.00
65,2025-10-24,9,206991.00
65,2025-10-25,11,252989.00
65,2025-10-26,11,252989.00
65,2025-10-27,9,206991.00
65,2025-10-28,9,206991.00
65,2025-10-29,9,206991.00
65,2025-10-30,9,206991.00
65,2025-10-31,9,206991.00
65,2025-11-01,11,252989.00
65,2025-11-02,11,252989.00
65,2025-11-03,9,206991.00
65,2025-11-04,9,206991.00
65,2025-11-05,9,206991.00
65,2025-11-06,9,206991.00
65,2025-11-07,9,206991.00
65,2025-11-08,11,252989.00
65,2025-11-09,11,252989.00
65,2025-11-10,9,206991.00
65,2025-11-11,9,206991.00
65,2025-11-12,9,206991.00
65,2025-11-13,9,206991.00
65,2025-11-14,9,206991.00
65,2025-11-15,11,252989.00
65,2025-11-16,11,252989.00
65,2025-11-17,9,206991.00
65,2025-11-18,9,206991.00
65,2025-11-19,9,206991.00
65,2025-11-20,9,206991.00
65,2025-11-21,9,206991.00
65,2025-11-22,11,252989.00
65,2025-11-23,11,252989.00
65,2025-11-24,9,206991.00
65,2025-11-25,9,206991.00
65,2025-11-26,9,206991.00
65,2025-11-27,9,206991.00
65,2025-11-28,9,206991.00
65,2025-11-29,11,252989.00
65,2025-11-30,11,252989.00
65,2025-12-01,7,160993.00
65,2025-12-02,7,160993.00
65,2025-12-03,7,160993.00
65,2025-12-04,7,160993.00
65,2025-12-05,7,160993.00
65,2025-12-06,9,206991.00
65,2025-12-07,8,183992.00
65,2025-12-08,7,160993.00
65,2025-12-09,7,160993.00
65,2025-12-10,7,160993.00
65,2025-12-11,7,160993.00
65,2025-12-12,7,160993.00
65,2025-12-13,9,206991.00
65,2025-12-14,8,183992.00
65,2025-12-15,7,160993.00
65,2025-12-16,7,160993.00
65,2025-12-17,7,160993.00
65,2025-12-18,7,160993.00
65,2025-12-19,7,160993.00
65,2025-12-20,9,206991.00
65,2025-12-21,8,183992.00
65,2025-12-22,7,160993.00
65,2025-12-23,7,160993.00
65,2025-12-24,7,160993.00
65,2025-12-25,7,160993.00
65,2025-12-26,7,160993.00
65,2025-12-27,9,206991.00
65,2025-12-28,8,183992.00
65,2025-12-29,7,160993.00
65,2025-12-30,7,160993.00
65,2025-12-31,7,160993.00
65,2026-01-01,7,160993.00
65,2026-01-02,7,160993.00
65,2026-01-03,9,206991.00
65,2026-01-04,8,183992.00
65,2026-01-05,7,160993.00
65,2026-01-06,7,160993.00
65,2026-01-07,7,160993.00
65,2026-01-08,7,160993.00
65,2026-01-09,7,160993.00
65,2026-01-10,9,206991.00
65,2026-01-11,8,183992.00
65,2026-01-12,7,160993.00
65,2026-01-13,7,160993.00
65,2026-01-14,7,160993.00
65,2026-01-15,7,160993.00
65,2026-01-16,7,160993.00
65,2026-01-17,9,206991.00
65,2026-01-18,8,183992.00
65,2026-01-19,7,160993.00
65,2026-01-20,7,160993.00
65,2026-01-21,7,160993.00
65,2026-01-22,7,160993.00
65,2026-01-23,7,160993.00
65,2026-01-24,9,206991.00
65,2026-01-25,8,183992.00
65,2026-01-26,7,160993.00
65,2026-01-27,7,160993.00
65,2026-01-28,7,160993.00
65,2026-01-29,7,160993.00
65,2026-01-30,7,160993.00
65,2026-01-31,9,206991.00
65,2026-02-01,8,183992.00
65,2026-02-02,7,160993.00
65,2026-02-03,7,160993.00
65,2026-02-04,7,160993.00
65,2026-02-05,7,160993.00
65,2026-02-06,7,160993.00
65,2026-02-07,9,206991.00
65,2026-02-08,8,183992.00
65,2026-02-09,7,160993.00
65,2026-02-10,7,160993.00
65,2026-02-11,7,160993.00
65,2026-02-12,7,160993.00
65,2026-02-13,7,160993.00
65,2026-02-14,9,206991.00
65,2026-02-15,8,183992.00
65,2026-02-16,7,160993.00
65,2026-02-17,7,160993.00
65,2026-02-18,7,160993.00
65,2026-02-19,7,160993.00
65,2026-02-20,7,160993.00
65,2026-02-21,9,206991.00
65,2026-02-22,8,183992.00
65,2026-02-23,7,160993.00
65,2026-02-24,7,160993.00
65,2026-02-25,7,160993.00
65,2026-02-26,7,160993.00
65,2026-02-27,7,160993.00
65,2026-02-28,9,206991.00
65,2026-03-01,8,183992.00
65,2026-03-02,7,160993.00
65,2026-03-03,7,160993.00
65,2026-03-04,7,160993.00
65,2026-03-05,7,160993.00
65,2026-03-06,7,160993.00
65,2026-03-07,9,206991.00
65,2026-03-08,8,183992.00
65,2026-03-09,7,160993.00
65,2026-03-10,7,160993.00
65,2026-03-11,7,160993.00
65,2026-03-12,7,160993.00
65,2026-03-13,7,160993.00
65,2026-03-14,9,206991.00
65,2026-03-15,8,183992.00
65,2026-03-16,7,160993.00
65,2026-03-17,7,160993.00
65,2026-03-18,7,160993.00
65,2026-03-19,7,160993.00
65,2026-03-20,7,160993.00
65,2026-03-21,9,206991.00
65,2026-03-22,8,183992.00
65,2026-03-23,7,160993.00
65,2026-03-24,7,160993.00
65,2026-03-25,7,160993.00
65,2026-03-26,7,160993.00
65,2026-03-27,7,160993.00
65,2026-03-28,9,206991.00
65,2026-03-29,8,183992.00
65,2026-03-30,7,160993.00
65,2026-03-31,7,160993.00
65,2026-04-01,8,183992.00
65,2026-04-02,8,183992.00
65,2026-04-03,8,183992.00
65,2026-04-04,10,229990.00
65,2026-04-05,9,206991.00
65,2026-04-06,8,183992.00
65,2026-04-07,8,183992.00
65,2026-04-08,8,183992.00
65,2026-04-09,8,183992.00
65,2026-04-10,8,183992.00
65,2026-04-11,10,229990.00
65,2026-04-12,9,206991.00
65,2026-04-13,8,183992.00
65,2026-04-14,8,183992.00
65,2026-04-15,8,183992.00
65,2026-04-16,8,183992.00
65,2026-04-17,8,183992.00
65,2026-04-18,10,229990.00
65,2026-04-19,9,206991.00
65,2026-04-20,8,183992.00
65,2026-04-21,8,183992.00
65,2026-04-22,8,183992.00
65,2026-04-23,8,183992.00
65,2026-04-24,8,183992.00
65,2026-04-25,10,229990.00
65,2026-04-26,9,206991.00
65,2026-04-27,8,183992.00
65,2026-04-28,8,183992.00
65,2026-04-29,8,183992.00
65,2026-04-30,8,183992.00
65,2026-05-01,8,183992.00
65,2026-05-02,10,229990.00
65,2026-05-03,9,206991.00
65,2026-05-04,8,183992.00
65,2026-05-05,8,183992.00
65,2026-05-06,8,183992.00
65,2026-05-07,8,183992.00
65,2026-05-08,8,183992.00
65,2026-05-09,10,229990.00
65,2026-05-10,9,206991.00
65,2026-05-11,8,183992.00
65,2026-05-12,8,183992.00
65,2026-05-13,8,183992.00
65,2026-05-14,8,183992.00
65,2026-05-15,8,183992.00
65,2026-05-16,10,229990.00
65,2026-05-17,9,206991.00
65,2026-05-18,8,183992.00
65,2026-05-19,8,183992.00
65,2026-05-20,8,183992.00
65,2026-05-21,8,183992.00
65,2026-05-22,8,183992.00
65,2026-05-23,10,229990.00
65,2026-05-24,9,206991.00
65,2026-05-25,8,183992.00
65,2026-05-26,8,183992.00
65,2026-05-27,8,183992.00
65,2026-05-28,8,183992.00
65,2026-05-29,8,183992.00
65,2026-05-30,10,229990.00
65,2026-05-31,9,206991.00
65,2026-06-01,7,160993.00
65,2026-06-02,7,160993.00
65,2026-06-03,7,160993.00
65,2026-06-04,7,160993.00
65,2026-06-05,7,160993.00
65,2026-06-06,9,206991.00
65,2026-06-07,8,183992.00
65,2026-06-08,7,160993.00
65,2026-06-09,7,160993.00
65,2026-06-10,7,160993.00
65,2026-06-11,7,160993.00
65,2026-06-12,7,160993.00
65,2026-06-13,9,206991.00
65,2026-06-14,8,183992.00
65,2026-06-15,7,160993.00
65,2026-06-16,7,160993.00
65,2026-06-17,7,160993.00
65,2026-06-18,7,160993.00
65,2026-06-19,7,160993.00
65,2026-06-20,9,206991.00
65,2026-06-21,8,183992.00
65,2026-06-22,7,160993.00
65,2026-06-23,7,160993.00
65,2026-06-24,7,160993.00
65,2026-06-25,7,160993.00
65,2026-06-26,7,160993.00
65,2026-06-27,9,206991.00
65,2026-06-28,8,183992.00
65,2026-06-29,7,160993.00
65,2026-06-30,7,160993.00
65,2026-07-01,7,160993.00
65,2026-07-02,7,160993.00
65,2026-07-03,7,160993.00
65,2026-07-04,9,206991.00
65,2026-07-05,8,183992.00
65,2026-07-06,7,160993.00
65,2026-07-07,7,160993.00
65,2026-07-08,7,160993.00
65,2026-07-09,7,160993.00
65,2026-07-10,7,160993.00
65,2026-07-11,9,206991.00
65,2026-07-12,8,183992.00
65,2026-07-13,7,160993.00
65,2026-07-14,7,160993.00
65,2026-07-15,7,160993.00
65,2026-07-16,7,160993.00
65,2026-07-17,7,160993.00
65,2026-07-18,9,206991.00
65,2026-07-19,8,183992.00
65,2026-07-20,7,160993.00
65,2026-07-21,7,160993.00
65,2026-07-22,7,160993.00
65,2026-07-23,7,160993.00
65,2026-07-24,7,160993.00
65,2026-07-25,9,206991.00
65,2026-07-26,8,183992.00
65,2026-07-27,7,160993.00
65,2026-07-28,7,160993.00
65,2026-07-29,7,160993.00
65,2026-07-30,7,160993.00
65,2026-07-31,7,160993.00
65,2026-08-01,9,206991.00
65,2026-08-02,8,183992.00
65,2026-08-03,7,160993.00
65,2026-08-04,7,160993.00
65,2026-08-05,7,160993.00
65,2026-08-06,7,160993.00
65,2026-08-07,7,160993.00
65,2026-08-08,9,206991.00
65,2026-08-09,8,183992.00
65,2026-08-10,7,160993.00
65,2026-08-11,7,160993.00
65,2026-08-12,7,160993.00
65,2026-08-13,7,160993.00
65,2026-08-14,7,160993.00
65,2026-08-15,9,206991.00
65,2026-08-16,8,183992.00
65,2026-08-17,7,160993.00
65,2026-08-18,7,160993.00
65,2026-08-19,7,160993.00
65,2026-08-20,7,160993.00
65,2026-08-21,7,160993.00
65,2026-08-22,9,206991.00
65,2026-08-23,8,183992.00
65,2026-08-24,7,160993.00
65,2026-08-25,7,160993.00
65,2026-08-26,7,160993.00
65,2026-08-27,7,160993.00
65,2026-08-28,7,160993.00
65,2026-08-29,9,206991.00
65,2026-08-30,8,183992.00
65,2026-08-31,7,160993.00
65,2026-09-01,7,160993.00
65,2026-09-02,7,160993.00
65,2026-09-03,7,160993.00
65,2026-09-04,7,160993.00
65,2026-09-05,9,206991.00
65,2026-09-06,8,183992.00
65,2026-09-07,7,160993.00
65,2026-09-08,7,160993.00
65,2026-09-09,7,160993.00
65,2026-09-10,7,160993.00
65,2026-09-11,7,160993.00
65,2026-09-12,9,206991.00
65,2026-09-13,8,183992.00
65,2026-09-14,7,160993.00
65,2026-09-15,7,160993.00
65,2026-09-16,7,160993.00
65,2026-09-17,7,160993.00
65,2026-09-18,7,160993.00
65,2026-09-19,9,206991.00
65,2026-09-20,8,183992.00
65,2026-09-21,7,160993.00
65,2026-09-22,7,160993.00
65,2026-09-23,7,160993.00
65,2026-09-24,7,160993.00
65,2026-09-25,7,160993.00
65,2026-09-26,9,206991.00
65,2026-09-27,8,183992.00
65,2026-09-28,7,160993.00
65,2026-09-29,7,160993.00
66,2025-09-30,7,874993.00
66,2025-10-01,9,1124991.00
66,2025-10-02,9,1124991.00
66,2025-10-03,9,1124991.00
66,2025-10-04,10,1249990.00
66,2025-10-05,10,1249990.00
66,2025-10-06,9,1124991.00
66,2025-10-07,9,1124991.00
66,2025-10-08,9,1124991.00
66,2025-10-09,9,1124991.00
66,2025-10-10,9,1124991.00
66,2025-10-11,10,1249990.00
66,2025-10-12,10,1249990.00
66,2025-10-13,9,1124991.00
66,2025-10-14,9,1124991.00
66,2025-10-15,9,1124991.00
66,2025-10-16,9,1124991.00
66,2025-10-17,9,1124991.00
66,2025-10-18,10,1249990.00
66,2025-10-19,10,1249990.00
66,2025-10-20,9,1124991.00
66,2025-10-21,9,1124991.00
66,2025-10-22,9,1124991.00
66,2025-10-23,9,1124991.00
66,2025-10-24,9,1124991.00
66,2025-10-25,10,1249990.00
66,2025-10-26,10,1249990.00
66,2025-10-27,9,1124991.00
66,2025-10-28,9,1124991.00
66,2025-10-29,9,1124991.00
66,2025-10-30,9,1124991.00
66,2025-10-31,9,1124991.00
66,2025-11-01,10,1249990.00
66,2025-11-02,10,1249990.00
66,2025-11-03,9,1124991.00
66,2025-11-04,9,1124991.00
66,2025-11-05,9,1124991.00
66,2025-11-06,9,1124991.00
66,2025-11-07,9,1124991.00
66,2025-11-08,10,1249990.00
66,2025-11-09,10,1249990.00
66,2025-11-10,9,1124991.00
66,2025-11-11,9,1124991.00
66,2025-11-12,9,1124991.00
66,2025-11-13,9,1124991.00
66,2025-11-14,9,1124991.00
66,2025-11-15,10,1249990.00
66,2025-11-16,10,1249990.00
66,2025-11-17,9,1124991.00
66,2025-11-18,9,1124991.00
66,2025-11-19,9,1124991.00
66,2025-11-20,9,1124991.00
66,2025-11-21,9,1124991.00
66,2025-11-22,10,1249990.00
66,2025-11-23,10,1249990.00
66,2025-11-24,9,1124991.00
66,2025-11-25,9,1124991.00
66,2025-11-26,9,1124991.00
66,2025-11-27,9,1124991.00
66,2025-11-28,9,1124991.00
66,2025-11-29,10,1249990.00
66,2025-11-30,10,1249990.00
66,2025-12-01,7,874993.00
66,2025-12-02,7,874993.00
66,2025-12-03,7,874993.00
66,2025-12-04,7,874993.00
66,2025-12-05,7,874993.00
66,2025-12-06,8,999992.00
66,2025-12-07,8,999992.00
66,2025-12-08,7,874993.00
66,2025-12-09,7,874993.00
66,2025-12-10,7,874993.00
66,2025-12-11,7,874993.00
66,2025-12-12,7,874993.00
66,2025-12-13,8,999992.00
66,2025-12-14,8,999992.00
66,2025-12-15,7,874993.00
66,2025-12-16,7,874993.00
66,2025-12-17,7,874993.00
66,2025-12-18,7,874993.00
66,2025-12-19,7,874993.00
66,2025-12-20,8,999992.00
66,2025-12-21,8,999992.00
66,2025-12-22,7,874993.00
66,2025-12-23,7,874993.00
66,2025-12-24,7,874993.00
66,2025-12-25,7,874993.00
66,2025-12-26,7,874993.00
66,2025-12-27,8,999992.00
66,2025-12-28,8,999992.00
66,2025-12-29,7,874993.00
66,2025-12-30,7,874993.00
66,2025-12-31,7,874993.00
66,2026-01-01,7,874993.00
66,2026-01-02,7,874993.00
66,2026-01-03,8,999992.00
66,2026-01-04,8,999992.00
66,2026-01-05,7,874993.00
66,2026-01-06,7,874993.00
66,2026-01-07,7,874993.00
66,2026-01-08,7,874993.00
66,2026-01-09,7,874993.00
66,2026-01-10,8,999992.00
66,2026-01-11,8,999992.00
66,2026-01-12,7,874993.00
66,2026-01-13,7,874993.00
66,2026-01-14,7,874993.00
66,2026-01-15,7,874993.00
66,2026-01-16,7,874993.00
66,2026-01-17,8,999992.00
66,2026-01-18,8,999992.00
66,2026-01-19,7,874993.00
66,2026-01-20,7,874993.00
66,2026-01-21,7,874993.00
66,2026-01-22,7,874993.00
66,2026-01-23,7,874993.00
66,2026-01-24,8,999992.00
66,2026-01-25,8,999992.00
66,2026-01-26,7,874993.00
66,2026-01-27,7,874993.00
66,2026-01-28,7,874993.00
66,2026-01-29,7,874993.00
66,2026-01-30,7,874993.00
66,2026-01-31,8,999992.00
66,2026-02-01,8,999992.00
66,2026-02-02,7,874993.00
66,2026-02-03,7,874993.00
66,2026-02-04,7,874993.00
66,2026-02-05,7,874993.00
66,2026-02-06,7,874993.00
66,2026-02-07,8,999992.00
66,2026-02-08,8,999992.00
66,2026-02-09,7,874993.00
66,2026-02-10,7,874993.00
66,2026-02-11,7,874993.00
66,2026-02-12,7,874993.00
66,2026-02-13,7,874993.00
66,2026-02-14,8,999992.00
66,2026-02-15,8,999992.00
66,2026-02-16,7,874993.00
66,2026-02-17,7,874993.00
66,2026-02-18,7,874993.00
66,2026-02-19,7,874993.00
66,2026-02-20,7,874993.00
66,2026-02-21,8,999992.00
66,2026-02-22,8,999992.00
66,2026-02-23,7,874993.00
66,2026-02-24,7,874993.00
66,2026-02-25,7,874993.00
66,2026-02-26,7,874993.00
66,2026-02-27,7,874993.00
66,2026-02-28,8,999992.00
66,2026-03-01,8,999992.00
66,2026-03-02,7,874993.00
66,2026-03-03,7,874993.00
66,2026-03-04,7,874993.00
66,2026-03-05,7,874993.00
66,2026-03-06,7,874993.00
66,2026-03-07,8,999992.00
66,2026-03-08,8,999992.00
66,2026-03-09,7,874993.00
66,2026-03-10,7,874993.00
66,2026-03-11,7,874993.00
66,2026-03-12,7,874993.00
66,2026-03-13,7,874993.00
66,2026-03-14,8,999992.00
66,2026-03-15,8,999992.00
66,2026-03-16,7,874993.00
66,2026-03-17,7,874993.00
66,2026-03-18,7,874993.00
66,2026-03-19,7,874993.00
66,2026-03-20,7,874993.00
66,2026-03-21,8,999992.00
66,2026-03-22,8,999992.00
66,2026-03-23,7,874993.00
66,2026-03-24,7,874993.00
66,2026-03-25,7,874993.00
66,2026-03-26,7,874993.00
66,2026-03-27,7,874993.00
66,2026-03-28,8,999992.00
66,2026-03-29,8,999992.00
66,2026-03-30,7,874993.00
66,2026-03-31,7,874993.00
66,2026-04-01,8,999992.00
66,2026-04-02,8,999992.00
66,2026-04-03,8,999992.00
66,2026-04-04,9,1124991.00
66,2026-04-05,9,1124991.00
66,2026-04-06,8,999992.00
66,2026-04-07,8,999992.00
66,2026-04-08,8,999992.00
66,2026-04-09,8,999992.00
66,2026-04-10,8,999992.00
66,2026-04-11,9,1124991.00
66,2026-04-12,9,1124991.00
66,2026-04-13,8,999992.00
66,2026-04-14,8,999992.00
66,2026-04-15,8,999992.00
66,2026-04-16,8,999992.00
66,2026-04-17,8,999992.00
66,2026-04-18,9,1124991.00
66,2026-04-19,9,1124991.00
66,2026-04-20,8,999992.00
66,2026-04-21,8,999992.00
66,2026-04-22,8,999992.00
66,2026-04-23,8,999992.00
66,2026-04-24,8,999992.00
66,2026-04-25,9,1124991.00
66,2026-04-26,9,1124991.00
66,2026-04-27,8,999992.00
66,2026-04-28,8,999992.00
66,2026-04-29,8,999992.00
66,2026-04-30,8,999992.00
66,2026-05-01,8,999992.00
66,2026-05-02,9,1124991.00
66,2026-05-03,9,1124991.00
66,2026-05-04,8,999992.00
66,2026-05-05,8,999992.00
66,2026-05-06,8,999992.00
66,2026-05-07,8,999992.00
66,2026-05-08,8,999992.00
66,2026-05-09,9,1124991.00
66,2026-05-10,9,1124991.00
66,2026-05-11,8,999992.00
66,2026-05-12,8,999992.00
66,2026-05-13,8,999992.00
66,2026-05-14,8,999992.00
66,2026-05-15,8,999992.00
66,2026-05-16,9,1124991.00
66,2026-05-17,9,1124991.00
66,2026-05-18,8,999992.00
66,2026-05-19,8,999992.00
66,2026-05-20,8,999992.00
66,2026-05-21,8,999992.00
66,2026-05-22,8,999992.00
66,2026-05-23,9,1124991.00
66,2026-05-24,9,1124991.00
66,2026-05-25,8,999992.00
66,2026-05-26,8,999992.00
66,2026-05-27,8,999992.00
66,2026-05-28,8,999992.00
66,2026-05-29,8,999992.00
66,2026-05-30,9,1124991.00
66,2026-05-31,9,1124991.00
66,2026-06-01,7,874993.00
66,2026-06-02,7,874993.00
66,2026-06-03,7,874993.00
66,2026-06-04,7,874993.00
66,2026-06-05,7,874993.00
66,2026-06-06,8,999992.00
66,2026-06-07,8,999992.00
66,2026-06-08,7,874993.00
66,2026-06-09,7,874993.00
66,2026-06-10,7,874993.00
66,2026-06-11,7,874993.00
66,2026-06-12,7,874993.00
66,2026-06-13,8,999992.00
66,2026-06-14,8,999992.00
66,2026-06-15,7,874993.00
66,2026-06-16,7,874993.00
66,2026-06-17,7,874993.00
66,2026-06-18,7,874993.00
66,2026-06-19,7,874993.00
66,2026-06-20,8,999992.00
66,2026-06-21,8,999992.00
66,2026-06-22,7,874993.00
66,2026-06-23,7,874993.00
66,2026-06-24,7,874993.00
66,2026-06-25,7,874993.00
66,2026-06-26,7,874993.00
66,2026-06-27,8,999992.00
66,2026-06-28,8,999992.00
66,2026-06-29,7,874993.00
66,2026-06-30,7,874993.00
66,2026-07-01,7,874993.00
66,2026-07-02,7,874993.00
66,2026-07-03,7,874993.00
66,2026-07-04,8,999992.00
66,2026-07-05,8,999992.00
66,2026-07-06,7,874993.00
66,2026-07-07,7,874993.00
66,2026-07-08,7,874993.00
66,2026-07-09,7,874993.00
66,2026-07-10,7,874993.00
66,2026-07-11,8,999992.00
66,2026-07-12,8,999992.00
66,2026-07-13,7,874993.00
66,2026-07-14,7,874993.00
66,2026-07-15,7,874993.00
66,2026-07-16,7,874993.00
66,2026-07-17,7,874993.00
66,2026-07-18,8,999992.00
66,2026-07-19,8,999992.00
66,2026-07-20,7,874993.00
66,2026-07-21,7,874993.00
66,2026-07-22,7,874993.00
66,2026-07-23,7,874993.00
66,2026-07-24,7,874993.00
66,2026-07-25,8,999992.00
66,2026-07-26,8,999992.00
66,2026-07-27,7,874993.00
66,2026-07-28,7,874993.00
66,2026-07-29,7,874993.00
66,2026-07-30,7,874993.00
66,2026-07-31,7,874993.00
66,2026-08-01,8,999992.00
66,2026-08-02,8,999992.00
66,2026-08-03,7,874993.00
66,2026-08-04,7,874993.00
66,2026-08-05,7,874993.00
66,2026-08-06,7,874993.00
66,2026-08-07,7,874993.00
66,2026-08-08,8,999992.00
66,2026-08-09,8,999992.00
66,2026-08-10,7,874993.00
66,2026-08-11,7,874993.00
66,2026-08-12,7,874993.00
66,2026-08-13,7,874993.00
66,2026-08-14,7,874993.00
66,2026-08-15,8,999992.00
66,2026-08-16,8,999992.00
66,2026-08-17,7,874993.00
66,2026-08-18,7,874993.00
66,2026-08-19,7,874993.00
66,2026-08-20,7,874993.00
66,2026-08-21,7,874993.00
66,2026-08-22,8,999992.00
66,2026-08-23,8,999992.00
66,2026-08-24,7,874993.00
66,2026-08-25,7,874993.00
66,2026-08-26,7,874993.00
66,2026-08-27,7,874993.00
66,2026-08-28,7,874993.00
66,2026-08-29,8,999992.00
66,2026-08-30,8,999992.00
66,2026-08-31,7,874993.00
66,2026-09-01,7,874993.00
66,2026-09-02,7,874993.00
66,2026-09-03,7,874993.00
66,2026-09-04,7,874993.00
66,2026-09-05,8,999992.00
66,2026-09-06,8,999992.00
66,2026-09-07,7,874993.00
66,2026-09-08,7,874993.00
66,2026-09-09,7,874993.00
66,2026-09-10,7,874993.00
66,2026-09-11,7,874993.00
66,2026-09-12,8,999992.00
66,2026-09-13,8,999992.00
66,2026-09-14,7,874993.00
66,2026-09-15,7,874993.00
66,2026-09-16,7,874993.00
66,2026-09-17,7,874993.00
66,2026-09-18,7,874993.00
66,2026-09-19,8,999992.00
66,2026-09-20,8,999992.00
66,2026-09-21,7,874993.00
66,2026-09-22,7,874993.00
66,2026-09-23,7,874993.00
66,2026-09-24,7,874993.00
66,2026-09-25,7,874993.00
66,2026-09-26,8,999992.00
66,2026-09-27,8,999992.00
66,2026-09-28,7,874993.00
66,2026-09-29,7,874993.00
67,2025-09-30,7,293993.00
67,2025-10-01,8,335992.00
67,2025-10-02,8,335992.00
67,2025-10-03,8,335992.00
67,2025-10-04,10,419990.00
67,2025-10-05,9,377991.00
67,2025-10-06,8,335992.00
67,2025-10-07,8,335992.00
67,2025-10-08,8,335992.00
67,2025-10-09,8,335992.00
67,2025-10-10,8,335992.00
67,2025-10-11,10,419990.00
67,2025-10-12,9,377991.00
67,2025-10-13,8,335992.00
67,2025-10-14,8,335992.00
67,2025-10-15,8,335992.00
67,2025-10-16,8,335992.00
67,2025-10-17,8,335992.00
67,2025-10-18,10,419990.00
67,2025-10-19,9,377991.00
67,2025-10-20,8,335992.00
67,2025-10-21,8,335992.00
67,2025-10-22,8,335992.00
67,2025-10-23,8,335992.00
67,2025-10-24,8,335992.00
67,2025-10-25,10,419990.00
67,2025-10-26,9,377991.00
67,2025-10-27,8,335992.00
67,2025-10-28,8,335992.00
67,2025-10-29,8,335992.00
67,2025-10-30,8,335992.00
67,2025-10-31,8,335992.00
67,2025-11-01,10,419990.00
67,2025-11-02,9,377991.00
67,2025-11-03,8,335992.00
67,2025-11-04,8,335992.00
67,2025-11-05,8,335992.00
67,2025-11-06,8,335992.00
67,2025-11-07,8,335992.00
67,2025-11-08,10,419990.00
67,2025-11-09,9,377991.00
67,2025-11-10,8,335992.00
67,2025-11-11,8,335992.00
67,2025-11-12,8,335992.00
67,2025-11-13,8,335992.00
67,2025-11-14,8,335992.00
67,2025-11-15,10,419990.00
67,2025-11-16,9,377991.00
67,2025-11-17,8,335992.00
67,2025-11-18,8,335992.00
67,2025-11-19,8,335992.00
67,2025-11-20,8,335992.00
67,2025-11-21,8,335992.00
67,2025-11-22,10,419990.00
67,2025-11-23,9,377991.00
67,2025-11-24,8,335992.00
67,2025-11-25,8,335992.00
67,2025-11-26,8,335992.00
67,2025-11-27,8,335992.00
67,2025-11-28,8,335992.00
67,2025-11-29,10,419990.00
67,2025-11-30,9,377991.00
67,2025-12-01,7,293993.00
67,2025-12-02,7,293993.00
67,2025-12-03,7,293993.00
67,2025-12-04,7,293993.00
67,2025-12-05,7,293993.00
67,2025-12-06,8,335992.00
67,2025-12-07,8,335992.00
67,2025-12-08,7,293993.00
67,2025-12-09,7,293993.00
67,2025-12-10,7,293993.00
67,2025-12-11,7,293993.00
67,2025-12-12,7,293993.00
67,2025-12-13,8,335992.00
67,2025-12-14,8,335992.00
67,2025-12-15,7,293993.00
67,2025-12-16,7,293993.00
67,2025-12-17,7,293993.00
67,2025-12-18,7,293993.00
67,2025-12-19,7,293993.00
67,2025-12-20,8,335992.00
67,2025-12-21,8,335992.00
67,2025-12-22,7,293993.00
67,2025-12-23,7,293993.00
67,2025-12-24,7,293993.00
67,2025-12-25,7,293993.00
67,2025-12-26,7,293993.00
67,2025-12-27,8,335992.00
67,2025-12-28,8,335992.00
67,2025-12-29,7,293993.00
67,2025-12-30,7,293993.00
67,2025-12-31,7,293993.00
67,2026-01-01,7,293993.00
67,2026-01-02,7,293993.00
67,2026-01-03,8,335992.00
67,2026-01-04,8,335992.00
67,2026-01-05,7,293993.00
67,2026-01-06,7,293993.00
67,2026-01-07,7,293993.00
67,2026-01-08,7,293993.00
67,2026-01-09,7,293993.00
67,2026-01-10,8,335992.00
67,2026-01-11,8,335992.00
67,2026-01-12,7,293993.00
67,2026-01-13,7,293993.00
67,2026-01-14,7,293993.00
67,2026-01-15,7,293993.00
67,2026-01-16,7,293993.00
67,2026-01-17,8,335992.00
67,2026-01-18,8,335992.00
67,2026-01-19,7,293993.00
67,2026-01-20,7,293993.00
67,2026-01-21,7,293993.00
67,2026-01-22,7,293993.00
67,2026-01-23,7,293993.00
67,2026-01-24,8,335992.00
67,2026-01-25,8,335992.00
67,2026-01-26,7,293993.00
67,2026-01-27,7,293993.00
67,2026-01-28,7,293993.00
67,2026-01-29,7,293993.00
67,2026-01-30,7,293993.00
67,2026-01-31,8,335992.00
67,2026-02-01,8,335992.00
67,2026-02-02,7,293993.00
67,2026-02-03,7,293993.00
67,2026-02-04,7,293993.00
67,2026-02-05,7,293993.00
67,2026-02-06,7,293993.00
67,2026-02-07,8,335992.00
67,2026-02-08,8,335992.00
67,2026-02-09,7,293993.00
67,2026-02-10,7,293993.00
67,2026-02-11,7,293993.00
67,2026-02-12,7,293993.00
67,2026-02-13,7,293993.00
67,2026-02-14,8,335992.00
67,2026-02-15,8,335992.00
67,2026-02-16,7,293993.00
67,2026-02-17,7,293993.00
67,2026-02-18,7,293993.00
67,2026-02-19,7,293993.00
67,2026-02-20,7,293993.00
67,2026-02-21,8,335992.00
67,2026-02-22,8,335992.00
67,2026-02-23,7,293993.00
67,2026-02-24,7,293993.00
67,2026-02-25,7,293993.00
67,2026-02-26,7,293993.00
67,2026-02-27,7,293993.00
67,2026-02-28,8,335992.00
67,2026-03-01,8,335992.00
67,2026-03-02,7,293993.00
67,2026-03-03,7,293993.00
67,2026-03-04,7,293993.00
67,2026-03-05,7,293993.00
67,2026-03-06,7,293993.00
67,2026-03-07,8,335992.00
67,2026-03-08,8,335992.00
67,2026-03-09,7,293993.00
67,2026-03-10,7,293993.00
67,2026-03-11,7,293993.00
67,2026-03-12,7,293993.00
67,2026-03-13,7,293993.00
67,2026-03-14,8,335992.00
67,2026-03-15,8,335992.00
67,2026-03-16,7,293993.00
67,2026-03-17,7,293993.00
67,2026-03-18,7,293993.00
67,2026-03-19,7,293993.00
67,2026-03-20,7,293993.00
67,2026-03-21,8,335992.00
67,2026-03-22,8,335992.00
67,2026-03-23,7,293993.00
67,2026-03-24,7,293993.00
67,2026-03-25,7,293993.00
67,2026-03-26,7,293993.00
67,2026-03-27,7,293993.00
67,2026-03-28,8,335992.00
67,2026-03-29,8,335992.00
67,2026-03-30,7,293993.00
67,2026-03-31,7,293993.00
67,2026-04-01,7,293993.00
67,2026-04-02,7,293993.00
67,2026-04-03,7,293993.00
67,2026-04-04,9,377991.00
67,2026-04-05,8,335992.00
67,2026-04-06,7,293993.00
67,2026-04-07,7,293993.00
67,2026-04-08,7,293993.00
67,2026-04-09,7,293993.00
67,2026-04-10,7,293993.00
67,2026-04-11,9,377991.00
67,2026-04-12,8,335992.00
67,2026-04-13,7,293993.00
67,2026-04-14,7,293993.00
67,2026-04-15,7,293993.00
67,2026-04-16,7,293993.00
67,2026-04-17,7,293993.00
67,2026-04-18,9,377991.00
67,2026-04-19,8,335992.00
67,2026-04-20,7,293993.00
67,2026-04-21,7,293993.00
67,2026-04-22,7,293993.00
67,2026-04-23,7,293993.00
67,2026-04-24,7,293993.00
67,2026-04-25,9,377991.00
67,2026-04-26,8,335992.00
67,2026-04-27,7,293993.00
67,2026-04-28,7,293993.00
67,2026-04-29,7,293993.00
67,2026-04-30,7,293993.00
67,2026-05-01,7,293993.00
67,2026-05-02,9,377991.00
67,2026-05-03,8,335992.00
67,2026-05-04,7,293993.00
67,2026-05-05,7,293993.00
67,2026-05-06,7,293993.00
67,2026-05-07,7,293993.00
67,2026-05-08,7,293993.00
67,2026-05-09,9,377991.00
67,2026-05-10,8,335992.00
67,2026-05-11,7,293993.00
67,2026-05-12,7,293993.00
67,2026-05-13,7,293993.00
67,2026-05-14,7,293993.00
67,2026-05-15,7,293993.00
67,2026-05-16,9,377991.00
67,2026-05-17,8,335992.00
67,2026-05-18,7,293993.00
67,2026-05-19,7,293993.00
67,2026-05-20,7,293993.00
67,2026-05-21,7,293993.00
67,2026-05-22,7,293993.00
67,2026-05-23,9,377991.00
67,2026-05-24,8,335992.00
67,2026-05-25,7,293993.00
67,2026-05-26,7,293993.00
67,2026-05-27,7,293993.00
67,2026-05-28,7,293993.00
67,2026-05-29,7,293993.00
67,2026-05-30,9,377991.00
67,2026-05-31,8,335992.00
67,2026-06-01,7,293993.00
67,2026-06-02,7,293993.00
67,2026-06-03,7,293993.00
67,2026-06-04,7,293993.00
67,2026-06-05,7,293993.00
67,2026-06-06,8,335992.00
67,2026-06-07,8,335992.00
67,2026-06-08,7,293993.00
67,2026-06-09,7,293993.00
67,2026-06-10,7,293993.00
67,2026-06-11,7,293993.00
67,2026-06-12,7,293993.00
67,2026-06-13,8,335992.00
67,2026-06-14,8,335992.00
67,2026-06-15,7,293993.00
67,2026-06-16,7,293993.00
67,2026-06-17,7,293993.00
67,2026-06-18,7,293993.00
67,2026-06-19,7,293993.00
67,2026-06-20,8,335992.00
67,2026-06-21,8,335992.00
67,2026-06-22,7,293993.00
67,2026-06-23,7,293993.00
67,2026-06-24,7,293993.00
67,2026-06-25,7,293993.00
67,2026-06-26,7,293993.00
67,2026-06-27,8,335992.00
67,2026-06-28,8,335992.00
67,2026-06-29,7,293993.00
67,2026-06-30,7,293993.00
67,2026-07-01,7,293993.00
67,2026-07-02,7,293993.00
67,2026-07-03,7,293993.00
67,2026-07-04,8,335992.00
67,2026-07-05,8,335992.00
67,2026-07-06,7,293993.00
67,2026-07-07,7,293993.00
67,2026-07-08,7,293993.00
67,2026-07-09,7,293993.00
67,2026-07-10,7,293993.00
67,2026-07-11,8,335992.00
67,2026-07-12,8,335992.00
67,2026-07-13,7,293993.00
67,2026-07-14,7,293993.00
67,2026-07-15,7,293993.00
67,2026-07-16,7,293993.00
67,2026-07-17,7,293993.00
67,2026-07-18,8,335992.00
67,2026-07-19,8,335992.00
67,2026-07-20,7,293993.00
67,2026-07-21,7,293993.00
67,2026-07-22,7,293993.00
67,2026-07-23,7,293993.00
67,2026-07-24,7,293993.00
67,2026-07-25,8,335992.00
67,2026-07-26,8,335992.00
67,2026-07-27,7,293993.00
67,2026-07-28,7,293993.00
67,2026-07-29,7,293993.00
67,2026-07-30,7,293993.00
67,2026-07-31,7,293993.00
67,2026-08-01,8,335992.00
67,2026-08-02,8,335992.00
67,2026-08-03,7,293993.00
67,2026-08-04,7,293993.00
67,2026-08-05,7,293993.00
67,2026-08-06,7,293993.00
67,2026-08-07,7,293993.00
67,2026-08-08,8,335992.00
67,2026-08-09,8,335992.00
67,2026-08-10,7,293993.00
67,2026-08-11,7,293993.00
67,2026-08-12,7,293993.00
67,2026-08-13,7,293993.00
67,2026-08-14,7,293993.00
67,2026-08-15,8,335992.00
67,2026-08-16,8,335992.00
67,2026-08-17,7,293993.00
67,2026-08-18,7,293993.00
67,2026-08-19,7,293993.00
67,2026-08-20,7,293993.00
67,2026-08-21,7,293993.00
67,2026-08-22,8,335992.00
67,2026-08-23,8,335992.00
67,2026-08-24,7,293993.00
67,2026-08-25,7,293993.00
67,2026-08-26,7,293993.00
67,2026-08-27,7,293993.00
67,2026-08-28,7,293993.00
67,2026-08-29,8,335992.00
67,2026-08-30,8,335992.00
67,2026-08-31,7,293993.00
67,2026-09-01,7,293993.00
67,2026-09-02,7,293993.00
67,2026-09-03,7,293993.00
67,2026-09-04,7,293993.00
67,2026-09-05,8,335992.00
67,2026-09-06,8,335992.00
67,2026-09-07,7,293993.00
67,2026-09-08,7,293993.00
67,2026-09-09,7,293993.00
67,2026-09-10,7,293993.00
67,2026-09-11,7,293993.00
67,2026-09-12,8,335992.00
67,2026-09-13,8,335992.00
67,2026-09-14,7,293993.00
67,2026-09-15,7,293993.00
67,2026-09-16,7,293993.00
67,2026-09-17,7,293993.00
67,2026-09-18,7,293993.00
67,2026-09-19,8,335992.00
67,2026-09-20,8,335992.00
67,2026-09-21,7,293993.00
67,2026-09-22,7,293993.00
67,2026-09-23,7,293993.00
67,2026-09-24,7,293993.00
67,2026-09-25,7,293993.00
67,2026-09-26,8,335992.00
67,2026-09-27,8,335992.00
67,2026-09-28,7,293993.00
67,2026-09-29,7,293993.00
68,2025-09-30,5,194995.00
68,2025-10-01,7,272993.00
68,2025-10-02,7,272993.00
68,2025-10-03,7,272993.00
68,2025-10-04,8,311992.00
68,2025-10-05,8,311992.00
68,2025-10-06,7,272993.00
68,2025-10-07,7,272993.00
68,2025-10-08,7,272993.00
68,2025-10-09,7,272993.00
68,2025-10-10,7,272993.00
68,2025-10-11,8,311992.00
68,2025-10-12,8,311992.00
68,2025-10-13,7,272993.00
68,2025-10-14,7,272993.00
68,2025-10-15,7,272993.00
68,2025-10-16,7,272993.00
68,2025-10-17,7,272993.00
68,2025-10-18,8,311992.00
68,2025-10-19,8,311992.00
68,2025-10-20,7,272993.00
68,2025-10-21,7,272993.00
68,2025-10-22,7,272993.00
68,2025-10-23,7,272993.00
68,2025-10-24,7,272993.00
68,2025-10-25,8,311992.00
68,2025-10-26,8,311992.00
68,2025-10-27,7,272993.00
68,2025-10-28,7,272993.00
68,2025-10-29,7,272993.00
68,2025-10-30,7,272993.00
68,2025-10-31,7,272993.00
68,2025-11-01,8,311992.00
68,2025-11-02,8,311992.00
68,2025-11-03,7,272993.00
68,2025-11-04,7,272993.00
68,2025-11-05,7,272993.00
68,2025-11-06,7,272993.00
68,2025-11-07,7,272993.00
68,2025-11-08,8,311992.00
68,2025-11-09,8,311992.00
68,2025-11-10,7,272993.00
68,2025-11-11,7,272993.00
68,2025-11-12,7,272993.00
68,2025-11-13,7,272993.00
68,2025-11-14,7,272993.00
68,2025-11-15,8,311992.00
68,2025-11-16,8,311992.00
68,2025-11-17,7,272993.00
68,2025-11-18,7,272993.00
68,2025-11-19,7,272993.00
68,2025-11-20,7,272993.00
68,2025-11-21,7,272993.00
68,2025-11-22,8,311992.00
68,2025-11-23,8,311992.00
68,2025-11-24,7,272993.00
68,2025-11-25,7,272993.00
68,2025-11-26,7,272993.00
68,2025-11-27,7,272993.00
68,2025-11-28,7,272993.00
68,2025-11-29,8,311992.00
68,2025-11-30,8,311992.00
68,2025-12-01,5,194995.00
68,2025-12-02,5,194995.00
68,2025-12-03,5,194995.00
68,2025-12-04,5,194995.00
68,2025-12-05,5,194995.00
68,2025-12-06,6,233994.00
68,2025-12-07,6,233994.00
68,2025-12-08,5,194995.00
68,2025-12-09,5,194995.00
68,2025-12-10,5,194995.00
68,2025-12-11,5,194995.00
68,2025-12-12,5,194995.00
68,2025-12-13,6,233994.00
68,2025-12-14,6,233994.00
68,2025-12-15,5,194995.00
68,2025-12-16,5,194995.00
68,2025-12-17,5,194995.00
68,2025-12-18,5,194995.00
68,2025-12-19,5,194995.00
68,2025-12-20,6,233994.00
68,2025-12-21,6,233994.00
68,2025-12-22,5,194995.00
68,2025-12-23,5,194995.00
68,2025-12-24,5,194995.00
68,2025-12-25,5,194995.00
68,2025-12-26,5,194995.00
68,2025-12-27,6,233994.00
68,2025-12-28,6,233994.00
68,2025-12-29,5,194995.00
68,2025-12-30,5,194995.00
68,2025-12-31,5,194995.00
68,2026-01-01,5,194995.00
68,2026-01-02,5,194995.00
68,2026-01-03,6,233994.00
68,2026-01-04,6,233994.00
68,2026-01-05,5,194995.00
68,2026-01-06,5,194995.00
68,2026-01-07,5,194995.00
68,2026-01-08,5,194995.00
68,2026-01-09,5,194995.00
68,2026-01-10,6,233994.00
68,2026-01-11,6,233994.00
68,2026-01-12,5,194995.00
68,2026-01-13,5,194995.00
68,2026-01-14,5,194995.00
68,2026-01-15,5,194995.00
68,2026-01-16,5,194995.00
68,2026-01-17,6,233994.00
68,2026-01-18,6,233994.00
68,2026-01-19,5,194995.00
68,2026-01-20,5,194995.00
68,2026-01-21,5,194995.00
68,2026-01-22,5,194995.00
68,2026-01-23,5,194995.00
68,2026-01-24,6,233994.00
68,2026-01-25,6,233994.00
68,2026-01-26,5,194995.00
68,2026-01-27,5,194995.00
68,2026-01-28,5,194995.00
68,2026-01-29,5,194995.00
68,2026-01-30,5,194995.00
68,2026-01-31,6,233994.00
68,2026-02-01,6,233994.00
68,2026-02-02,5,194995.00
68,2026-02-03,5,194995.00
68,2026-02-04,5,194995.00
68,2026-02-05,5,194995.00
68,2026-02-06,5,194995.00
68,2026-02-07,6,233994.00
68,2026-02-08,6,233994.00
68,2026-02-09,5,194995.00
68,2026-02-10,5,194995.00
68,2026-02-11,5,194995.00
68,2026-02-12,5,194995.00
68,2026-02-13,5,194995.00
68,2026-02-14,6,233994.00
68,2026-02-15,6,233994.00
68,2026-02-16,5,194995.00
68,2026-02-17,5,194995.00
68,2026-02-18,5,194995.00
68,2026-02-19,5,194995.00
68,2026-02-20,5,194995.00
68,2026-02-21,6,233994.00
68,2026-02-22,6,233994.00
68,2026-02-23,5,194995.00
68,2026-02-24,5,194995.00
68,2026-02-25,5,194995.00
68,2026-02-26,5,194995.00
68,2026-02-27,5,194995.00
68,2026-02-28,6,233994.00
68,2026-03-01,6,233994.00
68,2026-03-02,5,194995.00
68,2026-03-03,5,194995.00
68,2026-03-04,5,194995.00
68,2026-03-05,5,194995.00
68,2026-03-06,5,194995.00
68,2026-03-07,6,233994.00
68,2026-03-08,6,233994.00
68,2026-03-09,5,194995.00
68,2026-03-10,5,194995.00
68,2026-03-11,5,194995.00
68,2026-03-12,5,194995.00
68,2026-03-13,5,194995.00
68,2026-03-14,6,233994.00
68,2026-03-15,6,233994.00
68,2026-03-16,5,194995.00
68,2026-03-17,5,194995.00
68,2026-03-18,5,194995.00
68,2026-03-19,5,194995.00
68,2026-03-20,5,194995.00
68,2026-03-21,6,233994.00
68,2026-03-22,6,233994.00
68,2026-03-23,5,194995.00
68,2026-03-24,5,194995.00
68,2026-03-25,5,194995.00
68,2026-03-26,5,194995.00
68,2026-03-27,5,194995.00
68,2026-03-28,6,233994.00
68,2026-03-29,6,233994.00
68,2026-03-30,5,194995.00
68,2026-03-31,5,194995.00
68,2026-04-01,6,233994.00
68,2026-04-02,6,233994.00
68,2026-04-03,6,233994.00
68,2026-04-04,7,272993.00
68,2026-04-05,7,272993.00
68,2026-04-06,6,233994.00
68,2026-04-07,6,233994.00
68,2026-04-08,6,233994.00
68,2026-04-09,6,233994.00
68,2026-04-10,6,233994.00
68,2026-04-11,7,272993.00
68,2026-04-12,7,272993.00
68,2026-04-13,6,233994.00
68,2026-04-14,6,233994.00
68,2026-04-15,6,233994.00
68,2026-04-16,6,233994.00
68,2026-04-17,6,233994.00
68,2026-04-18,7,272993.00
68,2026-04-19,7,272993.00
68,2026-04-20,6,233994.00
68,2026-04-21,6,233994.00
68,2026-04-22,6,233994.00
68,2026-04-23,6,233994.00
68,2026-04-24,6,233994.00
68,2026-04-25,7,272993.00
68,2026-04-26,7,272993.00
68,2026-04-27,6,233994.00
68,2026-04-28,6,233994.00
68,2026-04-29,6,233994.00
68,2026-04-30,6,233994.00
68,2026-05-01,6,233994.00
68,2026-05-02,7,272993.00
68,2026-05-03,7,272993.00
68,2026-05-04,6,233994.00
68,2026-05-05,6,233994.00
68,2026-05-06,6,233994.00
68,2026-05-07,6,233994.00
68,2026-05-08,6,233994.00
68,2026-05-09,7,272993.00
68,2026-05-10,7,272993.00
68,2026-05-11,6,233994.00
68,2026-05-12,6,233994.00
68,2026-05-13,6,233994.00
68,2026-05-14,6,233994.00
68,2026-05-15,6,233994.00
68,2026-05-16,7,272993.00
68,2026-05-17,7,272993.00
68,2026-05-18,6,233994.00
68,2026-05-19,6,233994.00
68,2026-05-20,6,233994.00
68,2026-05-21,6,233994.00
68,2026-05-22,6,233994.00
68,2026-05-23,7,272993.00
68,2026-05-24,7,272993.00
68,2026-05-25,6,233994.00
68,2026-05-26,6,233994.00
68,2026-05-27,6,233994.00
68,2026-05-28,6,233994.00
68,2026-05-29,6,233994.00
68,2026-05-30,7,272993.00
68,2026-05-31,7,272993.00
68,2026-06-01,5,194995.00
68,2026-06-02,5,194995.00
68,2026-06-03,5,194995.00
68,2026-06-04,5,194995.00
68,2026-06-05,5,194995.00
68,2026-06-06,6,233994.00
68,2026-06-07,6,233994.00
68,2026-06-08,5,194995.00
68,2026-06-09,5,194995.00
68,2026-06-10,5,194995.00
68,2026-06-11,5,194995.00
68,2026-06-12,5,194995.00
68,2026-06-13,6,233994.00
68,2026-06-14,6,233994.00
68,2026-06-15,5,194995.00
68,2026-06-16,5,194995.00
68,2026-06-17,5,194995.00
68,2026-06-18,5,194995.00
68,2026-06-19,5,194995.00
68,2026-06-20,6,233994.00
68,2026-06-21,6,233994.00
68,2026-06-22,5,194995.00
68,2026-06-23,5,194995.00
68,2026-06-24,5,194995.00
68,2026-06-25,5,194995.00
68,2026-06-26,5,194995.00
68,2026-06-27,6,233994.00
68,2026-06-28,6,233994.00
68,2026-06-29,5,194995.00
68,2026-06-30,5,194995.00
68,2026-07-01,5,194995.00
68,2026-07-02,5,194995.00
68,2026-07-03,5,194995.00
68,2026-07-04,6,233994.00
68,2026-07-05,6,233994.00
68,2026-07-06,5,194995.00
68,2026-07-07,5,194995.00
68,2026-07-08,5,194995.00
68,2026-07-09,5,194995.00
68,2026-07-10,5,194995.00
68,2026-07-11,6,233994.00
68,2026-07-12,6,233994.00
68,2026-07-13,5,194995.00
68,2026-07-14,5,194995.00
68,2026-07-15,5,194995.00
68,2026-07-16,5,194995.00
68,2026-07-17,5,194995.00
68,2026-07-18,6,233994.00
68,2026-07-19,6,233994.00
68,2026-07-20,5,194995.00
68,2026-07-21,5,194995.00
68,2026-07-22,5,194995.00
68,2026-07-23,5,194995.00
68,2026-07-24,5,194995.00
68,2026-07-25,6,233994.00
68,2026-07-26,6,233994.00
68,2026-07-27,5,194995.00
68,2026-07-28,5,194995.00
68,2026-07-29,5,194995.00
68,2026-07-30,5,194995.00
68,2026-07-31,5,194995.00
68,2026-08-01,6,233994.00
68,2026-08-02,6,233994.00
68,2026-08-03,5,194995.00
68,2026-08-04,5,194995.00
68,2026-08-05,5,194995.00
68,2026-08-06,5,194995.00
68,2026-08-07,5,194995.00
68,2026-08-08,6,233994.00
68,2026-08-09,6,233994.00
68,2026-08-10,5,194995.00
68,2026-08-11,5,194995.00
68,2026-08-12,5,194995.00
68,2026-08-13,5,194995.00
68,2026-08-14,5,194995.00
68,2026-08-15,6,233994.00
68,2026-08-16,6,233994.00
68,2026-08-17,5,194995.00
68,2026-08-18,5,194995.00
68,2026-08-19,5,194995.00
68,2026-08-20,5,194995.00
68,2026-08-21,5,194995.00
68,2026-08-22,6,233994.00
68,2026-08-23,6,233994.00
68,2026-08-24,5,194995.00
68,2026-08-25,5,194995.00
68,2026-08-26,5,194995.00
68,2026-08-27,5,194995.00
68,2026-08-28,5,194995.00
68,2026-08-29,6,233994.00
68,2026-08-30,6,233994.00
68,2026-08-31,5,194995.00
68,2026-09-01,5,194995.00
68,2026-09-02,5,194995.00
68,2026-09-03,5,194995.00
68,2026-09-04,5,194995.00
68,2026-09-05,6,233994.00
68,2026-09-06,6,233994.00
68,2026-09-07,5,194995.00
68,2026-09-08,5,194995.00
68,2026-09-09,5,194995.00
68,2026-09-10,5,194995.00
68,2026-09-11,5,194995.00
68,2026-09-12,6,233994.00
68,2026-09-13,6,233994.00
68,2026-09-14,5,194995.00
68,2026-09-15,5,194995.00
68,2026-09-16,5,194995.00
68,2026-09-17,5,194995.00
68,2026-09-18,5,194995.00
68,2026-09-19,6,233994.00
68,2026-09-20,6,233994.00
68,2026-09-21,5,194995.00
68,2026-09-22,5,194995.00
68,2026-09-23,5,194995.00
68,2026-09-24,5,194995.00
68,2026-09-25,5,194995.00
68,2026-09-26,6,233994.00
68,2026-09-27,6,233994.00
68,2026-09-28,5,194995.00
68,2026-09-29,5,194995.00
69,2025-09-30,11,395989.00
69,2025-10-01,14,503986.00
69,2025-10-02,14,503986.00
69,2025-10-03,14,503986.00
69,2025-10-04,17,611983.00
69,2025-10-05,16,575984.00
69,2025-10-06,14,503986.00
69,2025-10-07,14,503986.00
69,2025-10-08,14,503986.00
69,2025-10-09,14,503986.00
69,2025-10-10,14,503986.00
69,2025-10-11,17,611983.00
69,2025-10-12,16,575984.00
69,2025-10-13,14,503986.00
69,2025-10-14,14,503986.00
69,2025-10-15,14,503986.00
69,2025-10-16,14,503986.00
69,2025-10-17,14,503986.00
69,2025-10-18,17,611983.00
69,2025-10-19,16,575984.00
69,2025-10-20,14,503986.00
69,2025-10-21,14,503986.00
69,2025-10-22,14,503986.00
69,2025-10-23,14,503986.00
69,2025-10-24,14,503986.00
69,2025-10-25,17,611983.00
69,2025-10-26,16,575984.00
69,2025-10-27,14,503986.00
69,2025-10-28,14,503986.00
69,2025-10-29,14,503986.00
69,2025-10-30,14,503986.00
69,2025-10-31,14,503986.00
69,2025-11-01,17,611983.00
69,2025-11-02,16,575984.00
69,2025-11-03,14,503986.00
69,2025-11-04,14,503986.00
69,2025-11-05,14,503986.00
69,2025-11-06,14,503986.00
69,2025-11-07,14,503986.00
69,2025-11-08,17,611983.00
69,2025-11-09,16,575984.00
69,2025-11-10,14,503986.00
69,2025-11-11,14,503986.00
69,2025-11-12,14,503986.00
69,2025-11-13,14,503986.00
69,2025-11-14,14,503986.00
69,2025-11-15,17,611983.00
69,2025-11-16,16,575984.00
69,2025-11-17,14,503986.00
69,2025-11-18,14,503986.00
69,2025-11-19,14,503986.00
69,2025-11-20,14,503986.00
69,2025-11-21,14,503986.00
69,2025-11-22,17,611983.00
69,2025-11-23,16,575984.00
69,2025-11-24,14,503986.00
69,2025-11-25,14,503986.00
69,2025-11-26,14,503986.00
69,2025-11-27,14,503986.00
69,2025-11-28,14,503986.00
69,2025-11-29,17,611983.00
69,2025-11-30,16,575984.00
69,2025-12-01,11,395989.00
69,2025-12-02,11,395989.00
69,2025-12-03,11,395989.00
69,2025-12-04,11,395989.00
69,2025-12-05,11,395989.00
69,2025-12-06,14,503986.00
69,2025-12-07,13,467987.00
69,2025-12-08,11,395989.00
69,2025-12-09,11,395989.00
69,2025-12-10,11,395989.00
69,2025-12-11,11,395989.00
69,2025-12-12,11,395989.00
69,2025-12-13,14,503986.00
69,2025-12-14,13,467987.00
69,2025-12-15,11,395989.00
69,2025-12-16,11,395989.00
69,2025-12-17,11,395989.00
69,2025-12-18,11,395989.00
69,2025-12-19,11,395989.00
69,2025-12-20,14,503986.00
69,2025-12-21,13,467987.00
69,2025-12-22,11,395989.00
69,2025-12-23,11,395989.00
69,2025-12-24,11,395989.00
69,2025-12-25,11,395989.00
69,2025-12-26,11,395989.00
69,2025-12-27,14,503986.00
69,2025-12-28,13,467987.00
69,2025-12-29,11,395989.00
69,2025-12-30,11,395989.00
69,2025-12-31,11,395989.00
69,2026-01-01,11,395989.00
69,2026-01-02,11,395989.00
69,2026-01-03,14,503986.00
69,2026-01-04,13,467987.00
69,2026-01-05,11,395989.00
69,2026-01-06,11,395989.00
69,2026-01-07,11,395989.00
69,2026-01-08,11,395989.00
69,2026-01-09,11,395989.00
69,2026-01-10,14,503986.00
69,2026-01-11,13,467987.00
69,2026-01-12,11,395989.00
69,2026-01-13,11,395989.00
69,2026-01-14,11,395989.00
69,2026-01-15,11,395989.00
69,2026-01-16,11,395989.00
69,2026-01-17,14,503986.00
69,2026-01-18,13,467987.00
69,2026-01-19,11,395989.00
69,2026-01-20,11,395989.00
69,2026-01-21,11,395989.00
69,2026-01-22,11,395989.00
69,2026-01-23,11,395989.00
69,2026-01-24,14,503986.00
69,2026-01-25,13,467987.00
69,2026-01-26,11,395989.00
69,2026-01-27,11,395989.00
69,2026-01-28,11,395989.00
69,2026-01-29,11,395989.00
69,2026-01-30,11,395989.00
69,2026-01-31,14,503986.00
69,2026-02-01,13,467987.00
69,2026-02-02,11,395989.00
69,2026-02-03,11,395989.00
69,2026-02-04,11,395989.00
69,2026-02-05,11,395989.00
69,2026-02-06,11,395989.00
69,2026-02-07,14,503986.00
69,2026-02-08,13,467987.00
69,2026-02-09,11,395989.00
69,2026-02-10,11,395989.00
69,2026-02-11,11,395989.00
69,2026-02-12,11,395989.00
69,2026-02-13,11,395989.00
69,2026-02-14,14,503986.00
69,2026-02-15,13,467987.00
69,2026-02-16,11,395989.00
69,2026-02-17,11,395989.00
69,2026-02-18,11,395989.00
69,2026-02-19,11,395989.00
69,2026-02-20,11,395989.00
69,2026-02-21,14,503986.00
69,2026-02-22,13,467987.00
69,2026-02-23,11,395989.00
69,2026-02-24,11,395989.00
69,2026-02-25,11,395989.00
69,2026-02-26,11,395989.00
69,2026-02-27,11,395989.00
69,2026-02-28,14,503986.00
69,2026-03-01,13,467987.00
69,2026-03-02,11,395989.00
69,2026-03-03,11,395989.00
69,2026-03-04,11,395989.00
69,2026-03-05,11,395989.00
69,2026-03-06,11,395989.00
69,2026-03-07,14,503986.00
69,2026-03-08,13,467987.00
69,2026-03-09,11,395989.00
69,2026-03-10,11,395989.00
69,2026-03-11,11,395989.00
69,2026-03-12,11,395989.00
69,2026-03-13,11,395989.00
69,2026-03-14,14,503986.00
69,2026-03-15,13,467987.00
69,2026-03-16,11,395989.00
69,2026-03-17,11,395989.00
69,2026-03-18,11,395989.00
69,2026-03-19,11,395989.00
69,2026-03-20,11,395989.00
69,2026-03-21,14,503986.00
69,2026-03-22,13,467987.00
69,2026-03-23,11,395989.00
69,2026-03-24,11,395989.00
69,2026-03-25,11,395989.00
69,2026-03-26,11,395989.00
69,2026-03-27,11,395989.00
69,2026-03-28,14,503986.00
69,2026-03-29,13,467987.00
69,2026-03-30,11,395989.00
69,2026-03-31,11,395989.00
69,2026-04-01,11,395989.00
69,2026-04-02,11,395989.00
69,2026-04-03,11,395989.00
69,2026-04-04,14,503986.00
69,2026-04-05,13,467987.00
69,2026-04-06,11,395989.00
69,2026-04-07,11,395989.00
69,2026-04-08,11,395989.00
69,2026-04-09,11,395989.00
69,2026-04-10,11,395989.00
69,2026-04-11,14,503986.00
69,2026-04-12,13,467987.00
69,2026-04-13,11,395989.00
69,2026-04-14,11,395989.00
69,2026-04-15,11,395989.00
69,2026-04-16,11,395989.00
69,2026-04-17,11,395989.00
69,2026-04-18,14,503986.00
69,2026-04-19,13,467987.00
69,2026-04-20,11,395989.00
69,2026-04-21,11,395989.00
69,2026-04-22,11,395989.00
69,2026-04-23,11,395989.00
69,2026-04-24,11,395989.00
69,2026-04-25,14,503986.00
69,2026-04-26,13,467987.00
69,2026-04-27,11,395989.00
69,2026-04-28,11,395989.00
69,2026-04-29,11,395989.00
69,2026-04-30,11,395989.00
69,2026-05-01,11,395989.00
69,2026-05-02,14,503986.00
69,2026-05-03,13,467987.00
69,2026-05-04,11,395989.00
69,2026-05-05,11,395989.00
69,2026-05-06,11,395989.00
69,2026-05-07,11,395989.00
69,2026-05-08,11,395989.00
69,2026-05-09,14,503986.00
69,2026-05-10,13,467987.00
69,2026-05-11,11,395989.00
69,2026-05-12,11,395989.00
69,2026-05-13,11,395989.00
69,2026-05-14,11,395989.00
69,2026-05-15,11,395989.00
69,2026-05-16,14,503986.00
69,2026-05-17,13,467987.00
69,2026-05-18,11,395989.00
69,2026-05-19,11,395989.00
69,2026-05-20,11,395989.00
69,2026-05-21,11,395989.00
69,2026-05-22,11,395989.00
69,2026-05-23,14,503986.00
69,2026-05-24,13,467987.00
69,2026-05-25,11,395989.00
69,2026-05-26,11,395989.00
69,2026-05-27,11,395989.00
69,2026-05-28,11,395989.00
69,2026-05-29,11,395989.00
69,2026-05-30,14,503986.00
69,2026-05-31,13,467987.00
69,2026-06-01,11,395989.00
69,2026-06-02,11,395989.00
69,2026-06-03,11,395989.00
69,2026-06-04,11,395989.00
69,2026-06-05,11,395989.00
69,2026-06-06,14,503986.00
69,2026-06-07,13,467987.00
69,2026-06-08,11,395989.00
69,2026-06-09,11,395989.00
69,2026-06-10,11,395989.00
69,2026-06-11,11,395989.00
69,2026-06-12,11,395989.00
69,2026-06-13,14,503986.00
69,2026-06-14,13,467987.00
69,2026-06-15,11,395989.00
69,2026-06-16,11,395989.00
69,2026-06-17,11,395989.00
69,2026-06-18,11,395989.00
69,2026-06-19,11,395989.00
69,2026-06-20,14,503986.00
69,2026-06-21,13,467987.00
69,2026-06-22,11,395989.00
69,2026-06-23,11,395989.00
69,2026-06-24,11,395989.00
69,2026-06-25,11,395989.00
69,2026-06-26,11,395989.00
69,2026-06-27,14,503986.00
69,2026-06-28,13,467987.00
69,2026-06-29,11,395989.00
69,2026-06-30,11,395989.00
69,2026-07-01,11,395989.00
69,2026-07-02,11,395989.00
69,2026-07-03,11,395989.00
69,2026-07-04,14,503986.00
69,2026-07-05,13,467987.00
69,2026-07-06,11,395989.00
69,2026-07-07,11,395989.00
69,2026-07-08,11,395989.00
69,2026-07-09,11,395989.00
69,2026-07-10,11,395989.00
69,2026-07-11,14,503986.00
69,2026-07-12,13,467987.00
69,2026-07-13,11,395989.00
69,2026-07-14,11,395989.00
69,2026-07-15,11,395989.00
69,2026-07-16,11,395989.00
69,2026-07-17,11,395989.00
69,2026-07-18,14,503986.00
69,2026-07-19,13,467987.00
69,2026-07-20,11,395989.00
69,2026-07-21,11,395989.00
69,2026-07-22,11,395989.00
69,2026-07-23,11,395989.00
69,2026-07-24,11,395989.00
69,2026-07-25,14,503986.00
69,2026-07-26,13,467987.00
69,2026-07-27,11,395989.00
69,2026-07-28,11,395989.00
69,2026-07-29,11,395989.00
69,2026-07-30,11,395989.00
69,2026-07-31,11,395989.00
69,2026-08-01,14,503986.00
69,2026-08-02,13,467987.00
69,2026-08-03,11,395989.00
69,2026-08-04,11,395989.00
69,2026-08-05,11,395989.00
69,2026-08-06,11,395989.00
69,2026-08-07,11,395989.00
69,2026-08-08,14,503986.00
69,2026-08-09,13,467987.00
69,2026-08-10,11,395989.00
69,2026-08-11,11,395989.00
69,2026-08-12,11,395989.00
69,2026-08-13,11,395989.00
69,2026-08-14,11,395989.00
69,2026-08-15,14,503986.00
69,2026-08-16,13,467987.00
69,2026-08-17,11,395989.00
69,2026-08-18,11,395989.00
69,2026-08-19,11,395989.00
69,2026-08-20,11,395989.00
69,2026-08-21,11,395989.00
69,2026-08-22,14,503986.00
69,2026-08-23,13,467987.00
69,2026-08-24,11,395989.00
69,2026-08-25,11,395989.00
69,2026-08-26,11,395989.00
69,2026-08-27,11,395989.00
69,2026-08-28,11,395989.00
69,2026-08-29,14,503986.00
69,2026-08-30,13,467987.00
69,2026-08-31,11,395989.00
69,2026-09-01,11,395989.00
69,2026-09-02,11,395989.00
69,2026-09-03,11,395989.00
69,2026-09-04,11,395989.00
69,2026-09-05,14,503986.00
69,2026-09-06,13,467987.00
69,2026-09-07,11,395989.00
69,2026-09-08,11,395989.00
69,2026-09-09,11,395989.00
69,2026-09-10,11,395989.00
69,2026-09-11,11,395989.00
69,2026-09-12,14,503986.00
69,2026-09-13,13,467987.00
69,2026-09-14,11,395989.00
69,2026-09-15,11,395989.00
69,2026-09-16,11,395989.00
69,2026-09-17,11,395989.00
69,2026-09-18,11,395989.00
69,2026-09-19,14,503986.00
69,2026-09-20,13,467987.00
69,2026-09-21,11,395989.00
69,2026-09-22,11,395989.00
69,2026-09-23,11,395989.00
69,2026-09-24,11,395989.00
69,2026-09-25,11,395989.00
69,2026-09-26,14,503986.00
69,2026-09-27,13,467987.00
69,2026-09-28,11,395989.00
69,2026-09-29,11,395989.00
70,2025-09-30,6,77994.00
70,2025-10-01,8,103992.00
70,2025-10-02,8,103992.00
70,2025-10-03,8,103992.00
70,2025-10-04,10,129990.00
70,2025-10-05,9,116991.00
70,2025-10-06,8,103992.00
70,2025-10-07,8,103992.00
70,2025-10-08,8,103992.00
70,2025-10-09,8,103992.00
70,2025-10-10,8,103992.00
70,2025-10-11,10,129990.00
70,2025-10-12,9,116991.00
70,2025-10-13,8,103992.00
70,2025-10-14,8,103992.00
70,2025-10-15,8,103992.00
70,2025-10-16,8,103992.00
70,2025-10-17,8,103992.00
70,2025-10-18,10,129990.00
70,2025-10-19,9,116991.00
70,2025-10-20,8,103992.00
70,2025-10-21,8,103992.00
70,2025-10-22,8,103992.00
70,2025-10-23,8,103992.00
70,2025-10-24,8,103992.00
70,2025-10-25,10,129990.00
70,2025-10-26,9,116991.00
70,2025-10-27,8,103992.00
70,2025-10-28,8,103992.00
70,2025-10-29,8,103992.00
70,2025-10-30,8,103992.00
70,2025-10-31,8,103992.00
70,2025-11-01,10,129990.00
70,2025-11-02,9,116991.00
70,2025-11-03,8,103992.00
70,2025-11-04,8,103992.00
70,2025-11-05,8,103992.00
70,2025-11-06,8,103992.00
70,2025-11-07,8,103992.00
70,2025-11-08,10,129990.00
70,2025-11-09,9,116991.00
70,2025-11-10,8,103992.00
70,2025-11-11,8,103992.00
70,2025-11-12,8,103992.00
70,2025-11-13,8,103992.00
70,2025-11-14,8,103992.00
70,2025-11-15,10,129990.00
70,2025-11-16,9,116991.00
70,2025-11-17,8,103992.00
70,2025-11-18,8,103992.00
70,2025-11-19,8,103992.00
70,2025-11-20,8,103992.00
70,2025-11-21,8,103992.00
70,2025-11-22,10,129990.00
70,2025-11-23,9,116991.00
70,2025-11-24,8,103992.00
70,2025-11-25,8,103992.00
70,2025-11-26,8,103992.00
70,2025-11-27,8,103992.00
70,2025-11-28,8,103992.00
70,2025-11-29,10,129990.00
70,2025-11-30,9,116991.00
70,2025-12-01,6,77994.00
70,2025-12-02,6,77994.00
70,2025-12-03,6,77994.00
70,2025-12-04,6,77994.00
70,2025-12-05,6,77994.00
70,2025-12-06,8,103992.00
70,2025-12-07,7,90993.00
70,2025-12-08,6,77994.00
70,2025-12-09,6,77994.00
70,2025-12-10,6,77994.00
70,2025-12-11,6,77994.00
70,2025-12-12,6,77994.00
70,2025-12-13,8,103992.00
70,2025-12-14,7,90993.00
70,2025-12-15,6,77994.00
70,2025-12-16,6,77994.00
70,2025-12-17,6,77994.00
70,2025-12-18,6,77994.00
70,2025-12-19,6,77994.00
70,2025-12-20,8,103992.00
70,2025-12-21,7,90993.00
70,2025-12-22,6,77994.00
70,2025-12-23,6,77994.00
70,2025-12-24,6,77994.00
70,2025-12-25,6,77994.00
70,2025-12-26,6,77994.00
70,2025-12-27,8,103992.00
70,2025-12-28,7,90993.00
70,2025-12-29,6,77994.00
70,2025-12-30,6,77994.00
70,2025-12-31,6,77994.00
70,2026-01-01,6,77994.00
70,2026-01-02,6,77994.00
70,2026-01-03,8,103992.00
70,2026-01-04,7,90993.00
70,2026-01-05,6,77994.00
70,2026-01-06,6,77994.00
70,2026-01-07,6,77994.00
70,2026-01-08,6,77994.00
70,2026-01-09,6,77994.00
70,2026-01-10,8,103992.00
70,2026-01-11,7,90993.00
70,2026-01-12,6,77994.00
70,2026-01-13,6,77994.00
70,2026-01-14,6,77994.00
70,2026-01-15,6,77994.00
70,2026-01-16,6,77994.00
70,2026-01-17,8,103992.00
70,2026-01-18,7,90993.00
70,2026-01-19,6,77994.00
70,2026-01-20,6,77994.00
70,2026-01-21,6,77994.00
70,2026-01-22,6,77994.00
70,2026-01-23,6,77994.00
70,2026-01-24,8,103992.00
70,2026-01-25,7,90993.00
70,2026-01-26,6,77994.00
70,2026-01-27,6,77994.00
70,2026-01-28,6,77994.00
70,2026-01-29,6,77994.00
70,2026-01-30,6,77994.00
70,2026-01-31,8,103992.00
70,2026-02-01,7,90993.00
70,2026-02-02,6,77994.00
70,2026-02-03,6,77994.00
70,2026-02-04,6,77994.00
70,2026-02-05,6,77994.00
70,2026-02-06,6,77994.00
70,2026-02-07,8,103992.00
70,2026-02-08,7,90993.00
70,2026-02-09,6,77994.00
70,2026-02-10,6,77994.00
70,2026-02-11,6,77994.00
70,2026-02-12,6,77994.00
70,2026-02-13,6,77994.00
70,2026-02-14,8,103992.00
70,2026-02-15,7,90993.00
70,2026-02-16,6,77994.00
70,2026-02-17,6,77994.00
70,2026-02-18,6,77994.00
70,2026-02-19,6,77994.00
70,2026-02-20,6,77994.00
70,2026-02-21,8,103992.00
70,2026-02-22,7,90993.00
70,2026-02-23,6,77994.00
70,2026-02-24,6,77994.00
70,2026-02-25,6,77994.00
70,2026-02-26,6,77994.00
70,2026-02-27,6,77994.00
70,2026-02-28,8,103992.00
70,2026-03-01,7,90993.00
70,2026-03-02,6,77994.00
70,2026-03-03,6,77994.00
70,2026-03-04,6,77994.00
70,2026-03-05,6,77994.00
70,2026-03-06,6,77994.00
70,2026-03-07,8,103992.00
70,2026-03-08,7,90993.00
70,2026-03-09,6,77994.00
70,2026-03-10,6,77994.00
70,2026-03-11,6,77994.00
70,2026-03-12,6,77994.00
70,2026-03-13,6,77994.00
70,2026-03-14,8,103992.00
70,2026-03-15,7,90993.00
70,2026-03-16,6,77994.00
70,2026-03-17,6,77994.00
70,2026-03-18,6,77994.00
70,2026-03-19,6,77994.00
70,2026-03-20,6,77994.00
70,2026-03-21,8,103992.00
70,2026-03-22,7,90993.00
70,2026-03-23,6,77994.00
70,2026-03-24,6,77994.00
70,2026-03-25,6,77994.00
70,2026-03-26,6,77994.00
70,2026-03-27,6,77994.00
70,2026-03-28,8,103992.00
70,2026-03-29,7,90993.00
70,2026-03-30,6,77994.00
70,2026-03-31,6,77994.00
70,2026-04-01,7,90993.00
70,2026-04-02,7,90993.00
70,2026-04-03,7,90993.00
70,2026-04-04,8,103992.00
70,2026-04-05,8,103992.00
70,2026-04-06,7,90993.00
70,2026-04-07,7,90993.00
70,2026-04-08,7,90993.00
70,2026-04-09,7,90993.00
70,2026-04-10,7,90993.00
70,2026-04-11,8,103992.00
70,2026-04-12,8,103992.00
70,2026-04-13,7,90993.00
70,2026-04-14,7,90993.00
70,2026-04-15,7,90993.00
70,2026-04-16,7,90993.00
70,2026-04-17,7,90993.00
70,2026-04-18,8,103992.00
70,2026-04-19,8,103992.00
70,2026-04-20,7,90993.00
70,2026-04-21,7,90993.00
70,2026-04-22,7,90993.00
70,2026-04-23,7,90993.00
70,2026-04-24,7,90993.00
70,2026-04-25,8,103992.00
70,2026-04-26,8,103992.00
70,2026-04-27,7,90993.00
70,2026-04-28,7,90993.00
70,2026-04-29,7,90993.00
70,2026-04-30,7,90993.00
70,2026-05-01,7,90993.00
70,2026-05-02,8,103992.00
70,2026-05-03,8,103992.00
70,2026-05-04,7,90993.00
70,2026-05-05,7,90993.00
70,2026-05-06,7,90993.00
70,2026-05-07,7,90993.00
70,2026-05-08,7,90993.00
70,2026-05-09,8,103992.00
70,2026-05-10,8,103992.00
70,2026-05-11,7,90993.00
70,2026-05-12,7,90993.00
70,2026-05-13,7,90993.00
70,2026-05-14,7,90993.00
70,2026-05-15,7,90993.00
70,2026-05-16,8,103992.00
70,2026-05-17,8,103992.00
70,2026-05-18,7,90993.00
70,2026-05-19,7,90993.00
70,2026-05-20,7,90993.00
70,2026-05-21,7,90993.00
70,2026-05-22,7,90993.00
70,2026-05-23,8,103992.00
70,2026-05-24,8,103992.00
70,2026-05-25,7,90993.00
70,2026-05-26,7,90993.00
70,2026-05-27,7,90993.00
70,2026-05-28,7,90993.00
70,2026-05-29,7,90993.00
70,2026-05-30,8,103992.00
70,2026-05-31,8,103992.00
70,2026-06-01,6,77994.00
70,2026-06-02,6,77994.00
70,2026-06-03,6,77994.00
70,2026-06-04,6,77994.00
70,2026-06-05,6,77994.00
70,2026-06-06,8,103992.00
70,2026-06-07,7,90993.00
70,2026-06-08,6,77994.00
70,2026-06-09,6,77994.00
70,2026-06-10,6,77994.00
70,2026-06-11,6,77994.00
70,2026-06-12,6,77994.00
70,2026-06-13,8,103992.00
70,2026-06-14,7,90993.00
70,2026-06-15,6,77994.00
70,2026-06-16,6,77994.00
70,2026-06-17,6,77994.00
70,2026-06-18,6,77994.00
70,2026-06-19,6,77994.00
70,2026-06-20,8,103992.00
70,2026-06-21,7,90993.00
70,2026-06-22,6,77994.00
70,2026-06-23,6,77994.00
70,2026-06-24,6,77994.00
70,2026-06-25,6,77994.00
70,2026-06-26,6,77994.00
70,2026-06-27,8,103992.00
70,2026-06-28,7,90993.00
70,2026-06-29,6,77994.00
70,2026-06-30,6,77994.00
70,2026-07-01,6,77994.00
70,2026-07-02,6,77994.00
70,2026-07-03,6,77994.00
70,2026-07-04,8,103992.00
70,2026-07-05,7,90993.00
70,2026-07-06,6,77994.00
70,2026-07-07,6,77994.00
70,2026-07-08,6,77994.00
70,2026-07-09,6,77994.00
70,2026-07-10,6,77994.00
70,2026-07-11,8,103992.00
70,2026-07-12,7,90993.00
70,2026-07-13,6,77994.00
70,2026-07-14,6,77994.00
70,2026-07-15,6,77994.00
70,2026-07-16,6,77994.00
70,2026-07-17,6,77994.00
70,2026-07-18,8,103992.00
70,2026-07-19,7,90993.00
70,2026-07-20,6,77994.00
70,2026-07-21,6,77994.00
70,2026-07-22,6,77994.00
70,2026-07-23,6,77994.00
70,2026-07-24,6,77994.00
70,2026-07-25,8,103992.00
70,2026-07-26,7,90993.00
70,2026-07-27,6,77994.00
70,2026-07-28,6,77994.00
70,2026-07-29,6,77994.00
70,2026-07-30,6,77994.00
70,2026-07-31,6,77994.00
70,2026-08-01,8,103992.00
70,2026-08-02,7,90993.00
70,2026-08-03,6,77994.00
70,2026-08-04,6,77994.00
70,2026-08-05,6,77994.00
70,2026-08-06,6,77994.00
70,2026-08-07,6,77994.00
70,2026-08-08,8,103992.00
70,2026-08-09,7,90993.00
70,2026-08-10,6,77994.00
70,2026-08-11,6,77994.00
70,2026-08-12,6,77994.00
70,2026-08-13,6,77994.00
70,2026-08-14,6,77994.00
70,2026-08-15,8,103992.00
70,2026-08-16,7,90993.00
70,2026-08-17,6,77994.00
70,2026-08-18,6,77994.00
70,2026-08-19,6,77994.00
70,2026-08-20,6,77994.00
70,2026-08-21,6,77994.00
70,2026-08-22,8,103992.00
70,2026-08-23,7,90993.00
70,2026-08-24,6,77994.00
70,2026-08-25,6,77994.00
70,2026-08-26,6,77994.00
70,2026-08-27,6,77994.00
70,2026-08-28,6,77994.00
70,2026-08-29,8,103992.00
70,2026-08-30,7,90993.00
70,2026-08-31,6,77994.00
70,2026-09-01,6,77994.00
70,2026-09-02,6,77994.00
70,2026-09-03,6,77994.00
70,2026-09-04,6,77994.00
70,2026-09-05,8,103992.00
70,2026-09-06,7,90993.00
70,2026-09-07,6,77994.00
70,2026-09-08,6,77994.00
70,2026-09-09,6,77994.00
70,2026-09-10,6,77994.00
70,2026-09-11,6,77994.00
70,2026-09-12,8,103992.00
70,2026-09-13,7,90993.00
70,2026-09-14,6,77994.00
70,2026-09-15,6,77994.00
70,2026-09-16,6,77994.00
70,2026-09-17,6,77994.00
70,2026-09-18,6,77994.00
70,2026-09-19,8,103992.00
70,2026-09-20,7,90993.00
70,2026-09-21,6,77994.00
70,2026-09-22,6,77994.00
70,2026-09-23,6,77994.00
70,2026-09-24,6,77994.00
70,2026-09-25,6,77994.00
70,2026-09-26,8,103992.00
70,2026-09-27,7,90993.00
70,2026-09-28,6,77994.00
70,2026-09-29,6,77994.00
71,2025-09-30,17,1019983.00
71,2025-10-01,21,1259979.00
71,2025-10-02,21,1259979.00
71,2025-10-03,21,1259979.00
71,2025-10-04,25,1499975.00
71,2025-10-05,24,1439976.00
71,2025-10-06,21,1259979.00
71,2025-10-07,21,1259979.00
71,2025-10-08,21,1259979.00
71,2025-10-09,21,1259979.00
71,2025-10-10,21,1259979.00
71,2025-10-11,25,1499975.00
71,2025-10-12,24,1439976.00
71,2025-10-13,21,1259979.00
71,2025-10-14,21,1259979.00
71,2025-10-15,21,1259979.00
71,2025-10-16,21,1259979.00
71,2025-10-17,21,1259979.00
71,2025-10-18,25,1499975.00
71,2025-10-19,24,1439976.00
71,2025-10-20,21,1259979.00
71,2025-10-21,21,1259979.00
71,2025-10-22,21,1259979.00
71,2025-10-23,21,1259979.00
71,2025-10-24,21,1259979.00
71,2025-10-25,25,1499975.00
71,2025-10-26,24,1439976.00
71,2025-10-27,21,1259979.00
71,2025-10-28,21,1259979.00
71,2025-10-29,21,1259979.00
71,2025-10-30,21,1259979.00
71,2025-10-31,21,1259979.00
71,2025-11-01,25,1499975.00
71,2025-11-02,24,1439976.00
71,2025-11-03,21,1259979.00
71,2025-11-04,21,1259979.00
71,2025-11-05,21,1259979.00
71,2025-11-06,21,1259979.00
71,2025-11-07,21,1259979.00
71,2025-11-08,25,1499975.00
71,2025-11-09,24,1439976.00
71,2025-11-10,21,1259979.00
71,2025-11-11,21,1259979.00
71,2025-11-12,21,1259979.00
71,2025-11-13,21,1259979.00
71,2025-11-14,21,1259979.00
71,2025-11-15,25,1499975.00
71,2025-11-16,24,1439976.00
71,2025-11-17,21,1259979.00
71,2025-11-18,21,1259979.00
71,2025-11-19,21,1259979.00
71,2025-11-20,21,1259979.00
71,2025-11-21,21,1259979.00
71,2025-11-22,25,1499975.00
71,2025-11-23,24,1439976.00
71,2025-11-24,21,1259979.00
71,2025-11-25,21,1259979.00
71,2025-11-26,21,1259979.00
71,2025-11-27,21,1259979.00
71,2025-11-28,21,1259979.00
71,2025-11-29,25,1499975.00
71,2025-11-30,24,1439976.00
71,2025-12-01,17,1019983.00
71,2025-12-02,17,1019983.00
71,2025-12-03,17,1019983.00
71,2025-12-04,17,1019983.00
71,2025-12-05,17,1019983.00
71,2025-12-06,20,1199980.00
71,2025-12-07,19,1139981.00
71,2025-12-08,17,1019983.00
71,2025-12-09,17,1019983.00
71,2025-12-10,17,1019983.00
71,2025-12-11,17,1019983.00
71,2025-12-12,17,1019983.00
71,2025-12-13,20,1199980.00
71,2025-12-14,19,1139981.00
71,2025-12-15,17,1019983.00
71,2025-12-16,17,1019983.00
71,2025-12-17,17,1019983.00
71,2025-12-18,17,1019983.00
71,2025-12-19,17,1019983.00
71,2025-12-20,20,1199980.00
71,2025-12-21,19,1139981.00
71,2025-12-22,17,1019983.00
71,2025-12-23,17,1019983.00
71,2025-12-24,17,1019983.00
71,2025-12-25,17,1019983.00
71,2025-12-26,17,1019983.00
71,2025-12-27,20,1199980.00
71,2025-12-28,19,1139981.00
71,2025-12-29,17,1019983.00
71,2025-12-30,17,1019983.00
71,2025-12-31,17,1019983.00
71,2026-01-01,17,1019983.00
71,2026-01-02,17,1019983.00
71,2026-01-03,20,1199980.00
71,2026-01-04,19,1139981.00
71,2026-01-05,17,1019983.00
71,2026-01-06,17,1019983.00
71,2026-01-07,17,1019983.00
71,2026-01-08,17,1019983.00
71,2026-01-09,17,1019983.00
71,2026-01-10,20,1199980.00
71,2026-01-11,19,1139981.00
71,2026-01-12,17,1019983.00
71,2026-01-13,17,1019983.00
71,2026-01-14,17,1019983.00
71,2026-01-15,17,1019983.00
71,2026-01-16,17,1019983.00
71,2026-01-17,20,1199980.00
71,2026-01-18,19,1139981.00
71,2026-01-19,17,1019983.00
71,2026-01-20,17,1019983.00
71,2026-01-21,17,1019983.00
71,2026-01-22,17,1019983.00
71,2026-01-23,17,1019983.00
71,2026-01-24,20,1199980.00
71,2026-01-25,19,1139981.00
71,2026-01-26,17,1019983.00
71,2026-01-27,17,1019983.00
71,2026-01-28,17,1019983.00
71,2026-01-29,17,1019983.00
71,2026-01-30,17,1019983.00
71,2026-01-31,20,1199980.00
71,2026-02-01,19,1139981.00
71,2026-02-02,17,1019983.00
71,2026-02-03,17,1019983.00
71,2026-02-04,17,1019983.00
71,2026-02-05,17,1019983.00
71,2026-02-06,17,1019983.00
71,2026-02-07,20,1199980.00
71,2026-02-08,19,1139981.00
71,2026-02-09,17,1019983.00
71,2026-02-10,17,1019983.00
71,2026-02-11,17,1019983.00
71,2026-02-12,17,1019983.00
71,2026-02-13,17,1019983.00
71,2026-02-14,20,1199980.00
71,2026-02-15,19,1139981.00
71,2026-02-16,17,1019983.00
71,2026-02-17,17,1019983.00
71,2026-02-18,17,1019983.00
71,2026-02-19,17,1019983.00
71,2026-02-20,17,1019983.00
71,2026-02-21,20,1199980.00
71,2026-02-22,19,1139981.00
71,2026-02-23,17,1019983.00
71,2026-02-24,17,1019983.00
71,2026-02-25,17,1019983.00
71,2026-02-26,17,1019983.00
71,2026-02-27,17,1019983.00
71,2026-02-28,20,1199980.00
71,2026-03-01,19,1139981.00
71,2026-03-02,17,1019983.00
71,2026-03-03,17,1019983.00
71,2026-03-04,17,1019983.00
71,2026-03-05,17,1019983.00
71,2026-03-06,17,1019983.00
71,2026-03-07,20,1199980.00
71,2026-03-08,19,1139981.00
71,2026-03-09,17,1019983.00
71,2026-03-10,17,1019983.00
71,2026-03-11,17,1019983.00
71,2026-03-12,17,1019983.00
71,2026-03-13,17,1019983.00
71,2026-03-14,20,1199980.00
71,2026-03-15,19,1139981.00
71,2026-03-16,17,1019983.00
71,2026-03-17,17,1019983.00
71,2026-03-18,17,1019983.00
71,2026-03-19,17,1019983.00
71,2026-03-20,17,1019983.00
71,2026-03-21,20,1199980.00
71,2026-03-22,19,1139981.00
71,2026-03-23,17,1019983.00
71,2026-03-24,17,1019983.00
71,2026-03-25,17,1019983.00
71,2026-03-26,17,1019983.00
71,2026-03-27,17,1019983.00
71,2026-03-28,20,1199980.00
71,2026-03-29,19,1139981.00
71,2026-03-30,17,1019983.00
71,2026-03-31,17,1019983.00
71,2026-04-01,17,1019983.00
71,2026-04-02,17,1019983.00
71,2026-04-03,17,1019983.00
71,2026-04-04,20,1199980.00
71,2026-04-05,19,1139981.00
71,2026-04-06,17,1019983.00
71,2026-04-07,17,1019983.00
71,2026-04-08,17,1019983.00
71,2026-04-09,17,1019983.00
71,2026-04-10,17,1019983.00
71,2026-04-11,20,1199980.00
71,2026-04-12,19,1139981.00
71,2026-04-13,17,1019983.00
71,2026-04-14,17,1019983.00
71,2026-04-15,17,1019983.00
71,2026-04-16,17,1019983.00
71,2026-04-17,17,1019983.00
71,2026-04-18,20,1199980.00
71,2026-04-19,19,1139981.00
71,2026-04-20,17,1019983.00
71,2026-04-21,17,1019983.00
71,2026-04-22,17,1019983.00
71,2026-04-23,17,1019983.00
71,2026-04-24,17,1019983.00
71,2026-04-25,20,1199980.00
71,2026-04-26,19,1139981.00
71,2026-04-27,17,1019983.00
71,2026-04-28,17,1019983.00
71,2026-04-29,17,1019983.00
71,2026-04-30,17,1019983.00
71,2026-05-01,17,1019983.00
71,2026-05-02,20,1199980.00
71,2026-05-03,19,1139981.00
71,2026-05-04,17,1019983.00
71,2026-05-05,17,1019983.00
71,2026-05-06,17,1019983.00
71,2026-05-07,17,1019983.00
71,2026-05-08,17,1019983.00
71,2026-05-09,20,1199980.00
71,2026-05-10,19,1139981.00
71,2026-05-11,17,1019983.00
71,2026-05-12,17,1019983.00
71,2026-05-13,17,1019983.00
71,2026-05-14,17,1019983.00
71,2026-05-15,17,1019983.00
71,2026-05-16,20,1199980.00
71,2026-05-17,19,1139981.00
71,2026-05-18,17,1019983.00
71,2026-05-19,17,1019983.00
71,2026-05-20,17,1019983.00
71,2026-05-21,17,1019983.00
71,2026-05-22,17,1019983.00
71,2026-05-23,20,1199980.00
71,2026-05-24,19,1139981.00
71,2026-05-25,17,1019983.00
71,2026-05-26,17,1019983.00
71,2026-05-27,17,1019983.00
71,2026-05-28,17,1019983.00
71,2026-05-29,17,1019983.00
71,2026-05-30,20,1199980.00
71,2026-05-31,19,1139981.00
71,2026-06-01,17,1019983.00
71,2026-06-02,17,1019983.00
71,2026-06-03,17,1019983.00
71,2026-06-04,17,1019983.00
71,2026-06-05,17,1019983.00
71,2026-06-06,20,1199980.00
71,2026-06-07,19,1139981.00
71,2026-06-08,17,1019983.00
71,2026-06-09,17,1019983.00
71,2026-06-10,17,1019983.00
71,2026-06-11,17,1019983.00
71,2026-06-12,17,1019983.00
71,2026-06-13,20,1199980.00
71,2026-06-14,19,1139981.00
71,2026-06-15,17,1019983.00
71,2026-06-16,17,1019983.00
71,2026-06-17,17,1019983.00
71,2026-06-18,17,1019983.00
71,2026-06-19,17,1019983.00
71,2026-06-20,20,1199980.00
71,2026-06-21,19,1139981.00
71,2026-06-22,17,1019983.00
71,2026-06-23,17,1019983.00
71,2026-06-24,17,1019983.00
71,2026-06-25,17,1019983.00
71,2026-06-26,17,1019983.00
71,2026-06-27,20,1199980.00
71,2026-06-28,19,1139981.00
71,2026-06-29,17,1019983.00
71,2026-06-30,17,1019983.00
71,2026-07-01,17,1019983.00
71,2026-07-02,17,1019983.00
71,2026-07-03,17,1019983.00
71,2026-07-04,20,1199980.00
71,2026-07-05,19,1139981.00
71,2026-07-06,17,1019983.00
71,2026-07-07,17,1019983.00
71,2026-07-08,17,1019983.00
71,2026-07-09,17,1019983.00
71,2026-07-10,17,1019983.00
71,2026-07-11,20,1199980.00
71,2026-07-12,19,1139981.00
71,2026-07-13,17,1019983.00
71,2026-07-14,17,1019983.00
71,2026-07-15,17,1019983.00
71,2026-07-16,17,1019983.00
71,2026-07-17,17,1019983.00
71,2026-07-18,20,1199980.00
71,2026-07-19,19,1139981.00
71,2026-07-20,17,1019983.00
71,2026-07-21,17,1019983.00
71,2026-07-22,17,1019983.00
71,2026-07-23,17,1019983.00
71,2026-07-24,17,1019983.00
71,2026-07-25,20,1199980.00
71,2026-07-26,19,1139981.00
71,2026-07-27,17,1019983.00
71,2026-07-28,17,1019983.00
71,2026-07-29,17,1019983.00
71,2026-07-30,17,1019983.00
71,2026-07-31,17,1019983.00
71,2026-08-01,20,1199980.00
71,2026-08-02,19,1139981.00
71,2026-08-03,17,1019983.00
71,2026-08-04,17,1019983.00
71,2026-08-05,17,1019983.00
71,2026-08-06,17,1019983.00
71,2026-08-07,17,1019983.00
71,2026-08-08,20,1199980.00
71,2026-08-09,19,1139981.00
71,2026-08-10,17,1019983.00
71,2026-08-11,17,1019983.00
71,2026-08-12,17,1019983.00
71,2026-08-13,17,1019983.00
71,2026-08-14,17,1019983.00
71,2026-08-15,20,1199980.00
71,2026-08-16,19,1139981.00
71,2026-08-17,17,1019983.00
71,2026-08-18,17,1019983.00
71,2026-08-19,17,1019983.00
71,2026-08-20,17,1019983.00
71,2026-08-21,17,1019983.00
71,2026-08-22,20,1199980.00
71,2026-08-23,19,1139981.00
71,2026-08-24,17,1019983.00
71,2026-08-25,17,1019983.00
71,2026-08-26,17,1019983.00
71,2026-08-27,17,1019983.00
71,2026-08-28,17,1019983.00
71,2026-08-29,20,1199980.00
71,2026-08-30,19,1139981.00
71,2026-08-31,17,1019983.00
71,2026-09-01,17,1019983.00
71,2026-09-02,17,1019983.00
71,2026-09-03,17,1019983.00
71,2026-09-04,17,1019983.00
71,2026-09-05,20,1199980.00
71,2026-09-06,19,1139981.00
71,2026-09-07,17,1019983.00
71,2026-09-08,17,1019983.00
71,2026-09-09,17,1019983.00
71,2026-09-10,17,1019983.00
71,2026-09-11,17,1019983.00
71,2026-09-12,20,1199980.00
71,2026-09-13,19,1139981.00
71,2026-09-14,17,1019983.00
71,2026-09-15,17,1019983.00
71,2026-09-16,17,1019983.00
71,2026-09-17,17,1019983.00
71,2026-09-18,17,1019983.00
71,2026-09-19,20,1199980.00
71,2026-09-20,19,1139981.00
71,2026-09-21,17,1019983.00
71,2026-09-22,17,1019983.00
71,2026-09-23,17,1019983.00
71,2026-09-24,17,1019983.00
71,2026-09-25,17,1019983.00
71,2026-09-26,20,1199980.00
71,2026-09-27,19,1139981.00
71,2026-09-28,17,1019983.00
71,2026-09-29,17,1019983.00
72,2025-09-30,8,191992.00
72,2025-10-01,10,239990.00
72,2025-10-02,10,239990.00
72,2025-10-03,10,239990.00
72,2025-10-04,12,287988.00
72,2025-10-05,12,287988.00
72,2025-10-06,10,239990.00
72,2025-10-07,10,239990.00
72,2025-10-08,10,239990.00
72,2025-10-09,10,239990.00
72,2025-10-10,10,239990.00
72,2025-10-11,12,287988.00
72,2025-10-12,12,287988.00
72,2025-10-13,10,239990.00
72,2025-10-14,10,239990.00
72,2025-10-15,10,239990.00
72,2025-10-16,10,239990.00
72,2025-10-17,10,239990.00
72,2025-10-18,12,287988.00
72,2025-10-19,12,287988.00
72,2025-10-20,10,239990.00
72,2025-10-21,10,239990.00
72,2025-10-22,10,239990.00
72,2025-10-23,10,239990.00
72,2025-10-24,10,239990.00
72,2025-10-25,12,287988.00
72,2025-10-26,12,287988.00
72,2025-10-27,10,239990.00
72,2025-10-28,10,239990.00
72,2025-10-29,10,239990.00
72,2025-10-30,10,239990.00
72,2025-10-31,10,239990.00
72,2025-11-01,12,287988.00
72,2025-11-02,12,287988.00
72,2025-11-03,10,239990.00
72,2025-11-04,10,239990.00
72,2025-11-05,10,239990.00
72,2025-11-06,10,239990.00
72,2025-11-07,10,239990.00
72,2025-11-08,12,287988.00
72,2025-11-09,12,287988.00
72,2025-11-10,10,239990.00
72,2025-11-11,10,239990.00
72,2025-11-12,10,239990.00
72,2025-11-13,10,239990.00
72,2025-11-14,10,239990.00
72,2025-11-15,12,287988.00
72,2025-11-16,12,287988.00
72,2025-11-17,10,239990.00
72,2025-11-18,10,239990.00
72,2025-11-19,10,239990.00
72,2025-11-20,10,239990.00
72,2025-11-21,10,239990.00
72,2025-11-22,12,287988.00
72,2025-11-23,12,287988.00
72,2025-11-24,10,239990.00
72,2025-11-25,10,239990.00
72,2025-11-26,10,239990.00
72,2025-11-27,10,239990.00
72,2025-11-28,10,239990.00
72,2025-11-29,12,287988.00
72,2025-11-30,12,287988.00
72,2025-12-01,8,191992.00
72,2025-12-02,8,191992.00
72,2025-12-03,8,191992.00
72,2025-12-04,8,191992.00
72,2025-12-05,8,191992.00
72,2025-12-06,10,239990.00
72,2025-12-07,10,239990.00
72,2025-12-08,8,191992.00
72,2025-12-09,8,191992.00
72,2025-12-10,8,191992.00
72,2025-12-11,8,191992.00
72,2025-12-12,8,191992.00
72,2025-12-13,10,239990.00
72,2025-12-14,10,239990.00
72,2025-12-15,8,191992.00
72,2025-12-16,8,191992.00
72,2025-12-17,8,191992.00
72,2025-12-18,8,191992.00
72,2025-12-19,8,191992.00
72,2025-12-20,10,239990.00
72,2025-12-21,10,239990.00
72,2025-12-22,8,191992.00
72,2025-12-23,8,191992.00
72,2025-12-24,8,191992.00
72,2025-12-25,8,191992.00
72,2025-12-26,8,191992.00
72,2025-12-27,10,239990.00
72,2025-12-28,10,239990.00
72,2025-12-29,8,191992.00
72,2025-12-30,8,191992.00
72,2025-12-31,8,191992.00
72,2026-01-01,8,191992.00
72,2026-01-02,8,191992.00
72,2026-01-03,10,239990.00
72,2026-01-04,10,239990.00
72,2026-01-05,8,191992.00
72,2026-01-06,8,191992.00
72,2026-01-07,8,191992.00
72,2026-01-08,8,191992.00
72,2026-01-09,8,191992.00
72,2026-01-10,10,239990.00
72,2026-01-11,10,239990.00
72,2026-01-12,8,191992.00
72,2026-01-13,8,191992.00
72,2026-01-14,8,191992.00
72,2026-01-15,8,191992.00
72,2026-01-16,8,191992.00
72,2026-01-17,10,239990.00
72,2026-01-18,10,239990.00
72,2026-01-19,8,191992.00
72,2026-01-20,8,191992.00
72,2026-01-21,8,191992.00
72,2026-01-22,8,191992.00
72,2026-01-23,8,191992.00
72,2026-01-24,10,239990.00
72,2026-01-25,10,239990.00
72,2026-01-26,8,191992.00
72,2026-01-27,8,191992.00
72,2026-01-28,8,191992.00
72,2026-01-29,8,191992.00
72,2026-01-30,8,191992.00
72,2026-01-31,10,239990.00
72,2026-02-01,10,239990.00
72,2026-02-02,8,191992.00
72,2026-02-03,8,191992.00
72,2026-02-04,8,191992.00
72,2026-02-05,8,191992.00
72,2026-02-06,8,191992.00
72,2026-02-07,10,239990.00
72,2026-02-08,10,239990.00
72,2026-02-09,8,191992.00
72,2026-02-10,8,191992.00
72,2026-02-11,8,191992.00
72,2026-02-12,8,191992.00
72,2026-02-13,8,191992.00
72,2026-02-14,10,239990.00
72,2026-02-15,10,239990.00
72,2026-02-16,8,191992.00
72,2026-02-17,8,191992.00
72,2026-02-18,8,191992.00
72,2026-02-19,8,191992.00
72,2026-02-20,8,191992.00
72,2026-02-21,10,239990.00
72,2026-02-22,10,239990.00
72,2026-02-23,8,191992.00
72,2026-02-24,8,191992.00
72,2026-02-25,8,191992.00
72,2026-02-26,8,191992.00
72,2026-02-27,8,191992.00
72,2026-02-28,10,239990.00
72,2026-03-01,10,239990.00
72,2026-03-02,8,191992.00
72,2026-03-03,8,191992.00
72,2026-03-04,8,191992.00
72,2026-03-05,8,191992.00
72,2026-03-06,8,191992.00
72,2026-03-07,10,239990.00
72,2026-03-08,10,239990.00
72,2026-03-09,8,191992.00
72,2026-03-10,8,191992.00
72,2026-03-11,8,191992.00
72,2026-03-12,8,191992.00
72,2026-03-13,8,191992.00
72,2026-03-14,10,239990.00
72,2026-03-15,10,239990.00
72,2026-03-16,8,191992.00
72,2026-03-17,8,191992.00
72,2026-03-18,8,191992.00
72,2026-03-19,8,191992.00
72,2026-03-20,8,191992.00
72,2026-03-21,10,239990.00
72,2026-03-22,10,239990.00
72,2026-03-23,8,191992.00
72,2026-03-24,8,191992.00
72,2026-03-25,8,191992.00
72,2026-03-26,8,191992.00
72,2026-03-27,8,191992.00
72,2026-03-28,10,239990.00
72,2026-03-29,10,239990.00
72,2026-03-30,8,191992.00
72,2026-03-31,8,191992.00
72,2026-04-01,8,191992.00
72,2026-04-02,8,191992.00
72,2026-04-03,8,191992.00
72,2026-04-04,10,239990.00
72,2026-04-05,10,239990.00
72,2026-04-06,8,191992.00
72,2026-04-07,8,191992.00
72,2026-04-08,8,191992.00
72,2026-04-09,8,191992.00
72,2026-04-10,8,191992.00
72,2026-04-11,10,239990.00
72,2026-04-12,10,239990.00
72,2026-04-13,8,191992.00
72,2026-04-14,8,191992.00
72,2026-04-15,8,191992.00
72,2026-04-16,8,191992.00
72,2026-04-17,8,191992.00
72,2026-04-18,10,239990.00
72,2026-04-19,10,239990.00
72,2026-04-20,8,191992.00
72,2026-04-21,8,191992.00
72,2026-04-22,8,191992.00
72,2026-04-23,8,191992.00
72,2026-04-24,8,191992.00
72,2026-04-25,10,239990.00
72,2026-04-26,10,239990.00
72,2026-04-27,8,191992.00
72,2026-04-28,8,191992.00
72,2026-04-29,8,191992.00
72,2026-04-30,8,191992.00
72,2026-05-01,8,191992.00
72,2026-05-02,10,239990.00
72,2026-05-03,10,239990.00
72,2026-05-04,8,191992.00
72,2026-05-05,8,191992.00
72,2026-05-06,8,191992.00
72,2026-05-07,8,191992.00
72,2026-05-08,8,191992.00
72,2026-05-09,10,239990.00
72,2026-05-10,10,239990.00
72,2026-05-11,8,191992.00
72,2026-05-12,8,191992.00
72,2026-05-13,8,191992.00
72,2026-05-14,8,191992.00
72,2026-05-15,8,191992.00
72,2026-05-16,10,239990.00
72,2026-05-17,10,239990.00
72,2026-05-18,8,191992.00
72,2026-05-19,8,191992.00
72,2026-05-20,8,191992.00
72,2026-05-21,8,191992.00
72,2026-05-22,8,191992.00
72,2026-05-23,10,239990.00
72,2026-05-24,10,239990.00
72,2026-05-25,8,191992.00
72,2026-05-26,8,191992.00
72,2026-05-27,8,191992.00
72,2026-05-28,8,191992.00
72,2026-05-29,8,191992.00
72,2026-05-30,10,239990.00
72,2026-05-31,10,239990.00
72,2026-06-01,8,191992.00
72,2026-06-02,8,191992.00
72,2026-06-03,8,191992.00
72,2026-06-04,8,191992.00
72,2026-06-05,8,191992.00
72,2026-06-06,10,239990.00
72,2026-06-07,10,239990.00
72,2026-06-08,8,191992.00
72,2026-06-09,8,191992.00
72,2026-06-10,8,191992.00
72,2026-06-11,8,191992.00
72,2026-06-12,8,191992.00
72,2026-06-13,10,239990.00
72,2026-06-14,10,239990.00
72,2026-06-15,8,191992.00
72,2026-06-16,8,191992.00
72,2026-06-17,8,191992.00
72,2026-06-18,8,191992.00
72,2026-06-19,8,191992.00
72,2026-06-20,10,239990.00
72,2026-06-21,10,239990.00
72,2026-06-22,8,191992.00
72,2026-06-23,8,191992.00
72,2026-06-24,8,191992.00
72,2026-06-25,8,191992.00
72,2026-06-26,8,191992.00
72,2026-06-27,10,239990.00
72,2026-06-28,10,239990.00
72,2026-06-29,8,191992.00
72,2026-06-30,8,191992.00
72,2026-07-01,8,191992.00
72,2026-07-02,8,191992.00
72,2026-07-03,8,191992.00
72,2026-07-04,10,239990.00
72,2026-07-05,10,239990.00
72,2026-07-06,8,191992.00
72,2026-07-07,8,191992.00
72,2026-07-08,8,191992.00
72,2026-07-09,8,191992.00
72,2026-07-10,8,191992.00
72,2026-07-11,10,239990.00
72,2026-07-12,10,239990.00
72,2026-07-13,8,191992.00
72,2026-07-14,8,191992.00
72,2026-07-15,8,191992.00
72,2026-07-16,8,191992.00
72,2026-07-17,8,191992.00
72,2026-07-18,10,239990.00
72,2026-07-19,10,239990.00
72,2026-07-20,8,191992.00
72,2026-07-21,8,191992.00
72,2026-07-22,8,191992.00
72,2026-07-23,8,191992.00
72,2026-07-24,8,191992.00
72,2026-07-25,10,239990.00
72,2026-07-26,10,239990.00
72,2026-07-27,8,191992.00
72,2026-07-28,8,191992.00
72,2026-07-29,8,191992.00
72,2026-07-30,8,191992.00
72,2026-07-31,8,191992.00
72,2026-08-01,10,239990.00
72,2026-08-02,10,239990.00
72,2026-08-03,8,191992.00
72,2026-08-04,8,191992.00
72,2026-08-05,8,191992.00
72,2026-08-06,8,191992.00
72,2026-08-07,8,191992.00
72,2026-08-08,10,239990.00
72,2026-08-09,10,239990.00
72,2026-08-10,8,191992.00
72,2026-08-11,8,191992.00
72,2026-08-12,8,191992.00
72,2026-08-13,8,191992.00
72,2026-08-14,8,191992.00
72,2026-08-15,10,239990.00
72,2026-08-16,10,239990.00
72,2026-08-17,8,191992.00
72,2026-08-18,8,191992.00
72,2026-08-19,8,191992.00
72,2026-08-20,8,191992.00
72,2026-08-21,8,191992.00
72,2026-08-22,10,239990.00
72,2026-08-23,10,239990.00
72,2026-08-24,8,191992.00
72,2026-08-25,8,191992.00
72,2026-08-26,8,191992.00
72,2026-08-27,8,191992.00
72,2026-08-28,8,191992.00
72,2026-08-29,10,239990.00
72,2026-08-30,10,239990.00
72,2026-08-31,8,191992.00
72,2026-09-01,8,191992.00
72,2026-09-02,8,191992.00
72,2026-09-03,8,191992.00
72,2026-09-04,8,191992.00
72,2026-09-05,10,239990.00
72,2026-09-06,10,239990.00
72,2026-09-07,8,191992.00
72,2026-09-08,8,191992.00
72,2026-09-09,8,191992.00
72,2026-09-10,8,191992.00
72,2026-09-11,8,191992.00
72,2026-09-12,10,239990.00
72,2026-09-13,10,239990.00
72,2026-09-14,8,191992.00
72,2026-09-15,8,191992.00
72,2026-09-16,8,191992.00
72,2026-09-17,8,191992.00
72,2026-09-18,8,191992.00
72,2026-09-19,10,239990.00
72,2026-09-20,10,239990.00
72,2026-09-21,8,191992.00
72,2026-09-22,8,191992.00
72,2026-09-23,8,191992.00
72,2026-09-24,8,191992.00
72,2026-09-25,8,191992.00
72,2026-09-26,10,239990.00
72,2026-09-27,10,239990.00
72,2026-09-28,8,191992.00
72,2026-09-29,8,191992.00
73,2025-09-30,13,363987.00
73,2025-10-01,16,447984.00
73,2025-10-02,16,447984.00
73,2025-10-03,16,447984.00
73,2025-10-04,19,531981.00
73,2025-10-05,19,531981.00
73,2025-10-06,16,447984.00
73,2025-10-07,16,447984.00
73,2025-10-08,16,447984.00
73,2025-10-09,16,447984.00
73,2025-10-10,16,447984.00
73,2025-10-11,19,531981.00
73,2025-10-12,19,531981.00
73,2025-10-13,16,447984.00
73,2025-10-14,16,447984.00
73,2025-10-15,16,447984.00
73,2025-10-16,16,447984.00
73,2025-10-17,16,447984.00
73,2025-10-18,19,531981.00
73,2025-10-19,19,531981.00
73,2025-10-20,16,447984.00
73,2025-10-21,16,447984.00
73,2025-10-22,16,447984.00
73,2025-10-23,16,447984.00
73,2025-10-24,16,447984.00
73,2025-10-25,19,531981.00
73,2025-10-26,19,531981.00
73,2025-10-27,16,447984.00
73,2025-10-28,16,447984.00
73,2025-10-29,16,447984.00
73,2025-10-30,16,447984.00
73,2025-10-31,16,447984.00
73,2025-11-01,19,531981.00
73,2025-11-02,19,531981.00
73,2025-11-03,16,447984.00
73,2025-11-04,16,447984.00
73,2025-11-05,16,447984.00
73,2025-11-06,16,447984.00
73,2025-11-07,16,447984.00
73,2025-11-08,19,531981.00
73,2025-11-09,19,531981.00
73,2025-11-10,16,447984.00
73,2025-11-11,16,447984.00
73,2025-11-12,16,447984.00
73,2025-11-13,16,447984.00
73,2025-11-14,16,447984.00
73,2025-11-15,19,531981.00
73,2025-11-16,19,531981.00
73,2025-11-17,16,447984.00
73,2025-11-18,16,447984.00
73,2025-11-19,16,447984.00
73,2025-11-20,16,447984.00
73,2025-11-21,16,447984.00
73,2025-11-22,19,531981.00
73,2025-11-23,19,531981.00
73,2025-11-24,16,447984.00
73,2025-11-25,16,447984.00
73,2025-11-26,16,447984.00
73,2025-11-27,16,447984.00
73,2025-11-28,16,447984.00
73,2025-11-29,19,531981.00
73,2025-11-30,19,531981.00
73,2025-12-01,13,363987.00
73,2025-12-02,13,363987.00
73,2025-12-03,13,363987.00
73,2025-12-04,13,363987.00
73,2025-12-05,13,363987.00
73,2025-12-06,16,447984.00
73,2025-12-07,15,419985.00
73,2025-12-08,13,363987.00
73,2025-12-09,13,363987.00
73,2025-12-10,13,363987.00
73,2025-12-11,13,363987.00
73,2025-12-12,13,363987.00
73,2025-12-13,16,447984.00
73,2025-12-14,15,419985.00
73,2025-12-15,13,363987.00
73,2025-12-16,13,363987.00
73,2025-12-17,13,363987.00
73,2025-12-18,13,363987.00
73,2025-12-19,13,363987.00
73,2025-12-20,16,447984.00
73,2025-12-21,15,419985.00
73,2025-12-22,13,363987.00
73,2025-12-23,13,363987.00
73,2025-12-24,13,363987.00
73,2025-12-25,13,363987.00
73,2025-12-26,13,363987.00
73,2025-12-27,16,447984.00
73,2025-12-28,15,419985.00
73,2025-12-29,13,363987.00
73,2025-12-30,13,363987.00
73,2025-12-31,13,363987.00
73,2026-01-01,13,363987.00
73,2026-01-02,13,363987.00
73,2026-01-03,16,447984.00
73,2026-01-04,15,419985.00
73,2026-01-05,13,363987.00
73,2026-01-06,13,363987.00
73,2026-01-07,13,363987.00
73,2026-01-08,13,363987.00
73,2026-01-09,13,363987.00
73,2026-01-10,16,447984.00
73,2026-01-11,15,419985.00
73,2026-01-12,13,363987.00
73,2026-01-13,13,363987.00
73,2026-01-14,13,363987.00
73,2026-01-15,13,363987.00
73,2026-01-16,13,363987.00
73,2026-01-17,16,447984.00
73,2026-01-18,15,419985.00
73,2026-01-19,13,363987.00
73,2026-01-20,13,363987.00
73,2026-01-21,13,363987.00
73,2026-01-22,13,363987.00
73,2026-01-23,13,363987.00
73,2026-01-24,16,447984.00
73,2026-01-25,15,419985.00
73,2026-01-26,13,363987.00
73,2026-01-27,13,363987.00
73,2026-01-28,13,363987.00
73,2026-01-29,13,363987.00
73,2026-01-30,13,363987.00
73,2026-01-31,16,447984.00
73,2026-02-01,15,419985.00
73,2026-02-02,13,363987.00
73,2026-02-03,13,363987.00
73,2026-02-04,13,363987.00
73,2026-02-05,13,363987.00
73,2026-02-06,13,363987.00
73,2026-02-07,16,447984.00
73,2026-02-08,15,419985.00
73,2026-02-09,13,363987.00
73,2026-02-10,13,363987.00
73,2026-02-11,13,363987.00
73,2026-02-12,13,363987.00
73,2026-02-13,13,363987.00
73,2026-02-14,16,447984.00
73,2026-02-15,15,419985.00
73,2026-02-16,13,363987.00
73,2026-02-17,13,363987.00
73,2026-02-18,13,363987.00
73,2026-02-19,13,363987.00
73,2026-02-20,13,363987.00
73,2026-02-21,16,447984.00
73,2026-02-22,15,419985.00
73,2026-02-23,13,363987.00
73,2026-02-24,13,363987.00
73,2026-02-25,13,363987.00
73,2026-02-26,13,363987.00
73,2026-02-27,13,363987.00
73,2026-02-28,16,447984.00
73,2026-03-01,15,419985.00
73,2026-03-02,13,363987.00
73,2026-03-03,13,363987.00
73,2026-03-04,13,363987.00
73,2026-03-05,13,363987.00
73,2026-03-06,13,363987.00
73,2026-03-07,16,447984.00
73,2026-03-08,15,419985.00
73,2026-03-09,13,363987.00
73,2026-03-10,13,363987.00
73,2026-03-11,13,363987.00
73,2026-03-12,13,363987.00
73,2026-03-13,13,363987.00
73,2026-03-14,16,447984.00
73,2026-03-15,15,419985.00
73,2026-03-16,13,363987.00
73,2026-03-17,13,363987.00
73,2026-03-18,13,363987.00
73,2026-03-19,13,363987.00
73,2026-03-20,13,363987.00
73,2026-03-21,16,447984.00
73,2026-03-22,15,419985.00
73,2026-03-23,13,363987.00
73,2026-03-24,13,363987.00
73,2026-03-25,13,363987.00
73,2026-03-26,13,363987.00
73,2026-03-27,13,363987.00
73,2026-03-28,16,447984.00
73,2026-03-29,15,419985.00
73,2026-03-30,13,363987.00
73,2026-03-31,13,363987.00
73,2026-04-01,13,363987.00
73,2026-04-02,13,363987.00
73,2026-04-03,13,363987.00
73,2026-04-04,16,447984.00
73,2026-04-05,15,419985.00
73,2026-04-06,13,363987.00
73,2026-04-07,13,363987.00
73,2026-04-08,13,363987.00
73,2026-04-09,13,363987.00
73,2026-04-10,13,363987.00
73,2026-04-11,16,447984.00
73,2026-04-12,15,419985.00
73,2026-04-13,13,363987.00
73,2026-04-14,13,363987.00
73,2026-04-15,13,363987.00
73,2026-04-16,13,363987.00
73,2026-04-17,13,363987.00
73,2026-04-18,16,447984.00
73,2026-04-19,15,419985.00
73,2026-04-20,13,363987.00
73,2026-04-21,13,363987.00
73,2026-04-22,13,363987.00
73,2026-04-23,13,363987.00
73,2026-04-24,13,363987.00
73,2026-04-25,16,447984.00
73,2026-04-26,15,419985.00
73,2026-04-27,13,363987.00
73,2026-04-28,13,363987.00
73,2026-04-29,13,363987.00
73,2026-04-30,13,363987.00
73,2026-05-01,13,363987.00
73,2026-05-02,16,447984.00
73,2026-05-03,15,419985.00
73,2026-05-04,13,363987.00
73,2026-05-05,13,363987.00
73,2026-05-06,13,363987.00
73,2026-05-07,13,363987.00
73,2026-05-08,13,363987.00
73,2026-05-09,16,447984.00
73,2026-05-10,15,419985.00
73,2026-05-11,13,363987.00
73,2026-05-12,13,363987.00
73,2026-05-13,13,363987.00
73,2026-05-14,13,363987.00
73,2026-05-15,13,363987.00
73,2026-05-16,16,447984.00
73,2026-05-17,15,419985.00
73,2026-05-18,13,363987.00
73,2026-05-19,13,363987.00
73,2026-05-20,13,363987.00
73,2026-05-21,13,363987.00
73,2026-05-22,13,363987.00
73,2026-05-23,16,447984.00
73,2026-05-24,15,419985.00
73,2026-05-25,13,363987.00
73,2026-05-26,13,363987.00
73,2026-05-27,13,363987.00
73,2026-05-28,13,363987.00
73,2026-05-29,13,363987.00
73,2026-05-30,16,447984.00
73,2026-05-31,15,419985.00
73,2026-06-01,15,419985.00
73,2026-06-02,15,419985.00
73,2026-06-03,15,419985.00
73,2026-06-04,15,419985.00
73,2026-06-05,15,419985.00
73,2026-06-06,18,503982.00
73,2026-06-07,17,475983.00
73,2026-06-08,15,419985.00
73,2026-06-09,15,419985.00
73,2026-06-10,15,419985.00
73,2026-06-11,15,419985.00
73,2026-06-12,15,419985.00
73,2026-06-13,18,503982.00
73,2026-06-14,17,475983.00
73,2026-06-15,15,419985.00
73,2026-06-16,15,419985.00
73,2026-06-17,15,419985.00
73,2026-06-18,15,419985.00
73,2026-06-19,15,419985.00
73,2026-06-20,18,503982.00
73,2026-06-21,17,475983.00
73,2026-06-22,15,419985.00
73,2026-06-23,15,419985.00
73,2026-06-24,15,419985.00
73,2026-06-25,15,419985.00
73,2026-06-26,15,419985.00
73,2026-06-27,18,503982.00
73,2026-06-28,17,475983.00
73,2026-06-29,15,419985.00
73,2026-06-30,15,419985.00
73,2026-07-01,15,419985.00
73,2026-07-02,15,419985.00
73,2026-07-03,15,419985.00
73,2026-07-04,18,503982.00
73,2026-07-05,17,475983.00
73,2026-07-06,15,419985.00
73,2026-07-07,15,419985.00
73,2026-07-08,15,419985.00
73,2026-07-09,15,419985.00
73,2026-07-10,15,419985.00
73,2026-07-11,18,503982.00
73,2026-07-12,17,475983.00
73,2026-07-13,15,419985.00
73,2026-07-14,15,419985.00
73,2026-07-15,15,419985.00
73,2026-07-16,15,419985.00
73,2026-07-17,15,419985.00
73,2026-07-18,18,503982.00
73,2026-07-19,17,475983.00
73,2026-07-20,15,419985.00
73,2026-07-21,15,419985.00
73,2026-07-22,15,419985.00
73,2026-07-23,15,419985.00
73,2026-07-24,15,419985.00
73,2026-07-25,18,503982.00
73,2026-07-26,17,475983.00
73,2026-07-27,15,419985.00
73,2026-07-28,15,419985.00
73,2026-07-29,15,419985.00
73,2026-07-30,15,419985.00
73,2026-07-31,15,419985.00
73,2026-08-01,16,447984.00
73,2026-08-02,15,419985.00
73,2026-08-03,13,363987.00
73,2026-08-04,13,363987.00
73,2026-08-05,13,363987.00
73,2026-08-06,13,363987.00
73,2026-08-07,13,363987.00
73,2026-08-08,16,447984.00
73,2026-08-09,15,419985.00
73,2026-08-10,13,363987.00
73,2026-08-11,13,363987.00
73,2026-08-12,13,363987.00
73,2026-08-13,13,363987.00
73,2026-08-14,13,363987.00
73,2026-08-15,16,447984.00
73,2026-08-16,15,419985.00
73,2026-08-17,13,363987.00
73,2026-08-18,13,363987.00
73,2026-08-19,13,363987.00
73,2026-08-20,13,363987.00
73,2026-08-21,13,363987.00
73,2026-08-22,16,447984.00
73,2026-08-23,15,419985.00
73,2026-08-24,13,363987.00
73,2026-08-25,13,363987.00
73,2026-08-26,13,363987.00
73,2026-08-27,13,363987.00
73,2026-08-28,13,363987.00
73,2026-08-29,16,447984.00
73,2026-08-30,15,419985.00
73,2026-08-31,13,363987.00
73,2026-09-01,13,363987.00
73,2026-09-02,13,363987.00
73,2026-09-03,13,363987.00
73,2026-09-04,13,363987.00
73,2026-09-05,16,447984.00
73,2026-09-06,15,419985.00
73,2026-09-07,13,363987.00
73,2026-09-08,13,363987.00
73,2026-09-09,13,363987.00
73,2026-09-10,13,363987.00
73,2026-09-11,13,363987.00
73,2026-09-12,16,447984.00
73,2026-09-13,15,419985.00
73,2026-09-14,13,363987.00
73,2026-09-15,13,363987.00
73,2026-09-16,13,363987.00
73,2026-09-17,13,363987.00
73,2026-09-18,13,363987.00
73,2026-09-19,16,447984.00
73,2026-09-20,15,419985.00
73,2026-09-21,13,363987.00
73,2026-09-22,13,363987.00
73,2026-09-23,13,363987.00
73,2026-09-24,13,363987.00
73,2026-09-25,13,363987.00
73,2026-09-26,16,447984.00
73,2026-09-27,15,419985.00
73,2026-09-28,13,363987.00
73,2026-09-29,13,363987.00
74,2025-09-30,11,38489.00
74,2025-10-01,14,48986.00
74,2025-10-02,14,48986.00
74,2025-10-03,14,48986.00
74,2025-10-04,17,59483.00
74,2025-10-05,16,55984.00
74,2025-10-06,14,48986.00
74,2025-10-07,14,48986.00
74,2025-10-08,14,48986.00
74,2025-10-09,14,48986.00
74,2025-10-10,14,48986.00
74,2025-10-11,17,59483.00
74,2025-10-12,16,55984.00
74,2025-10-13,14,48986.00
74,2025-10-14,14,48986.00
74,2025-10-15,14,48986.00
74,2025-10-16,14,48986.00
74,2025-10-17,14,48986.00
74,2025-10-18,17,59483.00
74,2025-10-19,16,55984.00
74,2025-10-20,14,48986.00
74,2025-10-21,14,48986.00
74,2025-10-22,14,48986.00
74,2025-10-23,14,48986.00
74,2025-10-24,14,48986.00
74,2025-10-25,17,59483.00
74,2025-10-26,16,55984.00
74,2025-10-27,14,48986.00
74,2025-10-28,14,48986.00
74,2025-10-29,14,48986.00
74,2025-10-30,14,48986.00
74,2025-10-31,14,48986.00
74,2025-11-01,17,59483.00
74,2025-11-02,16,55984.00
74,2025-11-03,14,48986.00
74,2025-11-04,14,48986.00
74,2025-11-05,14,48986.00
74,2025-11-06,14,48986.00
74,2025-11-07,14,48986.00
74,2025-11-08,17,59483.00
74,2025-11-09,16,55984.00
74,2025-11-10,14,48986.00
74,2025-11-11,14,48986.00
74,2025-11-12,14,48986.00
74,2025-11-13,14,48986.00
74,2025-11-14,14,48986.00
74,2025-11-15,17,59483.00
74,2025-11-16,16,55984.00
74,2025-11-17,14,48986.00
74,2025-11-18,14,48986.00
74,2025-11-19,14,48986.00
74,2025-11-20,14,48986.00
74,2025-11-21,14,48986.00
74,2025-11-22,17,59483.00
74,2025-11-23,16,55984.00
74,2025-11-24,14,48986.00
74,2025-11-25,14,48986.00
74,2025-11-26,14,48986.00
74,2025-11-27,14,48986.00
74,2025-11-28,14,48986.00
74,2025-11-29,17,59483.00
74,2025-11-30,16,55984.00
74,2025-12-01,11,38489.00
74,2025-12-02,11,38489.00
74,2025-12-03,11,38489.00
74,2025-12-04,11,38489.00
74,2025-12-05,11,38489.00
74,2025-12-06,14,48986.00
74,2025-12-07,13,45487.00
74,2025-12-08,11,38489.00
74,2025-12-09,11,38489.00
74,2025-12-10,11,38489.00
74,2025-12-11,11,38489.00
74,2025-12-12,11,38489.00
74,2025-12-13,14,48986.00
74,2025-12-14,13,45487.00
74,2025-12-15,11,38489.00
74,2025-12-16,11,38489.00
74,2025-12-17,11,38489.00
74,2025-12-18,11,38489.00
74,2025-12-19,11,38489.00
74,2025-12-20,14,48986.00
74,2025-12-21,13,45487.00
74,2025-12-22,11,38489.00
74,2025-12-23,11,38489.00
74,2025-12-24,11,38489.00
74,2025-12-25,11,38489.00
74,2025-12-26,11,38489.00
74,2025-12-27,14,48986.00
74,2025-12-28,13,45487.00
74,2025-12-29,11,38489.00
74,2025-12-30,11,38489.00
74,2025-12-31,11,38489.00
74,2026-01-01,11,38489.00
74,2026-01-02,11,38489.00
74,2026-01-03,14,48986.00
74,2026-01-04,13,45487.00
74,2026-01-05,11,38489.00
74,2026-01-06,11,38489.00
74,2026-01-07,11,38489.00
74,2026-01-08,11,38489.00
74,2026-01-09,11,38489.00
74,2026-01-10,14,48986.00
74,2026-01-11,13,45487.00
74,2026-01-12,11,38489.00
74,2026-01-13,11,38489.00
74,2026-01-14,11,38489.00
74,2026-01-15,11,38489.00
74,2026-01-16,11,38489.00
74,2026-01-17,14,48986.00
74,2026-01-18,13,45487.00
74,2026-01-19,11,38489.00
74,2026-01-20,11,38489.00
74,2026-01-21,11,38489.00
74,2026-01-22,11,38489.00
74,2026-01-23,11,38489.00
74,2026-01-24,14,48986.00
74,2026-01-25,13,45487.00
74,2026-01-26,11,38489.00
74,2026-01-27,11,38489.00
74,2026-01-28,11,38489.00
74,2026-01-29,11,38489.00
74,2026-01-30,11,38489.00
74,2026-01-31,14,48986.00
74,2026-02-01,13,45487.00
74,2026-02-02,11,38489.00
74,2026-02-03,11,38489.00
74,2026-02-04,11,38489.00
74,2026-02-05,11,38489.00
74,2026-02-06,11,38489.00
74,2026-02-07,14,48986.00
74,2026-02-08,13,45487.00
74,2026-02-09,11,38489.00
74,2026-02-10,11,38489.00
74,2026-02-11,11,38489.00
74,2026-02-12,11,38489.00
74,2026-02-13,11,38489.00
74,2026-02-14,14,48986.00
74,2026-02-15,13,45487.00
74,2026-02-16,11,38489.00
74,2026-02-17,11,38489.00
74,2026-02-18,11,38489.00
74,2026-02-19,11,38489.00
74,2026-02-20,11,38489.00
74,2026-02-21,14,48986.00
74,2026-02-22,13,45487.00
74,2026-02-23,11,38489.00
74,2026-02-24,11,38489.00
74,2026-02-25,11,38489.00
74,2026-02-26,11,38489.00
74,2026-02-27,11,38489.00
74,2026-02-28,14,48986.00
74,2026-03-01,13,45487.00
74,2026-03-02,11,38489.00
74,2026-03-03,11,38489.00
74,2026-03-04,11,38489.00
74,2026-03-05,11,38489.00
74,2026-03-06,11,38489.00
74,2026-03-07,14,48986.00
74,2026-03-08,13,45487.00
74,2026-03-09,11,38489.00
74,2026-03-10,11,38489.00
74,2026-03-11,11,38489.00
74,2026-03-12,11,38489.00
74,2026-03-13,11,38489.00
74,2026-03-14,14,48986.00
74,2026-03-15,13,45487.00
74,2026-03-16,11,38489.00
74,2026-03-17,11,38489.00
74,2026-03-18,11,38489.00
74,2026-03-19,11,38489.00
74,2026-03-20,11,38489.00
74,2026-03-21,14,48986.00
74,2026-03-22,13,45487.00
74,2026-03-23,11,38489.00
74,2026-03-24,11,38489.00
74,2026-03-25,11,38489.00
74,2026-03-26,11,38489.00
74,2026-03-27,11,38489.00
74,2026-03-28,14,48986.00
74,2026-03-29,13,45487.00
74,2026-03-30,11,38489.00
74,2026-03-31,11,38489.00
74,2026-04-01,11,38489.00
74,2026-04-02,11,38489.00
74,2026-04-03,11,38489.00
74,2026-04-04,14,48986.00
74,2026-04-05,13,45487.00
74,2026-04-06,11,38489.00
74,2026-04-07,11,38489.00
74,2026-04-08,11,38489.00
74,2026-04-09,11,38489.00
74,2026-04-10,11,38489.00
74,2026-04-11,14,48986.00
74,2026-04-12,13,45487.00
74,2026-04-13,11,38489.00
74,2026-04-14,11,38489.00
74,2026-04-15,11,38489.00
74,2026-04-16,11,38489.00
74,2026-04-17,11,38489.00
74,2026-04-18,14,48986.00
74,2026-04-19,13,45487.00
74,2026-04-20,11,38489.00
74,2026-04-21,11,38489.00
74,2026-04-22,11,38489.00
74,2026-04-23,11,38489.00
74,2026-04-24,11,38489.00
74,2026-04-25,14,48986.00
74,2026-04-26,13,45487.00
74,2026-04-27,11,38489.00
74,2026-04-28,11,38489.00
74,2026-04-29,11,38489.00
74,2026-04-30,11,38489.00
74,2026-05-01,11,38489.00
74,2026-05-02,14,48986.00
74,2026-05-03,13,45487.00
74,2026-05-04,11,38489.00
74,2026-05-05,11,38489.00
74,2026-05-06,11,38489.00
74,2026-05-07,11,38489.00
74,2026-05-08,11,38489.00
74,2026-05-09,14,48986.00
74,2026-05-10,13,45487.00
74,2026-05-11,11,38489.00
74,2026-05-12,11,38489.00
74,2026-05-13,11,38489.00
74,2026-05-14,11,38489.00
74,2026-05-15,11,38489.00
74,2026-05-16,14,48986.00
74,2026-05-17,13,45487.00
74,2026-05-18,11,38489.00
74,2026-05-19,11,38489.00
74,2026-05-20,11,38489.00
74,2026-05-21,11,38489.00
74,2026-05-22,11,38489.00
74,2026-05-23,14,48986.00
74,2026-05-24,13,45487.00
74,2026-05-25,11,38489.00
74,2026-05-26,11,38489.00
74,2026-05-27,11,38489.00
74,2026-05-28,11,38489.00
74,2026-05-29,11,38489.00
74,2026-05-30,14,48986.00
74,2026-05-31,13,45487.00
74,2026-06-01,11,38489.00
74,2026-06-02,11,38489.00
74,2026-06-03,11,38489.00
74,2026-06-04,11,38489.00
74,2026-06-05,11,38489.00
74,2026-06-06,14,48986.00
74,2026-06-07,13,45487.00
74,2026-06-08,11,38489.00
74,2026-06-09,11,38489.00
74,2026-06-10,11,38489.00
74,2026-06-11,11,38489.00
74,2026-06-12,11,38489.00
74,2026-06-13,14,48986.00
74,2026-06-14,13,45487.00
74,2026-06-15,11,38489.00
74,2026-06-16,11,38489.00
74,2026-06-17,11,38489.00
74,2026-06-18,11,38489.00
74,2026-06-19,11,38489.00
74,2026-06-20,14,48986.00
74,2026-06-21,13,45487.00
74,2026-06-22,11,38489.00
74,2026-06-23,11,38489.00
74,2026-06-24,11,38489.00
74,2026-06-25,11,38489.00
74,2026-06-26,11,38489.00
74,2026-06-27,14,48986.00
74,2026-06-28,13,45487.00
74,2026-06-29,11,38489.00
74,2026-06-30,11,38489.00
74,2026-07-01,11,38489.00
74,2026-07-02,11,38489.00
74,2026-07-03,11,38489.00
74,2026-07-04,14,48986.00
74,2026-07-05,13,45487.00
74,2026-07-06,11,38489.00
74,2026-07-07,11,38489.00
74,2026-07-08,11,38489.00
74,2026-07-09,11,38489.00
74,2026-07-10,11,38489.00
74,2026-07-11,14,48986.00
74,2026-07-12,13,45487.00
74,2026-07-13,11,38489.00
74,2026-07-14,11,38489.00
74,2026-07-15,11,38489.00
74,2026-07-16,11,38489.00
74,2026-07-17,11,38489.00
74,2026-07-18,14,48986.00
74,2026-07-19,13,45487.00
74,2026-07-20,11,38489.00
74,2026-07-21,11,38489.00
74,2026-07-22,11,38489.00
74,2026-07-23,11,38489.00
74,2026-07-24,11,38489.00
74,2026-07-25,14,48986.00
74,2026-07-26,13,45487.00
74,2026-07-27,11,38489.00
74,2026-07-28,11,38489.00
74,2026-07-29,11,38489.00
74,2026-07-30,11,38489.00
74,2026-07-31,11,38489.00
74,2026-08-01,14,48986.00
74,2026-08-02,13,45487.00
74,2026-08-03,11,38489.00
74,2026-08-04,11,38489.00
74,2026-08-05,11,38489.00
74,2026-08-06,11,38489.00
74,2026-08-07,11,38489.00
74,2026-08-08,14,48986.00
74,2026-08-09,13,45487.00
74,2026-08-10,11,38489.00
74,2026-08-11,11,38489.00
74,2026-08-12,11,38489.00
74,2026-08-13,11,38489.00
74,2026-08-14,11,38489.00
74,2026-08-15,14,48986.00
74,2026-08-16,13,45487.00
74,2026-08-17,11,38489.00
74,2026-08-18,11,38489.00
74,2026-08-19,11,38489.00
74,2026-08-20,11,38489.00
74,2026-08-21,11,38489.00
74,2026-08-22,14,48986.00
74,2026-08-23,13,45487.00
74,2026-08-24,11,38489.00
74,2026-08-25,11,38489.00
74,2026-08-26,11,38489.00
74,2026-08-27,11,38489.00
74,2026-08-28,11,38489.00
74,2026-08-29,14,48986.00
74,2026-08-30,13,45487.00
74,2026-08-31,11,38489.00
74,2026-09-01,11,38489.00
74,2026-09-02,11,38489.00
74,2026-09-03,11,38489.00
74,2026-09-04,11,38489.00
74,2026-09-05,14,48986.00
74,2026-09-06,13,45487.00
74,2026-09-07,11,38489.00
74,2026-09-08,11,38489.00
74,2026-09-09,11,38489.00
74,2026-09-10,11,38489.00
74,2026-09-11,11,38489.00
74,2026-09-12,14,48986.00
74,2026-09-13,13,45487.00
74,2026-09-14,11,38489.00
74,2026-09-15,11,38489.00
74,2026-09-16,11,38489.00
74,2026-09-17,11,38489.00
74,2026-09-18,11,38489.00
74,2026-09-19,14,48986.00
74,2026-09-20,13,45487.00
74,2026-09-21,11,38489.00
74,2026-09-22,11,38489.00
74,2026-09-23,11,38489.00
74,2026-09-24,11,38489.00
74,2026-09-25,11,38489.00
74,2026-09-26,14,48986.00
74,2026-09-27,13,45487.00
74,2026-09-28,11,38489.00
74,2026-09-29,11,38489.00
75,2025-09-30,5,149995.00
75,2025-10-01,6,179994.00
75,2025-10-02,6,179994.00
75,2025-10-03,6,179994.00
75,2025-10-04,7,209993.00
75,2025-10-05,7,209993.00
75,2025-10-06,6,179994.00
75,2025-10-07,6,179994.00
75,2025-10-08,6,179994.00
75,2025-10-09,6,179994.00
75,2025-10-10,6,179994.00
75,2025-10-11,7,209993.00
75,2025-10-12,7,209993.00
75,2025-10-13,6,179994.00
75,2025-10-14,6,179994.00
75,2025-10-15,6,179994.00
75,2025-10-16,6,179994.00
75,2025-10-17,6,179994.00
75,2025-10-18,7,209993.00
75,2025-10-19,7,209993.00
75,2025-10-20,6,179994.00
75,2025-10-21,6,179994.00
75,2025-10-22,6,179994.00
75,2025-10-23,6,179994.00
75,2025-10-24,6,179994.00
75,2025-10-25,7,209993.00
75,2025-10-26,7,209993.00
75,2025-10-27,6,179994.00
75,2025-10-28,6,179994.00
75,2025-10-29,6,179994.00
75,2025-10-30,6,179994.00
75,2025-10-31,6,179994.00
75,2025-11-01,7,209993.00
75,2025-11-02,7,209993.00
75,2025-11-03,6,179994.00
75,2025-11-04,6,179994.00
75,2025-11-05,6,179994.00
75,2025-11-06,6,179994.00
75,2025-11-07,6,179994.00
75,2025-11-08,7,209993.00
75,2025-11-09,7,209993.00
75,2025-11-10,6,179994.00
75,2025-11-11,6,179994.00
75,2025-11-12,6,179994.00
75,2025-11-13,6,179994.00
75,2025-11-14,6,179994.00
75,2025-11-15,7,209993.00
75,2025-11-16,7,209993.00
75,2025-11-17,6,179994.00
75,2025-11-18,6,179994.00
75,2025-11-19,6,179994.00
75,2025-11-20,6,179994.00
75,2025-11-21,6,179994.00
75,2025-11-22,7,209993.00
75,2025-11-23,7,209993.00
75,2025-11-24,6,179994.00
75,2025-11-25,6,179994.00
75,2025-11-26,6,179994.00
75,2025-11-27,6,179994.00
75,2025-11-28,6,179994.00
75,2025-11-29,7,209993.00
75,2025-11-30,7,209993.00
75,2025-12-01,5,149995.00
75,2025-12-02,5,149995.00
75,2025-12-03,5,149995.00
75,2025-12-04,5,149995.00
75,2025-12-05,5,149995.00
75,2025-12-06,6,179994.00
75,2025-12-07,5,149995.00
75,2025-12-08,5,149995.00
75,2025-12-09,5,149995.00
75,2025-12-10,5,149995.00
75,2025-12-11,5,149995.00
75,2025-12-12,5,149995.00
75,2025-12-13,6,179994.00
75,2025-12-14,5,149995.00
75,2025-12-15,5,149995.00
75,2025-12-16,5,149995.00
75,2025-12-17,5,149995.00
75,2025-12-18,5,149995.00
75,2025-12-19,5,149995.00
75,2025-12-20,6,179994.00
75,2025-12-21,5,149995.00
75,2025-12-22,5,149995.00
75,2025-12-23,5,149995.00
75,2025-12-24,5,149995.00
75,2025-12-25,5,149995.00
75,2025-12-26,5,149995.00
75,2025-12-27,6,179994.00
75,2025-12-28,5,149995.00
75,2025-12-29,5,149995.00
75,2025-12-30,5,149995.00
75,2025-12-31,5,149995.00
75,2026-01-01,5,149995.00
75,2026-01-02,5,149995.00
75,2026-01-03,6,179994.00
75,2026-01-04,5,149995.00
75,2026-01-05,5,149995.00
75,2026-01-06,5,149995.00
75,2026-01-07,5,149995.00
75,2026-01-08,5,149995.00
75,2026-01-09,5,149995.00
75,2026-01-10,6,179994.00
75,2026-01-11,5,149995.00
75,2026-01-12,5,149995.00
75,2026-01-13,5,149995.00
75,2026-01-14,5,149995.00
75,2026-01-15,5,149995.00
75,2026-01-16,5,149995.00
75,2026-01-17,6,179994.00
75,2026-01-18,5,149995.00
75,2026-01-19,5,149995.00
75,2026-01-20,5,149995.00
75,2026-01-21,5,149995.00
75,2026-01-22,5,149995.00
75,2026-01-23,5,149995.00
75,2026-01-24,6,179994.00
75,2026-01-25,5,149995.00
75,2026-01-26,5,149995.00
75,2026-01-27,5,149995.00
75,2026-01-28,5,149995.00
75,2026-01-29,5,149995.00
75,2026-01-30,5,149995.00
75,2026-01-31,6,179994.00
75,2026-02-01,5,149995.00
75,2026-02-02,5,149995.00
75,2026-02-03,5,149995.00
75,2026-02-04,5,149995.00
75,2026-02-05,5,149995.00
75,2026-02-06,5,149995.00
75,2026-02-07,6,179994.00
75,2026-02-08,5,149995.00
75,2026-02-09,5,149995.00
75,2026-02-10,5,149995.00
75,2026-02-11,5,149995.00
75,2026-02-12,5,149995.00
75,2026-02-13,5,149995.00
75,2026-02-14,6,179994.00
75,2026-02-15,5,149995.00
75,2026-02-16,5,149995.00
75,2026-02-17,5,149995.00
75,2026-02-18,5,149995.00
75,2026-02-19,5,149995.00
75,2026-02-20,5,149995.00
75,2026-02-21,6,179994.00
75,2026-02-22,5,149995.00
75,2026-02-23,5,149995.00
75,2026-02-24,5,149995.00
75,2026-02-25,5,149995.00
75,2026-02-26,5,149995.00
75,2026-02-27,5,149995.00
75,2026-02-28,6,179994.00
75,2026-03-01,5,149995.00
75,2026-03-02,5,149995.00
75,2026-03-03,5,149995.00
75,2026-03-04,5,149995.00
75,2026-03-05,5,149995.00
75,2026-03-06,5,149995.00
75,2026-03-07,6,179994.00
75,2026-03-08,5,149995.00
75,2026-03-09,5,149995.00
75,2026-03-10,5,149995.00
75,2026-03-11,5,149995.00
75,2026-03-12,5,149995.00
75,2026-03-13,5,149995.00
75,2026-03-14,6,179994.00
75,2026-03-15,5,149995.00
75,2026-03-16,5,149995.00
75,2026-03-17,5,149995.00
75,2026-03-18,5,149995.00
75,2026-03-19,5,149995.00
75,2026-03-20,5,149995.00
75,2026-03-21,6,179994.00
75,2026-03-22,5,149995.00
75,2026-03-23,5,149995.00
75,2026-03-24,5,149995.00
75,2026-03-25,5,149995.00
75,2026-03-26,5,149995.00
75,2026-03-27,5,149995.00
75,2026-03-28,6,179994.00
75,2026-03-29,5,149995.00
75,2026-03-30,5,149995.00
75,2026-03-31,5,149995.00
75,2026-04-01,5,149995.00
75,2026-04-02,5,149995.00
75,2026-04-03,5,149995.00
75,2026-04-04,6,179994.00
75,2026-04-05,6,179994.00
75,2026-04-06,5,149995.00
75,2026-04-07,5,149995.00
75,2026-04-08,5,149995.00
75,2026-04-09,5,149995.00
75,2026-04-10,5,149995.00
75,2026-04-11,6,179994.00
75,2026-04-12,6,179994.00
75,2026-04-13,5,149995.00
75,2026-04-14,5,149995.00
75,2026-04-15,5,149995.00
75,2026-04-16,5,149995.00
75,2026-04-17,5,149995.00
75,2026-04-18,6,179994.00
75,2026-04-19,6,179994.00
75,2026-04-20,5,149995.00
75,2026-04-21,5,149995.00
75,2026-04-22,5,149995.00
75,2026-04-23,5,149995.00
75,2026-04-24,5,149995.00
75,2026-04-25,6,179994.00
75,2026-04-26,6,179994.00
75,2026-04-27,5,149995.00
75,2026-04-28,5,149995.00
75,2026-04-29,5,149995.00
75,2026-04-30,5,149995.00
75,2026-05-01,5,149995.00
75,2026-05-02,6,179994.00
75,2026-05-03,6,179994.00
75,2026-05-04,5,149995.00
75,2026-05-05,5,149995.00
75,2026-05-06,5,149995.00
75,2026-05-07,5,149995.00
75,2026-05-08,5,149995.00
75,2026-05-09,6,179994.00
75,2026-05-10,6,179994.00
75,2026-05-11,5,149995.00
75,2026-05-12,5,149995.00
75,2026-05-13,5,149995.00
75,2026-05-14,5,149995.00
75,2026-05-15,5,149995.00
75,2026-05-16,6,179994.00
75,2026-05-17,6,179994.00
75,2026-05-18,5,149995.00
75,2026-05-19,5,149995.00
75,2026-05-20,5,149995.00
75,2026-05-21,5,149995.00
75,2026-05-22,5,149995.00
75,2026-05-23,6,179994.00
75,2026-05-24,6,179994.00
75,2026-05-25,5,149995.00
75,2026-05-26,5,149995.00
75,2026-05-27,5,149995.00
75,2026-05-28,5,149995.00
75,2026-05-29,5,149995.00
75,2026-05-30,6,179994.00
75,2026-05-31,6,179994.00
75,2026-06-01,5,149995.00
75,2026-06-02,5,149995.00
75,2026-06-03,5,149995.00
75,2026-06-04,5,149995.00
75,2026-06-05,5,149995.00
75,2026-06-06,6,179994.00
75,2026-06-07,5,149995.00
75,2026-06-08,5,149995.00
75,2026-06-09,5,149995.00
75,2026-06-10,5,149995.00
75,2026-06-11,5,149995.00
75,2026-06-12,5,149995.00
75,2026-06-13,6,179994.00
75,2026-06-14,5,149995.00
75,2026-06-15,5,149995.00
75,2026-06-16,5,149995.00
75,2026-06-17,5,149995.00
75,2026-06-18,5,149995.00
75,2026-06-19,5,149995.00
75,2026-06-20,6,179994.00
75,2026-06-21,5,149995.00
75,2026-06-22,5,149995.00
75,2026-06-23,5,149995.00
75,2026-06-24,5,149995.00
75,2026-06-25,5,149995.00
75,2026-06-26,5,149995.00
75,2026-06-27,6,179994.00
75,2026-06-28,5,149995.00
75,2026-06-29,5,149995.00
75,2026-06-30,5,149995.00
75,2026-07-01,5,149995.00
75,2026-07-02,5,149995.00
75,2026-07-03,5,149995.00
75,2026-07-04,6,179994.00
75,2026-07-05,5,149995.00
75,2026-07-06,5,149995.00
75,2026-07-07,5,149995.00
75,2026-07-08,5,149995.00
75,2026-07-09,5,149995.00
75,2026-07-10,5,149995.00
75,2026-07-11,6,179994.00
75,2026-07-12,5,149995.00
75,2026-07-13,5,149995.00
75,2026-07-14,5,149995.00
75,2026-07-15,5,149995.00
75,2026-07-16,5,149995.00
75,2026-07-17,5,149995.00
75,2026-07-18,6,179994.00
75,2026-07-19,5,149995.00
75,2026-07-20,5,149995.00
75,2026-07-21,5,149995.00
75,2026-07-22,5,149995.00
75,2026-07-23,5,149995.00
75,2026-07-24,5,149995.00
75,2026-07-25,6,179994.00
75,2026-07-26,5,149995.00
75,2026-07-27,5,149995.00
75,2026-07-28,5,149995.00
75,2026-07-29,5,149995.00
75,2026-07-30,5,149995.00
75,2026-07-31,5,149995.00
75,2026-08-01,6,179994.00
75,2026-08-02,5,149995.00
75,2026-08-03,5,149995.00
75,2026-08-04,5,149995.00
75,2026-08-05,5,149995.00
75,2026-08-06,5,149995.00
75,2026-08-07,5,149995.00
75,2026-08-08,6,179994.00
75,2026-08-09,5,149995.00
75,2026-08-10,5,149995.00
75,2026-08-11,5,149995.00
75,2026-08-12,5,149995.00
75,2026-08-13,5,149995.00
75,2026-08-14,5,149995.00
75,2026-08-15,6,179994.00
75,2026-08-16,5,149995.00
75,2026-08-17,5,149995.00
75,2026-08-18,5,149995.00
75,2026-08-19,5,149995.00
75,2026-08-20,5,149995.00
75,2026-08-21,5,149995.00
75,2026-08-22,6,179994.00
75,2026-08-23,5,149995.00
75,2026-08-24,5,149995.00
75,2026-08-25,5,149995.00
75,2026-08-26,5,149995.00
75,2026-08-27,5,149995.00
75,2026-08-28,5,149995.00
75,2026-08-29,6,179994.00
75,2026-08-30,5,149995.00
75,2026-08-31,5,149995.00
75,2026-09-01,5,149995.00
75,2026-09-02,5,149995.00
75,2026-09-03,5,149995.00
75,2026-09-04,5,149995.00
75,2026-09-05,6,179994.00
75,2026-09-06,5,149995.00
75,2026-09-07,5,149995.00
75,2026-09-08,5,149995.00
75,2026-09-09,5,149995.00
75,2026-09-10,5,149995.00
75,2026-09-11,5,149995.00
75,2026-09-12,6,179994.00
75,2026-09-13,5,149995.00
75,2026-09-14,5,149995.00
75,2026-09-15,5,149995.00
75,2026-09-16,5,149995.00
75,2026-09-17,5,149995.00
75,2026-09-18,5,149995.00
75,2026-09-19,6,179994.00
75,2026-09-20,5,149995.00
75,2026-09-21,5,149995.00
75,2026-09-22,5,149995.00
75,2026-09-23,5,149995.00
75,2026-09-24,5,149995.00
75,2026-09-25,5,149995.00
75,2026-09-26,6,179994.00
75,2026-09-27,5,149995.00
75,2026-09-28,5,149995.00
75,2026-09-29,5,149995.00
76,2025-09-30,21,1238979.00
76,2025-10-01,27,1592973.00
76,2025-10-02,27,1592973.00
76,2025-10-03,27,1592973.00
76,2025-10-04,32,1887968.00
76,2025-10-05,31,1828969.00
76,2025-10-06,27,1592973.00
76,2025-10-07,27,1592973.00
76,2025-10-08,27,1592973.00
76,2025-10-09,27,1592973.00
76,2025-10-10,27,1592973.00
76,2025-10-11,32,1887968.00
76,2025-10-12,31,1828969.00
76,2025-10-13,27,1592973.00
76,2025-10-14,27,1592973.00
76,2025-10-15,27,1592973.00
76,2025-10-16,27,1592973.00
76,2025-10-17,27,1592973.00
76,2025-10-18,32,1887968.00
76,2025-10-19,31,1828969.00
76,2025-10-20,27,1592973.00
76,2025-10-21,27,1592973.00
76,2025-10-22,27,1592973.00
76,2025-10-23,27,1592973.00
76,2025-10-24,27,1592973.00
76,2025-10-25,32,1887968.00
76,2025-10-26,31,1828969.00
76,2025-10-27,27,1592973.00
76,2025-10-28,27,1592973.00
76,2025-10-29,27,1592973.00
76,2025-10-30,27,1592973.00
76,2025-10-31,27,1592973.00
76,2025-11-01,32,1887968.00
76,2025-11-02,31,1828969.00
76,2025-11-03,27,1592973.00
76,2025-11-04,27,1592973.00
76,2025-11-05,27,1592973.00
76,2025-11-06,27,1592973.00
76,2025-11-07,27,1592973.00
76,2025-11-08,32,1887968.00
76,2025-11-09,31,1828969.00
76,2025-11-10,27,1592973.00
76,2025-11-11,27,1592973.00
76,2025-11-12,27,1592973.00
76,2025-11-13,27,1592973.00
76,2025-11-14,27,1592973.00
76,2025-11-15,32,1887968.00
76,2025-11-16,31,1828969.00
76,2025-11-17,27,1592973.00
76,2025-11-18,27,1592973.00
76,2025-11-19,27,1592973.00
76,2025-11-20,27,1592973.00
76,2025-11-21,27,1592973.00
76,2025-11-22,32,1887968.00
76,2025-11-23,31,1828969.00
76,2025-11-24,27,1592973.00
76,2025-11-25,27,1592973.00
76,2025-11-26,27,1592973.00
76,2025-11-27,27,1592973.00
76,2025-11-28,27,1592973.00
76,2025-11-29,32,1887968.00
76,2025-11-30,31,1828969.00
76,2025-12-01,21,1238979.00
76,2025-12-02,21,1238979.00
76,2025-12-03,21,1238979.00
76,2025-12-04,21,1238979.00
76,2025-12-05,21,1238979.00
76,2025-12-06,26,1533974.00
76,2025-12-07,25,1474975.00
76,2025-12-08,21,1238979.00
76,2025-12-09,21,1238979.00
76,2025-12-10,21,1238979.00
76,2025-12-11,21,1238979.00
76,2025-12-12,21,1238979.00
76,2025-12-13,26,1533974.00
76,2025-12-14,25,1474975.00
76,2025-12-15,21,1238979.00
76,2025-12-16,21,1238979.00
76,2025-12-17,21,1238979.00
76,2025-12-18,21,1238979.00
76,2025-12-19,21,1238979.00
76,2025-12-20,26,1533974.00
76,2025-12-21,25,1474975.00
76,2025-12-22,21,1238979.00
76,2025-12-23,21,1238979.00
76,2025-12-24,21,1238979.00
76,2025-12-25,21,1238979.00
76,2025-12-26,21,1238979.00
76,2025-12-27,26,1533974.00
76,2025-12-28,25,1474975.00
76,2025-12-29,21,1238979.00
76,2025-12-30,21,1238979.00
76,2025-12-31,21,1238979.00
76,2026-01-01,21,1238979.00
76,2026-01-02,21,1238979.00
76,2026-01-03,26,1533974.00
76,2026-01-04,25,1474975.00
76,2026-01-05,21,1238979.00
76,2026-01-06,21,1238979.00
76,2026-01-07,21,1238979.00
76,2026-01-08,21,1238979.00
76,2026-01-09,21,1238979.00
76,2026-01-10,26,1533974.00
76,2026-01-11,25,1474975.00
76,2026-01-12,21,1238979.00
76,2026-01-13,21,1238979.00
76,2026-01-14,21,1238979.00
76,2026-01-15,21,1238979.00
76,2026-01-16,21,1238979.00
76,2026-01-17,26,1533974.00
76,2026-01-18,25,1474975.00
76,2026-01-19,21,1238979.00
76,2026-01-20,21,1238979.00
76,2026-01-21,21,1238979.00
76,2026-01-22,21,1238979.00
76,2026-01-23,21,1238979.00
76,2026-01-24,26,1533974.00
76,2026-01-25,25,1474975.00
76,2026-01-26,21,1238979.00
76,2026-01-27,21,1238979.00
76,2026-01-28,21,1238979.00
76,2026-01-29,21,1238979.00
76,2026-01-30,21,1238979.00
76,2026-01-31,26,1533974.00
76,2026-02-01,25,1474975.00
76,2026-02-02,21,1238979.00
76,2026-02-03,21,1238979.00
76,2026-02-04,21,1238979.00
76,2026-02-05,21,1238979.00
76,2026-02-06,21,1238979.00
76,2026-02-07,26,1533974.00
76,2026-02-08,25,1474975.00
76,2026-02-09,21,1238979.00
76,2026-02-10,21,1238979.00
76,2026-02-11,21,1238979.00
76,2026-02-12,21,1238979.00
76,2026-02-13,21,1238979.00
76,2026-02-14,26,1533974.00
76,2026-02-15,25,1474975.00
76,2026-02-16,21,1238979.00
76,2026-02-17,21,1238979.00
76,2026-02-18,21,1238979.00
76,2026-02-19,21,1238979.00
76,2026-02-20,21,1238979.00
76,2026-02-21,26,1533974.00
76,2026-02-22,25,1474975.00
76,2026-02-23,21,1238979.00
76,2026-02-24,21,1238979.00
76,2026-02-25,21,1238979.00
76,2026-02-26,21,1238979.00
76,2026-02-27,21,1238979.00
76,2026-02-28,26,1533974.00
76,2026-03-01,25,1474975.00
76,2026-03-02,21,1238979.00
76,2026-03-03,21,1238979.00
76,2026-03-04,21,1238979.00
76,2026-03-05,21,1238979.00
76,2026-03-06,21,1238979.00
76,2026-03-07,26,1533974.00
76,2026-03-08,25,1474975.00
76,2026-03-09,21,1238979.00
76,2026-03-10,21,1238979.00
76,2026-03-11,21,1238979.00
76,2026-03-12,21,1238979.00
76,2026-03-13,21,1238979.00
76,2026-03-14,26,1533974.00
76,2026-03-15,25,1474975.00
76,2026-03-16,21,1238979.00
76,2026-03-17,21,1238979.00
76,2026-03-18,21,1238979.00
76,2026-03-19,21,1238979.00
76,2026-03-20,21,1238979.00
76,2026-03-21,26,1533974.00
76,2026-03-22,25,1474975.00
76,2026-03-23,21,1238979.00
76,2026-03-24,21,1238979.00
76,2026-03-25,21,1238979.00
76,2026-03-26,21,1238979.00
76,2026-03-27,21,1238979.00
76,2026-03-28,26,1533974.00
76,2026-03-29,25,1474975.00
76,2026-03-30,21,1238979.00
76,2026-03-31,21,1238979.00
76,2026-04-01,21,1238979.00
76,2026-04-02,21,1238979.00
76,2026-04-03,21,1238979.00
76,2026-04-04,26,1533974.00
76,2026-04-05,25,1474975.00
76,2026-04-06,21,1238979.00
76,2026-04-07,21,1238979.00
76,2026-04-08,21,1238979.00
76,2026-04-09,21,1238979.00
76,2026-04-10,21,1238979.00
76,2026-04-11,26,1533974.00
76,2026-04-12,25,1474975.00
76,2026-04-13,21,1238979.00
76,2026-04-14,21,1238979.00
76,2026-04-15,21,1238979.00
76,2026-04-16,21,1238979.00
76,2026-04-17,21,1238979.00
76,2026-04-18,26,1533974.00
76,2026-04-19,25,1474975.00
76,2026-04-20,21,1238979.00
76,2026-04-21,21,1238979.00
76,2026-04-22,21,1238979.00
76,2026-04-23,21,1238979.00
76,2026-04-24,21,1238979.00
76,2026-04-25,26,1533974.00
76,2026-04-26,25,1474975.00
76,2026-04-27,21,1238979.00
76,2026-04-28,21,1238979.00
76,2026-04-29,21,1238979.00
76,2026-04-30,21,1238979.00
76,2026-05-01,21,1238979.00
76,2026-05-02,26,1533974.00
76,2026-05-03,25,1474975.00
76,2026-05-04,21,1238979.00
76,2026-05-05,21,1238979.00
76,2026-05-06,21,1238979.00
76,2026-05-07,21,1238979.00
76,2026-05-08,21,1238979.00
76,2026-05-09,26,1533974.00
76,2026-05-10,25,1474975.00
76,2026-05-11,21,1238979.00
76,2026-05-12,21,1238979.00
76,2026-05-13,21,1238979.00
76,2026-05-14,21,1238979.00
76,2026-05-15,21,1238979.00
76,2026-05-16,26,1533974.00
76,2026-05-17,25,1474975.00
76,2026-05-18,21,1238979.00
76,2026-05-19,21,1238979.00
76,2026-05-20,21,1238979.00
76,2026-05-21,21,1238979.00
76,2026-05-22,21,1238979.00
76,2026-05-23,26,1533974.00
76,2026-05-24,25,1474975.00
76,2026-05-25,21,1238979.00
76,2026-05-26,21,1238979.00
76,2026-05-27,21,1238979.00
76,2026-05-28,21,1238979.00
76,2026-05-29,21,1238979.00
76,2026-05-30,26,1533974.00
76,2026-05-31,25,1474975.00
76,2026-06-01,21,1238979.00
76,2026-06-02,21,1238979.00
76,2026-06-03,21,1238979.00
76,2026-06-04,21,1238979.00
76,2026-06-05,21,1238979.00
76,2026-06-06,26,1533974.00
76,2026-06-07,25,1474975.00
76,2026-06-08,21,1238979.00
76,2026-06-09,21,1238979.00
76,2026-06-10,21,1238979.00
76,2026-06-11,21,1238979.00
76,2026-06-12,21,1238979.00
76,2026-06-13,26,1533974.00
76,2026-06-14,25,1474975.00
76,2026-06-15,21,1238979.00
76,2026-06-16,21,1238979.00
76,2026-06-17,21,1238979.00
76,2026-06-18,21,1238979.00
76,2026-06-19,21,1238979.00
76,2026-06-20,26,1533974.00
76,2026-06-21,25,1474975.00
76,2026-06-22,21,1238979.00
76,2026-06-23,21,1238979.00
76,2026-06-24,21,1238979.00
76,2026-06-25,21,1238979.00
76,2026-06-26,21,1238979.00
76,2026-06-27,26,1533974.00
76,2026-06-28,25,1474975.00
76,2026-06-29,21,1238979.00
76,2026-06-30,21,1238979.00
76,2026-07-01,21,1238979.00
76,2026-07-02,21,1238979.00
76,2026-07-03,21,1238979.00
76,2026-07-04,26,1533974.00
76,2026-07-05,25,1474975.00
76,2026-07-06,21,1238979.00
76,2026-07-07,21,1238979.00
76,2026-07-08,21,1238979.00
76,2026-07-09,21,1238979.00
76,2026-07-10,21,1238979.00
76,2026-07-11,26,1533974.00
76,2026-07-12,25,1474975.00
76,2026-07-13,21,1238979.00
76,2026-07-14,21,1238979.00
76,2026-07-15,21,1238979.00
76,2026-07-16,21,1238979.00
76,2026-07-17,21,1238979.00
76,2026-07-18,26,1533974.00
76,2026-07-19,25,1474975.00
76,2026-07-20,21,1238979.00
76,2026-07-21,21,1238979.00
76,2026-07-22,21,1238979.00
76,2026-07-23,21,1238979.00
76,2026-07-24,21,1238979.00
76,2026-07-25,26,1533974.00
76,2026-07-26,25,1474975.00
76,2026-07-27,21,1238979.00
76,2026-07-28,21,1238979.00
76,2026-07-29,21,1238979.00
76,2026-07-30,21,1238979.00
76,2026-07-31,21,1238979.00
76,2026-08-01,26,1533974.00
76,2026-08-02,25,1474975.00
76,2026-08-03,21,1238979.00
76,2026-08-04,21,1238979.00
76,2026-08-05,21,1238979.00
76,2026-08-06,21,1238979.00
76,2026-08-07,21,1238979.00
76,2026-08-08,26,1533974.00
76,2026-08-09,25,1474975.00
76,2026-08-10,21,1238979.00
76,2026-08-11,21,1238979.00
76,2026-08-12,21,1238979.00
76,2026-08-13,21,1238979.00
76,2026-08-14,21,1238979.00
76,2026-08-15,26,1533974.00
76,2026-08-16,25,1474975.00
76,2026-08-17,21,1238979.00
76,2026-08-18,21,1238979.00
76,2026-08-19,21,1238979.00
76,2026-08-20,21,1238979.00
76,2026-08-21,21,1238979.00
76,2026-08-22,26,1533974.00
76,2026-08-23,25,1474975.00
76,2026-08-24,21,1238979.00
76,2026-08-25,21,1238979.00
76,2026-08-26,21,1238979.00
76,2026-08-27,21,1238979.00
76,2026-08-28,21,1238979.00
76,2026-08-29,26,1533974.00
76,2026-08-30,25,1474975.00
76,2026-08-31,21,1238979.00
76,2026-09-01,21,1238979.00
76,2026-09-02,21,1238979.00
76,2026-09-03,21,1238979.00
76,2026-09-04,21,1238979.00
76,2026-09-05,26,1533974.00
76,2026-09-06,25,1474975.00
76,2026-09-07,21,1238979.00
76,2026-09-08,21,1238979.00
76,2026-09-09,21,1238979.00
76,2026-09-10,21,1238979.00
76,2026-09-11,21,1238979.00
76,2026-09-12,26,1533974.00
76,2026-09-13,25,1474975.00
76,2026-09-14,21,1238979.00
76,2026-09-15,21,1238979.00
76,2026-09-16,21,1238979.00
76,2026-09-17,21,1238979.00
76,2026-09-18,21,1238979.00
76,2026-09-19,26,1533974.00
76,2026-09-20,25,1474975.00
76,2026-09-21,21,1238979.00
76,2026-09-22,21,1238979.00
76,2026-09-23,21,1238979.00
76,2026-09-24,21,1238979.00
76,2026-09-25,21,1238979.00
76,2026-09-26,26,1533974.00
76,2026-09-27,25,1474975.00
76,2026-09-28,21,1238979.00
76,2026-09-29,21,1238979.00
77,2025-09-30,28,839972.00
77,2025-10-01,34,1019966.00
77,2025-10-02,34,1019966.00
77,2025-10-03,34,1019966.00
77,2025-10-04,41,1229959.00
77,2025-10-05,40,1199960.00
77,2025-10-06,34,1019966.00
77,2025-10-07,34,1019966.00
77,2025-10-08,34,1019966.00
77,2025-10-09,34,1019966.00
77,2025-10-10,34,1019966.00
77,2025-10-11,41,1229959.00
77,2025-10-12,40,1199960.00
77,2025-10-13,34,1019966.00
77,2025-10-14,34,1019966.00
77,2025-10-15,34,1019966.00
77,2025-10-16,34,1019966.00
77,2025-10-17,34,1019966.00
77,2025-10-18,41,1229959.00
77,2025-10-19,40,1199960.00
77,2025-10-20,34,1019966.00
77,2025-10-21,34,1019966.00
77,2025-10-22,34,1019966.00
77,2025-10-23,34,1019966.00
77,2025-10-24,34,1019966.00
77,2025-10-25,41,1229959.00
77,2025-10-26,40,1199960.00
77,2025-10-27,34,1019966.00
77,2025-10-28,34,1019966.00
77,2025-10-29,34,1019966.00
77,2025-10-30,34,1019966.00
77,2025-10-31,34,1019966.00
77,2025-11-01,41,1229959.00
77,2025-11-02,40,1199960.00
77,2025-11-03,34,1019966.00
77,2025-11-04,34,1019966.00
77,2025-11-05,34,1019966.00
77,2025-11-06,34,1019966.00
77,2025-11-07,34,1019966.00
77,2025-11-08,41,1229959.00
77,2025-11-09,40,1199960.00
77,2025-11-10,34,1019966.00
77,2025-11-11,34,1019966.00
77,2025-11-12,34,1019966.00
77,2025-11-13,34,1019966.00
77,2025-11-14,34,1019966.00
77,2025-11-15,41,1229959.00
77,2025-11-16,40,1199960.00
77,2025-11-17,34,1019966.00
77,2025-11-18,34,1019966.00
77,2025-11-19,34,1019966.00
77,2025-11-20,34,1019966.00
77,2025-11-21,34,1019966.00
77,2025-11-22,41,1229959.00
77,2025-11-23,40,1199960.00
77,2025-11-24,34,1019966.00
77,2025-11-25,34,1019966.00
77,2025-11-26,34,1019966.00
77,2025-11-27,34,1019966.00
77,2025-11-28,34,1019966.00
77,2025-11-29,41,1229959.00
77,2025-11-30,40,1199960.00
77,2025-12-01,28,839972.00
77,2025-12-02,28,839972.00
77,2025-12-03,28,839972.00
77,2025-12-04,28,839972.00
77,2025-12-05,28,839972.00
77,2025-12-06,33,989967.00
77,2025-12-07,32,959968.00
77,2025-12-08,28,839972.00
77,2025-12-09,28,839972.00
77,2025-12-10,28,839972.00
77,2025-12-11,28,839972.00
77,2025-12-12,28,839972.00
77,2025-12-13,33,989967.00
77,2025-12-14,32,959968.00
77,2025-12-15,28,839972.00
77,2025-12-16,28,839972.00
77,2025-12-17,28,839972.00
77,2025-12-18,28,839972.00
77,2025-12-19,28,839972.00
77,2025-12-20,33,989967.00
77,2025-12-21,32,959968.00
77,2025-12-22,28,839972.00
77,2025-12-23,28,839972.00
77,2025-12-24,28,839972.00
77,2025-12-25,28,839972.00
77,2025-12-26,28,839972.00
77,2025-12-27,33,989967.00
77,2025-12-28,32,959968.00
77,2025-12-29,28,839972.00
77,2025-12-30,28,839972.00
77,2025-12-31,28,839972.00
77,2026-01-01,28,839972.00
77,2026-01-02,28,839972.00
77,2026-01-03,33,989967.00
77,2026-01-04,32,959968.00
77,2026-01-05,28,839972.00
77,2026-01-06,28,839972.00
77,2026-01-07,28,839972.00
77,2026-01-08,28,839972.00
77,2026-01-09,28,839972.00
77,2026-01-10,33,989967.00
77,2026-01-11,32,959968.00
77,2026-01-12,28,839972.00
77,2026-01-13,28,839972.00
77,2026-01-14,28,839972.00
77,2026-01-15,28,839972.00
77,2026-01-16,28,839972.00
77,2026-01-17,33,989967.00
77,2026-01-18,32,959968.00
77,2026-01-19,28,839972.00
77,2026-01-20,28,839972.00
77,2026-01-21,28,839972.00
77,2026-01-22,28,839972.00
77,2026-01-23,28,839972.00
77,2026-01-24,33,989967.00
77,2026-01-25,32,959968.00
77,2026-01-26,28,839972.00
77,2026-01-27,28,839972.00
77,2026-01-28,28,839972.00
77,2026-01-29,28,839972.00
77,2026-01-30,28,839972.00
77,2026-01-31,33,989967.00
77,2026-02-01,32,959968.00
77,2026-02-02,28,839972.00
77,2026-02-03,28,839972.00
77,2026-02-04,28,839972.00
77,2026-02-05,28,839972.00
77,2026-02-06,28,839972.00
77,2026-02-07,33,989967.00
77,2026-02-08,32,959968.00
77,2026-02-09,28,839972.00
77,2026-02-10,28,839972.00
77,2026-02-11,28,839972.00
77,2026-02-12,28,839972.00
77,2026-02-13,28,839972.00
77,2026-02-14,33,989967.00
77,2026-02-15,32,959968.00
77,2026-02-16,28,839972.00
77,2026-02-17,28,839972.00
77,2026-02-18,28,839972.00
77,2026-02-19,28,839972.00
77,2026-02-20,28,839972.00
77,2026-02-21,33,989967.00
77,2026-02-22,32,959968.00
77,2026-02-23,28,839972.00
77,2026-02-24,28,839972.00
77,2026-02-25,28,839972.00
77,2026-02-26,28,839972.00
77,2026-02-27,28,839972.00
77,2026-02-28,33,989967.00
77,2026-03-01,32,959968.00
77,2026-03-02,28,839972.00
77,2026-03-03,28,839972.00
77,2026-03-04,28,839972.00
77,2026-03-05,28,839972.00
77,2026-03-06,28,839972.00
77,2026-03-07,33,989967.00
77,2026-03-08,32,959968.00
77,2026-03-09,28,839972.00
77,2026-03-10,28,839972.00
77,2026-03-11,28,839972.00
77,2026-03-12,28,839972.00
77,2026-03-13,28,839972.00
77,2026-03-14,33,989967.00
77,2026-03-15,32,959968.00
77,2026-03-16,28,839972.00
77,2026-03-17,28,839972.00
77,2026-03-18,28,839972.00
77,2026-03-19,28,839972.00
77,2026-03-20,28,839972.00
77,2026-03-21,33,989967.00
77,2026-03-22,32,959968.00
77,2026-03-23,28,839972.00
77,2026-03-24,28,839972.00
77,2026-03-25,28,839972.00
77,2026-03-26,28,839972.00
77,2026-03-27,28,839972.00
77,2026-03-28,33,989967.00
77,2026-03-29,32,959968.00
77,2026-03-30,28,839972.00
77,2026-03-31,28,839972.00
77,2026-04-01,28,839972.00
77,2026-04-02,28,839972.00
77,2026-04-03,28,839972.00
77,2026-04-04,33,989967.00
77,2026-04-05,32,959968.00
77,2026-04-06,28,839972.00
77,2026-04-07,28,839972.00
77,2026-04-08,28,839972.00
77,2026-04-09,28,839972.00
77,2026-04-10,28,839972.00
77,2026-04-11,33,989967.00
77,2026-04-12,32,959968.00
77,2026-04-13,28,839972.00
77,2026-04-14,28,839972.00
77,2026-04-15,28,839972.00
77,2026-04-16,28,839972.00
77,2026-04-17,28,839972.00
77,2026-04-18,33,989967.00
77,2026-04-19,32,959968.00
77,2026-04-20,28,839972.00
77,2026-04-21,28,839972.00
77,2026-04-22,28,839972.00
77,2026-04-23,28,839972.00
77,2026-04-24,28,839972.00
77,2026-04-25,33,989967.00
77,2026-04-26,32,959968.00
77,2026-04-27,28,839972.00
77,2026-04-28,28,839972.00
77,2026-04-29,28,839972.00
77,2026-04-30,28,839972.00
77,2026-05-01,28,839972.00
77,2026-05-02,33,989967.00
77,2026-05-03,32,959968.00
77,2026-05-04,28,839972.00
77,2026-05-05,28,839972.00
77,2026-05-06,28,839972.00
77,2026-05-07,28,839972.00
77,2026-05-08,28,839972.00
77,2026-05-09,33,989967.00
77,2026-05-10,32,959968.00
77,2026-05-11,28,839972.00
77,2026-05-12,28,839972.00
77,2026-05-13,28,839972.00
77,2026-05-14,28,839972.00
77,2026-05-15,28,839972.00
77,2026-05-16,33,989967.00
77,2026-05-17,32,959968.00
77,2026-05-18,28,839972.00
77,2026-05-19,28,839972.00
77,2026-05-20,28,839972.00
77,2026-05-21,28,839972.00
77,2026-05-22,28,839972.00
77,2026-05-23,33,989967.00
77,2026-05-24,32,959968.00
77,2026-05-25,28,839972.00
77,2026-05-26,28,839972.00
77,2026-05-27,28,839972.00
77,2026-05-28,28,839972.00
77,2026-05-29,28,839972.00
77,2026-05-30,33,989967.00
77,2026-05-31,32,959968.00
77,2026-06-01,28,839972.00
77,2026-06-02,28,839972.00
77,2026-06-03,28,839972.00
77,2026-06-04,28,839972.00
77,2026-06-05,28,839972.00
77,2026-06-06,33,989967.00
77,2026-06-07,32,959968.00
77,2026-06-08,28,839972.00
77,2026-06-09,28,839972.00
77,2026-06-10,28,839972.00
77,2026-06-11,28,839972.00
77,2026-06-12,28,839972.00
77,2026-06-13,33,989967.00
77,2026-06-14,32,959968.00
77,2026-06-15,28,839972.00
77,2026-06-16,28,839972.00
77,2026-06-17,28,839972.00
77,2026-06-18,28,839972.00
77,2026-06-19,28,839972.00
77,2026-06-20,33,989967.00
77,2026-06-21,32,959968.00
77,2026-06-22,28,839972.00
77,2026-06-23,28,839972.00
77,2026-06-24,28,839972.00
77,2026-06-25,28,839972.00
77,2026-06-26,28,839972.00
77,2026-06-27,33,989967.00
77,2026-06-28,32,959968.00
77,2026-06-29,28,839972.00
77,2026-06-30,28,839972.00
77,2026-07-01,28,839972.00
77,2026-07-02,28,839972.00
77,2026-07-03,28,839972.00
77,2026-07-04,33,989967.00
77,2026-07-05,32,959968.00
77,2026-07-06,28,839972.00
77,2026-07-07,28,839972.00
77,2026-07-08,28,839972.00
77,2026-07-09,28,839972.00
77,2026-07-10,28,839972.00
77,2026-07-11,33,989967.00
77,2026-07-12,32,959968.00
77,2026-07-13,28,839972.00
77,2026-07-14,28,839972.00
77,2026-07-15,28,839972.00
77,2026-07-16,28,839972.00
77,2026-07-17,28,839972.00
77,2026-07-18,33,989967.00
77,2026-07-19,32,959968.00
77,2026-07-20,28,839972.00
77,2026-07-21,28,839972.00
77,2026-07-22,28,839972.00
77,2026-07-23,28,839972.00
77,2026-07-24,28,839972.00
77,2026-07-25,33,989967.00
77,2026-07-26,32,959968.00
77,2026-07-27,28,839972.00
77,2026-07-28,28,839972.00
77,2026-07-29,28,839972.00
77,2026-07-30,28,839972.00
77,2026-07-31,28,839972.00
77,2026-08-01,33,989967.00
77,2026-08-02,32,959968.00
77,2026-08-03,28,839972.00
77,2026-08-04,28,839972.00
77,2026-08-05,28,839972.00
77,2026-08-06,28,839972.00
77,2026-08-07,28,839972.00
77,2026-08-08,33,989967.00
77,2026-08-09,32,959968.00
77,2026-08-10,28,839972.00
77,2026-08-11,28,839972.00
77,2026-08-12,28,839972.00
77,2026-08-13,28,839972.00
77,2026-08-14,28,839972.00
77,2026-08-15,33,989967.00
77,2026-08-16,32,959968.00
77,2026-08-17,28,839972.00
77,2026-08-18,28,839972.00
77,2026-08-19,28,839972.00
77,2026-08-20,28,839972.00
77,2026-08-21,28,839972.00
77,2026-08-22,33,989967.00
77,2026-08-23,32,959968.00
77,2026-08-24,28,839972.00
77,2026-08-25,28,839972.00
77,2026-08-26,28,839972.00
77,2026-08-27,28,839972.00
77,2026-08-28,28,839972.00
77,2026-08-29,33,989967.00
77,2026-08-30,32,959968.00
77,2026-08-31,28,839972.00
77,2026-09-01,28,839972.00
77,2026-09-02,28,839972.00
77,2026-09-03,28,839972.00
77,2026-09-04,28,839972.00
77,2026-09-05,33,989967.00
77,2026-09-06,32,959968.00
77,2026-09-07,28,839972.00
77,2026-09-08,28,839972.00
77,2026-09-09,28,839972.00
77,2026-09-10,28,839972.00
77,2026-09-11,28,839972.00
77,2026-09-12,33,989967.00
77,2026-09-13,32,959968.00
77,2026-09-14,28,839972.00
77,2026-09-15,28,839972.00
77,2026-09-16,28,839972.00
77,2026-09-17,28,839972.00
77,2026-09-18,28,839972.00
77,2026-09-19,33,989967.00
77,2026-09-20,32,959968.00
77,2026-09-21,28,839972.00
77,2026-09-22,28,839972.00
77,2026-09-23,28,839972.00
77,2026-09-24,28,839972.00
77,2026-09-25,28,839972.00
77,2026-09-26,33,989967.00
77,2026-09-27,32,959968.00
77,2026-09-28,28,839972.00
77,2026-09-29,28,839972.00
78,2025-09-30,13,129987.00
78,2025-10-01,16,159984.00
78,2025-10-02,16,159984.00
78,2025-10-03,16,159984.00
78,2025-10-04,19,189981.00
78,2025-10-05,19,189981.00
78,2025-10-06,16,159984.00
78,2025-10-07,16,159984.00
78,2025-10-08,16,159984.00
78,2025-10-09,16,159984.00
78,2025-10-10,16,159984.00
78,2025-10-11,19,189981.00
78,2025-10-12,19,189981.00
78,2025-10-13,16,159984.00
78,2025-10-14,16,159984.00
78,2025-10-15,16,159984.00
78,2025-10-16,16,159984.00
78,2025-10-17,16,159984.00
78,2025-10-18,19,189981.00
78,2025-10-19,19,189981.00
78,2025-10-20,16,159984.00
78,2025-10-21,16,159984.00
78,2025-10-22,16,159984.00
78,2025-10-23,16,159984.00
78,2025-10-24,16,159984.00
78,2025-10-25,19,189981.00
78,2025-10-26,19,189981.00
78,2025-10-27,16,159984.00
78,2025-10-28,16,159984.00
78,2025-10-29,16,159984.00
78,2025-10-30,16,159984.00
78,2025-10-31,16,159984.00
78,2025-11-01,19,189981.00
78,2025-11-02,19,189981.00
78,2025-11-03,16,159984.00
78,2025-11-04,16,159984.00
78,2025-11-05,16,159984.00
78,2025-11-06,16,159984.00
78,2025-11-07,16,159984.00
78,2025-11-08,19,189981.00
78,2025-11-09,19,189981.00
78,2025-11-10,16,159984.00
78,2025-11-11,16,159984.00
78,2025-11-12,16,159984.00
78,2025-11-13,16,159984.00
78,2025-11-14,16,159984.00
78,2025-11-15,19,189981.00
78,2025-11-16,19,189981.00
78,2025-11-17,16,159984.00
78,2025-11-18,16,159984.00
78,2025-11-19,16,159984.00
78,2025-11-20,16,159984.00
78,2025-11-21,16,159984.00
78,2025-11-22,19,189981.00
78,2025-11-23,19,189981.00
78,2025-11-24,16,159984.00
78,2025-11-25,16,159984.00
78,2025-11-26,16,159984.00
78,2025-11-27,16,159984.00
78,2025-11-28,16,159984.00
78,2025-11-29,19,189981.00
78,2025-11-30,19,189981.00
78,2025-12-01,13,129987.00
78,2025-12-02,13,129987.00
78,2025-12-03,13,129987.00
78,2025-12-04,13,129987.00
78,2025-12-05,13,129987.00
78,2025-12-06,16,159984.00
78,2025-12-07,15,149985.00
78,2025-12-08,13,129987.00
78,2025-12-09,13,129987.00
78,2025-12-10,13,129987.00
78,2025-12-11,13,129987.00
78,2025-12-12,13,129987.00
78,2025-12-13,16,159984.00
78,2025-12-14,15,149985.00
78,2025-12-15,13,129987.00
78,2025-12-16,13,129987.00
78,2025-12-17,13,129987.00
78,2025-12-18,13,129987.00
78,2025-12-19,13,129987.00
78,2025-12-20,16,159984.00
78,2025-12-21,15,149985.00
78,2025-12-22,13,129987.00
78,2025-12-23,13,129987.00
78,2025-12-24,13,129987.00
78,2025-12-25,13,129987.00
78,2025-12-26,13,129987.00
78,2025-12-27,16,159984.00
78,2025-12-28,15,149985.00
78,2025-12-29,13,129987.00
78,2025-12-30,13,129987.00
78,2025-12-31,13,129987.00
78,2026-01-01,13,129987.00
78,2026-01-02,13,129987.00
78,2026-01-03,16,159984.00
78,2026-01-04,15,149985.00
78,2026-01-05,13,129987.00
78,2026-01-06,13,129987.00
78,2026-01-07,13,129987.00
78,2026-01-08,13,129987.00
78,2026-01-09,13,129987.00
78,2026-01-10,16,159984.00
78,2026-01-11,15,149985.00
78,2026-01-12,13,129987.00
78,2026-01-13,13,129987.00
78,2026-01-14,13,129987.00
78,2026-01-15,13,129987.00
78,2026-01-16,13,129987.00
78,2026-01-17,16,159984.00
78,2026-01-18,15,149985.00
78,2026-01-19,13,129987.00
78,2026-01-20,13,129987.00
78,2026-01-21,13,129987.00
78,2026-01-22,13,129987.00
78,2026-01-23,13,129987.00
78,2026-01-24,16,159984.00
78,2026-01-25,15,149985.00
78,2026-01-26,13,129987.00
78,2026-01-27,13,129987.00
78,2026-01-28,13,129987.00
78,2026-01-29,13,129987.00
78,2026-01-30,13,129987.00
78,2026-01-31,16,159984.00
78,2026-02-01,15,149985.00
78,2026-02-02,13,129987.00
78,2026-02-03,13,129987.00
78,2026-02-04,13,129987.00
78,2026-02-05,13,129987.00
78,2026-02-06,13,129987.00
78,2026-02-07,16,159984.00
78,2026-02-08,15,149985.00
78,2026-02-09,13,129987.00
78,2026-02-10,13,129987.00
78,2026-02-11,13,129987.00
78,2026-02-12,13,129987.00
78,2026-02-13,13,129987.00
78,2026-02-14,16,159984.00
78,2026-02-15,15,149985.00
78,2026-02-16,13,129987.00
78,2026-02-17,13,129987.00
78,2026-02-18,13,129987.00
78,2026-02-19,13,129987.00
78,2026-02-20,13,129987.00
78,2026-02-21,16,159984.00
78,2026-02-22,15,149985.00
78,2026-02-23,13,129987.00
78,2026-02-24,13,129987.00
78,2026-02-25,13,129987.00
78,2026-02-26,13,129987.00
78,2026-02-27,13,129987.00
78,2026-02-28,16,159984.00
78,2026-03-01,15,149985.00
78,2026-03-02,13,129987.00
78,2026-03-03,13,129987.00
78,2026-03-04,13,129987.00
78,2026-03-05,13,129987.00
78,2026-03-06,13,129987.00
78,2026-03-07,16,159984.00
78,2026-03-08,15,149985.00
78,2026-03-09,13,129987.00
78,2026-03-10,13,129987.00
78,2026-03-11,13,129987.00
78,2026-03-12,13,129987.00
78,2026-03-13,13,129987.00
78,2026-03-14,16,159984.00
78,2026-03-15,15,149985.00
78,2026-03-16,13,129987.00
78,2026-03-17,13,129987.00
78,2026-03-18,13,129987.00
78,2026-03-19,13,129987.00
78,2026-03-20,13,129987.00
78,2026-03-21,16,159984.00
78,2026-03-22,15,149985.00
78,2026-03-23,13,129987.00
78,2026-03-24,13,129987.00
78,2026-03-25,13,129987.00
78,2026-03-26,13,129987.00
78,2026-03-27,13,129987.00
78,2026-03-28,16,159984.00
78,2026-03-29,15,149985.00
78,2026-03-30,13,129987.00
78,2026-03-31,13,129987.00
78,2026-04-01,13,129987.00
78,2026-04-02,13,129987.00
78,2026-04-03,13,129987.00
78,2026-04-04,16,159984.00
78,2026-04-05,15,149985.00
78,2026-04-06,13,129987.00
78,2026-04-07,13,129987.00
78,2026-04-08,13,129987.00
78,2026-04-09,13,129987.00
78,2026-04-10,13,129987.00
78,2026-04-11,16,159984.00
78,2026-04-12,15,149985.00
78,2026-04-13,13,129987.00
78,2026-04-14,13,129987.00
78,2026-04-15,13,129987.00
78,2026-04-16,13,129987.00
78,2026-04-17,13,129987.00
78,2026-04-18,16,159984.00
78,2026-04-19,15,149985.00
78,2026-04-20,13,129987.00
78,2026-04-21,13,129987.00
78,2026-04-22,13,129987.00
78,2026-04-23,13,129987.00
78,2026-04-24,13,129987.00
78,2026-04-25,16,159984.00
78,2026-04-26,15,149985.00
78,2026-04-27,13,129987.00
78,2026-04-28,13,129987.00
78,2026-04-29,13,129987.00
78,2026-04-30,13,129987.00
78,2026-05-01,13,129987.00
78,2026-05-02,16,159984.00
78,2026-05-03,15,149985.00
78,2026-05-04,13,129987.00
78,2026-05-05,13,129987.00
78,2026-05-06,13,129987.00
78,2026-05-07,13,129987.00
78,2026-05-08,13,129987.00
78,2026-05-09,16,159984.00
78,2026-05-10,15,149985.00
78,2026-05-11,13,129987.00
78,2026-05-12,13,129987.00
78,2026-05-13,13,129987.00
78,2026-05-14,13,129987.00
78,2026-05-15,13,129987.00
78,2026-05-16,16,159984.00
78,2026-05-17,15,149985.00
78,2026-05-18,13,129987.00
78,2026-05-19,13,129987.00
78,2026-05-20,13,129987.00
78,2026-05-21,13,129987.00
78,2026-05-22,13,129987.00
78,2026-05-23,16,159984.00
78,2026-05-24,15,149985.00
78,2026-05-25,13,129987.00
78,2026-05-26,13,129987.00
78,2026-05-27,13,129987.00
78,2026-05-28,13,129987.00
78,2026-05-29,13,129987.00
78,2026-05-30,16,159984.00
78,2026-05-31,15,149985.00
78,2026-06-01,13,129987.00
78,2026-06-02,13,129987.00
78,2026-06-03,13,129987.00
78,2026-06-04,13,129987.00
78,2026-06-05,13,129987.00
78,2026-06-06,16,159984.00
78,2026-06-07,15,149985.00
78,2026-06-08,13,129987.00
78,2026-06-09,13,129987.00
78,2026-06-10,13,129987.00
78,2026-06-11,13,129987.00
78,2026-06-12,13,129987.00
78,2026-06-13,16,159984.00
78,2026-06-14,15,149985.00
78,2026-06-15,13,129987.00
78,2026-06-16,13,129987.00
78,2026-06-17,13,129987.00
78,2026-06-18,13,129987.00
78,2026-06-19,13,129987.00
78,2026-06-20,16,159984.00
78,2026-06-21,15,149985.00
78,2026-06-22,13,129987.00
78,2026-06-23,13,129987.00
78,2026-06-24,13,129987.00
78,2026-06-25,13,129987.00
78,2026-06-26,13,129987.00
78,2026-06-27,16,159984.00
78,2026-06-28,15,149985.00
78,2026-06-29,13,129987.00
78,2026-06-30,13,129987.00
78,2026-07-01,13,129987.00
78,2026-07-02,13,129987.00
78,2026-07-03,13,129987.00
78,2026-07-04,16,159984.00
78,2026-07-05,15,149985.00
78,2026-07-06,13,129987.00
78,2026-07-07,13,129987.00
78,2026-07-08,13,129987.00
78,2026-07-09,13,129987.00
78,2026-07-10,13,129987.00
78,2026-07-11,16,159984.00
78,2026-07-12,15,149985.00
78,2026-07-13,13,129987.00
78,2026-07-14,13,129987.00
78,2026-07-15,13,129987.00
78,2026-07-16,13,129987.00
78,2026-07-17,13,129987.00
78,2026-07-18,16,159984.00
78,2026-07-19,15,149985.00
78,2026-07-20,13,129987.00
78,2026-07-21,13,129987.00
78,2026-07-22,13,129987.00
78,2026-07-23,13,129987.00
78,2026-07-24,13,129987.00
78,2026-07-25,16,159984.00
78,2026-07-26,15,149985.00
78,2026-07-27,13,129987.00
78,2026-07-28,13,129987.00
78,2026-07-29,13,129987.00
78,2026-07-30,13,129987.00
78,2026-07-31,13,129987.00
78,2026-08-01,16,159984.00
78,2026-08-02,15,149985.00
78,2026-08-03,13,129987.00
78,2026-08-04,13,129987.00
78,2026-08-05,13,129987.00
78,2026-08-06,13,129987.00
78,2026-08-07,13,129987.00
78,2026-08-08,16,159984.00
78,2026-08-09,15,149985.00
78,2026-08-10,13,129987.00
78,2026-08-11,13,129987.00
78,2026-08-12,13,129987.00
78,2026-08-13,13,129987.00
78,2026-08-14,13,129987.00
78,2026-08-15,16,159984.00
78,2026-08-16,15,149985.00
78,2026-08-17,13,129987.00
78,2026-08-18,13,129987.00
78,2026-08-19,13,129987.00
78,2026-08-20,13,129987.00
78,2026-08-21,13,129987.00
78,2026-08-22,16,159984.00
78,2026-08-23,15,149985.00
78,2026-08-24,13,129987.00
78,2026-08-25,13,129987.00
78,2026-08-26,13,129987.00
78,2026-08-27,13,129987.00
78,2026-08-28,13,129987.00
78,2026-08-29,16,159984.00
78,2026-08-30,15,149985.00
78,2026-08-31,13,129987.00
78,2026-09-01,13,129987.00
78,2026-09-02,13,129987.00
78,2026-09-03,13,129987.00
78,2026-09-04,13,129987.00
78,2026-09-05,16,159984.00
78,2026-09-06,15,149985.00
78,2026-09-07,13,129987.00
78,2026-09-08,13,129987.00
78,2026-09-09,13,129987.00
78,2026-09-10,13,129987.00
78,2026-09-11,13,129987.00
78,2026-09-12,16,159984.00
78,2026-09-13,15,149985.00
78,2026-09-14,13,129987.00
78,2026-09-15,13,129987.00
78,2026-09-16,13,129987.00
78,2026-09-17,13,129987.00
78,2026-09-18,13,129987.00
78,2026-09-19,16,159984.00
78,2026-09-20,15,149985.00
78,2026-09-21,13,129987.00
78,2026-09-22,13,129987.00
78,2026-09-23,13,129987.00
78,2026-09-24,13,129987.00
78,2026-09-25,13,129987.00
78,2026-09-26,16,159984.00
78,2026-09-27,15,149985.00
78,2026-09-28,13,129987.00
78,2026-09-29,13,129987.00
79,2025-09-30,6,101994.00
79,2025-10-01,7,118993.00
79,2025-10-02,7,118993.00
79,2025-10-03,7,118993.00
79,2025-10-04,9,152991.00
79,2025-10-05,8,135992.00
79,2025-10-06,7,118993.00
79,2025-10-07,7,118993.00
79,2025-10-08,7,118993.00
79,2025-10-09,7,118993.00
79,2025-10-10,7,118993.00
79,2025-10-11,9,152991.00
79,2025-10-12,8,135992.00
79,2025-10-13,7,118993.00
79,2025-10-14,7,118993.00
79,2025-10-15,7,118993.00
79,2025-10-16,7,118993.00
79,2025-10-17,7,118993.00
79,2025-10-18,9,152991.00
79,2025-10-19,8,135992.00
79,2025-10-20,7,118993.00
79,2025-10-21,7,118993.00
79,2025-10-22,7,118993.00
79,2025-10-23,7,118993.00
79,2025-10-24,7,118993.00
79,2025-10-25,9,152991.00
79,2025-10-26,8,135992.00
79,2025-10-27,7,118993.00
79,2025-10-28,7,118993.00
79,2025-10-29,7,118993.00
79,2025-10-30,7,118993.00
79,2025-10-31,7,118993.00
79,2025-11-01,9,152991.00
79,2025-11-02,8,135992.00
79,2025-11-03,7,118993.00
79,2025-11-04,7,118993.00
79,2025-11-05,7,118993.00
79,2025-11-06,7,118993.00
79,2025-11-07,7,118993.00
79,2025-11-08,9,152991.00
79,2025-11-09,8,135992.00
79,2025-11-10,7,118993.00
79,2025-11-11,7,118993.00
79,2025-11-12,7,118993.00
79,2025-11-13,7,118993.00
79,2025-11-14,7,118993.00
79,2025-11-15,9,152991.00
79,2025-11-16,8,135992.00
79,2025-11-17,7,118993.00
79,2025-11-18,7,118993.00
79,2025-11-19,7,118993.00
79,2025-11-20,7,118993.00
79,2025-11-21,7,118993.00
79,2025-11-22,9,152991.00
79,2025-11-23,8,135992.00
79,2025-11-24,7,118993.00
79,2025-11-25,7,118993.00
79,2025-11-26,7,118993.00
79,2025-11-27,7,118993.00
79,2025-11-28,7,118993.00
79,2025-11-29,9,152991.00
79,2025-11-30,8,135992.00
79,2025-12-01,6,101994.00
79,2025-12-02,6,101994.00
79,2025-12-03,6,101994.00
79,2025-12-04,6,101994.00
79,2025-12-05,6,101994.00
79,2025-12-06,7,118993.00
79,2025-12-07,7,118993.00
79,2025-12-08,6,101994.00
79,2025-12-09,6,101994.00
79,2025-12-10,6,101994.00
79,2025-12-11,6,101994.00
79,2025-12-12,6,101994.00
79,2025-12-13,7,118993.00
79,2025-12-14,7,118993.00
79,2025-12-15,6,101994.00
79,2025-12-16,6,101994.00
79,2025-12-17,6,101994.00
79,2025-12-18,6,101994.00
79,2025-12-19,6,101994.00
79,2025-12-20,7,118993.00
79,2025-12-21,7,118993.00
79,2025-12-22,6,101994.00
79,2025-12-23,6,101994.00
79,2025-12-24,6,101994.00
79,2025-12-25,6,101994.00
79,2025-12-26,6,101994.00
79,2025-12-27,7,118993.00
79,2025-12-28,7,118993.00
79,2025-12-29,6,101994.00
79,2025-12-30,6,101994.00
79,2025-12-31,6,101994.00
79,2026-01-01,6,101994.00
79,2026-01-02,6,101994.00
79,2026-01-03,7,118993.00
79,2026-01-04,7,118993.00
79,2026-01-05,6,101994.00
79,2026-01-06,6,101994.00
79,2026-01-07,6,101994.00
79,2026-01-08,6,101994.00
79,2026-01-09,6,101994.00
79,2026-01-10,7,118993.00
79,2026-01-11,7,118993.00
79,2026-01-12,6,101994.00
79,2026-01-13,6,101994.00
79,2026-01-14,6,101994.00
79,2026-01-15,6,101994.00
79,2026-01-16,6,101994.00
79,2026-01-17,7,118993.00
79,2026-01-18,7,118993.00
79,2026-01-19,6,101994.00
79,2026-01-20,6,101994.00
79,2026-01-21,6,101994.00
79,2026-01-22,6,101994.00
79,2026-01-23,6,101994.00
79,2026-01-24,7,118993.00
79,2026-01-25,7,118993.00
79,2026-01-26,6,101994.00
79,2026-01-27,6,101994.00
79,2026-01-28,6,101994.00
79,2026-01-29,6,101994.00
79,2026-01-30,6,101994.00
79,2026-01-31,7,118993.00
79,2026-02-01,7,118993.00
79,2026-02-02,6,101994.00
79,2026-02-03,6,101994.00
79,2026-02-04,6,101994.00
79,2026-02-05,6,101994.00
79,2026-02-06,6,101994.00
79,2026-02-07,7,118993.00
79,2026-02-08,7,118993.00
79,2026-02-09,6,101994.00
79,2026-02-10,6,101994.00
79,2026-02-11,6,101994.00
79,2026-02-12,6,101994.00
79,2026-02-13,6,101994.00
79,2026-02-14,7,118993.00
79,2026-02-15,7,118993.00
79,2026-02-16,6,101994.00
79,2026-02-17,6,101994.00
79,2026-02-18,6,101994.00
79,2026-02-19,6,101994.00
79,2026-02-20,6,101994.00
79,2026-02-21,7,118993.00
79,2026-02-22,7,118993.00
79,2026-02-23,6,101994.00
79,2026-02-24,6,101994.00
79,2026-02-25,6,101994.00
79,2026-02-26,6,101994.00
79,2026-02-27,6,101994.00
79,2026-02-28,7,118993.00
79,2026-03-01,7,118993.00
79,2026-03-02,6,101994.00
79,2026-03-03,6,101994.00
79,2026-03-04,6,101994.00
79,2026-03-05,6,101994.00
79,2026-03-06,6,101994.00
79,2026-03-07,7,118993.00
79,2026-03-08,7,118993.00
79,2026-03-09,6,101994.00
79,2026-03-10,6,101994.00
79,2026-03-11,6,101994.00
79,2026-03-12,6,101994.00
79,2026-03-13,6,101994.00
79,2026-03-14,7,118993.00
79,2026-03-15,7,118993.00
79,2026-03-16,6,101994.00
79,2026-03-17,6,101994.00
79,2026-03-18,6,101994.00
79,2026-03-19,6,101994.00
79,2026-03-20,6,101994.00
79,2026-03-21,7,118993.00
79,2026-03-22,7,118993.00
79,2026-03-23,6,101994.00
79,2026-03-24,6,101994.00
79,2026-03-25,6,101994.00
79,2026-03-26,6,101994.00
79,2026-03-27,6,101994.00
79,2026-03-28,7,118993.00
79,2026-03-29,7,118993.00
79,2026-03-30,6,101994.00
79,2026-03-31,6,101994.00
79,2026-04-01,6,101994.00
79,2026-04-02,6,101994.00
79,2026-04-03,6,101994.00
79,2026-04-04,7,118993.00
79,2026-04-05,7,118993.00
79,2026-04-06,6,101994.00
79,2026-04-07,6,101994.00
79,2026-04-08,6,101994.00
79,2026-04-09,6,101994.00
79,2026-04-10,6,101994.00
79,2026-04-11,7,118993.00
79,2026-04-12,7,118993.00
79,2026-04-13,6,101994.00
79,2026-04-14,6,101994.00
79,2026-04-15,6,101994.00
79,2026-04-16,6,101994.00
79,2026-04-17,6,101994.00
79,2026-04-18,7,118993.00
79,2026-04-19,7,118993.00
79,2026-04-20,6,101994.00
79,2026-04-21,6,101994.00
79,2026-04-22,6,101994.00
79,2026-04-23,6,101994.00
79,2026-04-24,6,101994.00
79,2026-04-25,7,118993.00
79,2026-04-26,7,118993.00
79,2026-04-27,6,101994.00
79,2026-04-28,6,101994.00
79,2026-04-29,6,101994.00
79,2026-04-30,6,101994.00
79,2026-05-01,6,101994.00
79,2026-05-02,7,118993.00
79,2026-05-03,7,118993.00
79,2026-05-04,6,101994.00
79,2026-05-05,6,101994.00
79,2026-05-06,6,101994.00
79,2026-05-07,6,101994.00
79,2026-05-08,6,101994.00
79,2026-05-09,7,118993.00
79,2026-05-10,7,118993.00
79,2026-05-11,6,101994.00
79,2026-05-12,6,101994.00
79,2026-05-13,6,101994.00
79,2026-05-14,6,101994.00
79,2026-05-15,6,101994.00
79,2026-05-16,7,118993.00
79,2026-05-17,7,118993.00
79,2026-05-18,6,101994.00
79,2026-05-19,6,101994.00
79,2026-05-20,6,101994.00
79,2026-05-21,6,101994.00
79,2026-05-22,6,101994.00
79,2026-05-23,7,118993.00
79,2026-05-24,7,118993.00
79,2026-05-25,6,101994.00
79,2026-05-26,6,101994.00
79,2026-05-27,6,101994.00
79,2026-05-28,6,101994.00
79,2026-05-29,6,101994.00
79,2026-05-30,7,118993.00
79,2026-05-31,7,118993.00
79,2026-06-01,6,101994.00
79,2026-06-02,6,101994.00
79,2026-06-03,6,101994.00
79,2026-06-04,6,101994.00
79,2026-06-05,6,101994.00
79,2026-06-06,7,118993.00
79,2026-06-07,7,118993.00
79,2026-06-08,6,101994.00
79,2026-06-09,6,101994.00
79,2026-06-10,6,101994.00
79,2026-06-11,6,101994.00
79,2026-06-12,6,101994.00
79,2026-06-13,7,118993.00
79,2026-06-14,7,118993.00
79,2026-06-15,6,101994.00
79,2026-06-16,6,101994.00
79,2026-06-17,6,101994.00
79,2026-06-18,6,101994.00
79,2026-06-19,6,101994.00
79,2026-06-20,7,118993.00
79,2026-06-21,7,118993.00
79,2026-06-22,6,101994.00
79,2026-06-23,6,101994.00
79,2026-06-24,6,101994.00
79,2026-06-25,6,101994.00
79,2026-06-26,6,101994.00
79,2026-06-27,7,118993.00
79,2026-06-28,7,118993.00
79,2026-06-29,6,101994.00
79,2026-06-30,6,101994.00
79,2026-07-01,6,101994.00
79,2026-07-02,6,101994.00
79,2026-07-03,6,101994.00
79,2026-07-04,7,118993.00
79,2026-07-05,7,118993.00
79,2026-07-06,6,101994.00
79,2026-07-07,6,101994.00
79,2026-07-08,6,101994.00
79,2026-07-09,6,101994.00
79,2026-07-10,6,101994.00
79,2026-07-11,7,118993.00
79,2026-07-12,7,118993.00
79,2026-07-13,6,101994.00
79,2026-07-14,6,101994.00
79,2026-07-15,6,101994.00
79,2026-07-16,6,101994.00
79,2026-07-17,6,101994.00
79,2026-07-18,7,118993.00
79,2026-07-19,7,118993.00
79,2026-07-20,6,101994.00
79,2026-07-21,6,101994.00
79,2026-07-22,6,101994.00
79,2026-07-23,6,101994.00
79,2026-07-24,6,101994.00
79,2026-07-25,7,118993.00
79,2026-07-26,7,118993.00
79,2026-07-27,6,101994.00
79,2026-07-28,6,101994.00
79,2026-07-29,6,101994.00
79,2026-07-30,6,101994.00
79,2026-07-31,6,101994.00
79,2026-08-01,7,118993.00
79,2026-08-02,7,118993.00
79,2026-08-03,6,101994.00
79,2026-08-04,6,101994.00
79,2026-08-05,6,101994.00
79,2026-08-06,6,101994.00
79,2026-08-07,6,101994.00
79,2026-08-08,7,118993.00
79,2026-08-09,7,118993.00
79,2026-08-10,6,101994.00
79,2026-08-11,6,101994.00
79,2026-08-12,6,101994.00
79,2026-08-13,6,101994.00
79,2026-08-14,6,101994.00
79,2026-08-15,7,118993.00
79,2026-08-16,7,118993.00
79,2026-08-17,6,101994.00
79,2026-08-18,6,101994.00
79,2026-08-19,6,101994.00
79,2026-08-20,6,101994.00
79,2026-08-21,6,101994.00
79,2026-08-22,7,118993.00
79,2026-08-23,7,118993.00
79,2026-08-24,6,101994.00
79,2026-08-25,6,101994.00
79,2026-08-26,6,101994.00
79,2026-08-27,6,101994.00
79,2026-08-28,6,101994.00
79,2026-08-29,7,118993.00
79,2026-08-30,7,118993.00
79,2026-08-31,6,101994.00
79,2026-09-01,6,101994.00
79,2026-09-02,6,101994.00
79,2026-09-03,6,101994.00
79,2026-09-04,6,101994.00
79,2026-09-05,7,118993.00
79,2026-09-06,7,118993.00
79,2026-09-07,6,101994.00
79,2026-09-08,6,101994.00
79,2026-09-09,6,101994.00
79,2026-09-10,6,101994.00
79,2026-09-11,6,101994.00
79,2026-09-12,7,118993.00
79,2026-09-13,7,118993.00
79,2026-09-14,6,101994.00
79,2026-09-15,6,101994.00
79,2026-09-16,6,101994.00
79,2026-09-17,6,101994.00
79,2026-09-18,6,101994.00
79,2026-09-19,7,118993.00
79,2026-09-20,7,118993.00
79,2026-09-21,6,101994.00
79,2026-09-22,6,101994.00
79,2026-09-23,6,101994.00
79,2026-09-24,6,101994.00
79,2026-09-25,6,101994.00
79,2026-09-26,7,118993.00
79,2026-09-27,7,118993.00
79,2026-09-28,6,101994.00
79,2026-09-29,6,101994.00
80,2025-09-30,10,399990.00
80,2025-10-01,12,479988.00
80,2025-10-02,12,479988.00
80,2025-10-03,12,479988.00
80,2025-10-04,14,559986.00
80,2025-10-05,14,559986.00
80,2025-10-06,12,479988.00
80,2025-10-07,12,479988.00
80,2025-10-08,12,479988.00
80,2025-10-09,12,479988.00
80,2025-10-10,12,479988.00
80,2025-10-11,14,559986.00
80,2025-10-12,14,559986.00
80,2025-10-13,12,479988.00
80,2025-10-14,12,479988.00
80,2025-10-15,12,479988.00
80,2025-10-16,12,479988.00
80,2025-10-17,12,479988.00
80,2025-10-18,14,559986.00
80,2025-10-19,14,559986.00
80,2025-10-20,12,479988.00
80,2025-10-21,12,479988.00
80,2025-10-22,12,479988.00
80,2025-10-23,12,479988.00
80,2025-10-24,12,479988.00
80,2025-10-25,14,559986.00
80,2025-10-26,14,559986.00
80,2025-10-27,12,479988.00
80,2025-10-28,12,479988.00
80,2025-10-29,12,479988.00
80,2025-10-30,12,479988.00
80,2025-10-31,12,479988.00
80,2025-11-01,14,559986.00
80,2025-11-02,14,559986.00
80,2025-11-03,12,479988.00
80,2025-11-04,12,479988.00
80,2025-11-05,12,479988.00
80,2025-11-06,12,479988.00
80,2025-11-07,12,479988.00
80,2025-11-08,14,559986.00
80,2025-11-09,14,559986.00
80,2025-11-10,12,479988.00
80,2025-11-11,12,479988.00
80,2025-11-12,12,479988.00
80,2025-11-13,12,479988.00
80,2025-11-14,12,479988.00
80,2025-11-15,14,559986.00
80,2025-11-16,14,559986.00
80,2025-11-17,12,479988.00
80,2025-11-18,12,479988.00
80,2025-11-19,12,479988.00
80,2025-11-20,12,479988.00
80,2025-11-21,12,479988.00
80,2025-11-22,14,559986.00
80,2025-11-23,14,559986.00
80,2025-11-24,12,479988.00
80,2025-11-25,12,479988.00
80,2025-11-26,12,479988.00
80,2025-11-27,12,479988.00
80,2025-11-28,12,479988.00
80,2025-11-29,14,559986.00
80,2025-11-30,14,559986.00
80,2025-12-01,10,399990.00
80,2025-12-02,10,399990.00
80,2025-12-03,10,399990.00
80,2025-12-04,10,399990.00
80,2025-12-05,10,399990.00
80,2025-12-06,12,479988.00
80,2025-12-07,11,439989.00
80,2025-12-08,10,399990.00
80,2025-12-09,10,399990.00
80,2025-12-10,10,399990.00
80,2025-12-11,10,399990.00
80,2025-12-12,10,399990.00
80,2025-12-13,12,479988.00
80,2025-12-14,11,439989.00
80,2025-12-15,10,399990.00
80,2025-12-16,10,399990.00
80,2025-12-17,10,399990.00
80,2025-12-18,10,399990.00
80,2025-12-19,10,399990.00
80,2025-12-20,12,479988.00
80,2025-12-21,11,439989.00
80,2025-12-22,10,399990.00
80,2025-12-23,10,399990.00
80,2025-12-24,10,399990.00
80,2025-12-25,10,399990.00
80,2025-12-26,10,399990.00
80,2025-12-27,12,479988.00
80,2025-12-28,11,439989.00
80,2025-12-29,10,399990.00
80,2025-12-30,10,399990.00
80,2025-12-31,10,399990.00
80,2026-01-01,10,399990.00
80,2026-01-02,10,399990.00
80,2026-01-03,12,479988.00
80,2026-01-04,11,439989.00
80,2026-01-05,10,399990.00
80,2026-01-06,10,399990.00
80,2026-01-07,10,399990.00
80,2026-01-08,10,399990.00
80,2026-01-09,10,399990.00
80,2026-01-10,12,479988.00
80,2026-01-11,11,439989.00
80,2026-01-12,10,399990.00
80,2026-01-13,10,399990.00
80,2026-01-14,10,399990.00
80,2026-01-15,10,399990.00
80,2026-01-16,10,399990.00
80,2026-01-17,12,479988.00
80,2026-01-18,11,439989.00
80,2026-01-19,10,399990.00
80,2026-01-20,10,399990.00
80,2026-01-21,10,399990.00
80,2026-01-22,10,399990.00
80,2026-01-23,10,399990.00
80,2026-01-24,12,479988.00
80,2026-01-25,11,439989.00
80,2026-01-26,10,399990.00
80,2026-01-27,10,399990.00
80,2026-01-28,10,399990.00
80,2026-01-29,10,399990.00
80,2026-01-30,10,399990.00
80,2026-01-31,12,479988.00
80,2026-02-01,11,439989.00
80,2026-02-02,10,399990.00
80,2026-02-03,10,399990.00
80,2026-02-04,10,399990.00
80,2026-02-05,10,399990.00
80,2026-02-06,10,399990.00
80,2026-02-07,12,479988.00
80,2026-02-08,11,439989.00
80,2026-02-09,10,399990.00
80,2026-02-10,10,399990.00
80,2026-02-11,10,399990.00
80,2026-02-12,10,399990.00
80,2026-02-13,10,399990.00
80,2026-02-14,12,479988.00
80,2026-02-15,11,439989.00
80,2026-02-16,10,399990.00
80,2026-02-17,10,399990.00
80,2026-02-18,10,399990.00
80,2026-02-19,10,399990.00
80,2026-02-20,10,399990.00
80,2026-02-21,12,479988.00
80,2026-02-22,11,439989.00
80,2026-02-23,10,399990.00
80,2026-02-24,10,399990.00
80,2026-02-25,10,399990.00
80,2026-02-26,10,399990.00
80,2026-02-27,10,399990.00
80,2026-02-28,12,479988.00
80,2026-03-01,11,439989.00
80,2026-03-02,10,399990.00
80,2026-03-03,10,399990.00
80,2026-03-04,10,399990.00
80,2026-03-05,10,399990.00
80,2026-03-06,10,399990.00
80,2026-03-07,12,479988.00
80,2026-03-08,11,439989.00
80,2026-03-09,10,399990.00
80,2026-03-10,10,399990.00
80,2026-03-11,10,399990.00
80,2026-03-12,10,399990.00
80,2026-03-13,10,399990.00
80,2026-03-14,12,479988.00
80,2026-03-15,11,439989.00
80,2026-03-16,10,399990.00
80,2026-03-17,10,399990.00
80,2026-03-18,10,399990.00
80,2026-03-19,10,399990.00
80,2026-03-20,10,399990.00
80,2026-03-21,12,479988.00
80,2026-03-22,11,439989.00
80,2026-03-23,10,399990.00
80,2026-03-24,10,399990.00
80,2026-03-25,10,399990.00
80,2026-03-26,10,399990.00
80,2026-03-27,10,399990.00
80,2026-03-28,12,479988.00
80,2026-03-29,11,439989.00
80,2026-03-30,10,399990.00
80,2026-03-31,10,399990.00
80,2026-04-01,10,399990.00
80,2026-04-02,10,399990.00
80,2026-04-03,10,399990.00
80,2026-04-04,12,479988.00
80,2026-04-05,11,439989.00
80,2026-04-06,10,399990.00
80,2026-04-07,10,399990.00
80,2026-04-08,10,399990.00
80,2026-04-09,10,399990.00
80,2026-04-10,10,399990.00
80,2026-04-11,12,479988.00
80,2026-04-12,11,439989.00
80,2026-04-13,10,399990.00
80,2026-04-14,10,399990.00
80,2026-04-15,10,399990.00
80,2026-04-16,10,399990.00
80,2026-04-17,10,399990.00
80,2026-04-18,12,479988.00
80,2026-04-19,11,439989.00
80,2026-04-20,10,399990.00
80,2026-04-21,10,399990.00
80,2026-04-22,10,399990.00
80,2026-04-23,10,399990.00
80,2026-04-24,10,399990.00
80,2026-04-25,12,479988.00
80,2026-04-26,11,439989.00
80,2026-04-27,10,399990.00
80,2026-04-28,10,399990.00
80,2026-04-29,10,399990.00
80,2026-04-30,10,399990.00
80,2026-05-01,10,399990.00
80,2026-05-02,12,479988.00
80,2026-05-03,11,439989.00
80,2026-05-04,10,399990.00
80,2026-05-05,10,399990.00
80,2026-05-06,10,399990.00
80,2026-05-07,10,399990.00
80,2026-05-08,10,399990.00
80,2026-05-09,12,479988.00
80,2026-05-10,11,439989.00
80,2026-05-11,10,399990.00
80,2026-05-12,10,399990.00
80,2026-05-13,10,399990.00
80,2026-05-14,10,399990.00
80,2026-05-15,10,399990.00
80,2026-05-16,12,479988.00
80,2026-05-17,11,439989.00
80,2026-05-18,10,399990.00
80,2026-05-19,10,399990.00
80,2026-05-20,10,399990.00
80,2026-05-21,10,399990.00
80,2026-05-22,10,399990.00
80,2026-05-23,12,479988.00
80,2026-05-24,11,439989.00
80,2026-05-25,10,399990.00
80,2026-05-26,10,399990.00
80,2026-05-27,10,399990.00
80,2026-05-28,10,399990.00
80,2026-05-29,10,399990.00
80,2026-05-30,12,479988.00
80,2026-05-31,11,439989.00
80,2026-06-01,11,439989.00
80,2026-06-02,11,439989.00
80,2026-06-03,11,439989.00
80,2026-06-04,11,439989.00
80,2026-06-05,11,439989.00
80,2026-06-06,13,519987.00
80,2026-06-07,13,519987.00
80,2026-06-08,11,439989.00
80,2026-06-09,11,439989.00
80,2026-06-10,11,439989.00
80,2026-06-11,11,439989.00
80,2026-06-12,11,439989.00
80,2026-06-13,13,519987.00
80,2026-06-14,13,519987.00
80,2026-06-15,11,439989.00
80,2026-06-16,11,439989.00
80,2026-06-17,11,439989.00
80,2026-06-18,11,439989.00
80,2026-06-19,11,439989.00
80,2026-06-20,13,519987.00
80,2026-06-21,13,519987.00
80,2026-06-22,11,439989.00
80,2026-06-23,11,439989.00
80,2026-06-24,11,439989.00
80,2026-06-25,11,439989.00
80,2026-06-26,11,439989.00
80,2026-06-27,13,519987.00
80,2026-06-28,13,519987.00
80,2026-06-29,11,439989.00
80,2026-06-30,11,439989.00
80,2026-07-01,11,439989.00
80,2026-07-02,11,439989.00
80,2026-07-03,11,439989.00
80,2026-07-04,13,519987.00
80,2026-07-05,13,519987.00
80,2026-07-06,11,439989.00
80,2026-07-07,11,439989.00
80,2026-07-08,11,439989.00
80,2026-07-09,11,439989.00
80,2026-07-10,11,439989.00
80,2026-07-11,13,519987.00
80,2026-07-12,13,519987.00
80,2026-07-13,11,439989.00
80,2026-07-14,11,439989.00
80,2026-07-15,11,439989.00
80,2026-07-16,11,439989.00
80,2026-07-17,11,439989.00
80,2026-07-18,13,519987.00
80,2026-07-19,13,519987.00
80,2026-07-20,11,439989.00
80,2026-07-21,11,439989.00
80,2026-07-22,11,439989.00
80,2026-07-23,11,439989.00
80,2026-07-24,11,439989.00
80,2026-07-25,13,519987.00
80,2026-07-26,13,519987.00
80,2026-07-27,11,439989.00
80,2026-07-28,11,439989.00
80,2026-07-29,11,439989.00
80,2026-07-30,11,439989.00
80,2026-07-31,11,439989.00
80,2026-08-01,12,479988.00
80,2026-08-02,11,439989.00
80,2026-08-03,10,399990.00
80,2026-08-04,10,399990.00
80,2026-08-05,10,399990.00
80,2026-08-06,10,399990.00
80,2026-08-07,10,399990.00
80,2026-08-08,12,479988.00
80,2026-08-09,11,439989.00
80,2026-08-10,10,399990.00
80,2026-08-11,10,399990.00
80,2026-08-12,10,399990.00
80,2026-08-13,10,399990.00
80,2026-08-14,10,399990.00
80,2026-08-15,12,479988.00
80,2026-08-16,11,439989.00
80,2026-08-17,10,399990.00
80,2026-08-18,10,399990.00
80,2026-08-19,10,399990.00
80,2026-08-20,10,399990.00
80,2026-08-21,10,399990.00
80,2026-08-22,12,479988.00
80,2026-08-23,11,439989.00
80,2026-08-24,10,399990.00
80,2026-08-25,10,399990.00
80,2026-08-26,10,399990.00
80,2026-08-27,10,399990.00
80,2026-08-28,10,399990.00
80,2026-08-29,12,479988.00
80,2026-08-30,11,439989.00
80,2026-08-31,10,399990.00
80,2026-09-01,10,399990.00
80,2026-09-02,10,399990.00
80,2026-09-03,10,399990.00
80,2026-09-04,10,399990.00
80,2026-09-05,12,479988.00
80,2026-09-06,11,439989.00
80,2026-09-07,10,399990.00
80,2026-09-08,10,399990.00
80,2026-09-09,10,399990.00
80,2026-09-10,10,399990.00
80,2026-09-11,10,399990.00
80,2026-09-12,12,479988.00
80,2026-09-13,11,439989.00
80,2026-09-14,10,399990.00
80,2026-09-15,10,399990.00
80,2026-09-16,10,399990.00
80,2026-09-17,10,399990.00
80,2026-09-18,10,399990.00
80,2026-09-19,12,479988.00
80,2026-09-20,11,439989.00
80,2026-09-21,10,399990.00
80,2026-09-22,10,399990.00
80,2026-09-23,10,399990.00
80,2026-09-24,10,399990.00
80,2026-09-25,10,399990.00
80,2026-09-26,12,479988.00
80,2026-09-27,11,439989.00
80,2026-09-28,10,399990.00
80,2026-09-29,10,399990.00
81,2025-09-30,11,494989.00
81,2025-10-01,13,584987.00
81,2025-10-02,13,584987.00
81,2025-10-03,13,584987.00
81,2025-10-04,16,719984.00
81,2025-10-05,15,674985.00
81,2025-10-06,13,584987.00
81,2025-10-07,13,584987.00
81,2025-10-08,13,584987.00
81,2025-10-09,13,584987.00
81,2025-10-10,13,584987.00
81,2025-10-11,16,719984.00
81,2025-10-12,15,674985.00
81,2025-10-13,13,584987.00
81,2025-10-14,13,584987.00
81,2025-10-15,13,584987.00
81,2025-10-16,13,584987.00
81,2025-10-17,13,584987.00
81,2025-10-18,16,719984.00
81,2025-10-19,15,674985.00
81,2025-10-20,13,584987.00
81,2025-10-21,13,584987.00
81,2025-10-22,13,584987.00
81,2025-10-23,13,584987.00
81,2025-10-24,13,584987.00
81,2025-10-25,16,719984.00
81,2025-10-26,15,674985.00
81,2025-10-27,13,584987.00
81,2025-10-28,13,584987.00
81,2025-10-29,13,584987.00
81,2025-10-30,13,584987.00
81,2025-10-31,13,584987.00
81,2025-11-01,16,719984.00
81,2025-11-02,15,674985.00
81,2025-11-03,13,584987.00
81,2025-11-04,13,584987.00
81,2025-11-05,13,584987.00
81,2025-11-06,13,584987.00
81,2025-11-07,13,584987.00
81,2025-11-08,16,719984.00
81,2025-11-09,15,674985.00
81,2025-11-10,13,584987.00
81,2025-11-11,13,584987.00
81,2025-11-12,13,584987.00
81,2025-11-13,13,584987.00
81,2025-11-14,13,584987.00
81,2025-11-15,16,719984.00
81,2025-11-16,15,674985.00
81,2025-11-17,13,584987.00
81,2025-11-18,13,584987.00
81,2025-11-19,13,584987.00
81,2025-11-20,13,584987.00
81,2025-11-21,13,584987.00
81,2025-11-22,16,719984.00
81,2025-11-23,15,674985.00
81,2025-11-24,13,584987.00
81,2025-11-25,13,584987.00
81,2025-11-26,13,584987.00
81,2025-11-27,13,584987.00
81,2025-11-28,13,584987.00
81,2025-11-29,16,719984.00
81,2025-11-30,15,674985.00
81,2025-12-01,11,494989.00
81,2025-12-02,11,494989.00
81,2025-12-03,11,494989.00
81,2025-12-04,11,494989.00
81,2025-12-05,11,494989.00
81,2025-12-06,13,584987.00
81,2025-12-07,12,539988.00
81,2025-12-08,11,494989.00
81,2025-12-09,11,494989.00
81,2025-12-10,11,494989.00
81,2025-12-11,11,494989.00
81,2025-12-12,11,494989.00
81,2025-12-13,13,584987.00
81,2025-12-14,12,539988.00
81,2025-12-15,11,494989.00
81,2025-12-16,11,494989.00
81,2025-12-17,11,494989.00
81,2025-12-18,11,494989.00
81,2025-12-19,11,494989.00
81,2025-12-20,13,584987.00
81,2025-12-21,12,539988.00
81,2025-12-22,11,494989.00
81,2025-12-23,11,494989.00
81,2025-12-24,11,494989.00
81,2025-12-25,11,494989.00
81,2025-12-26,11,494989.00
81,2025-12-27,13,584987.00
81,2025-12-28,12,539988.00
81,2025-12-29,11,494989.00
81,2025-12-30,11,494989.00
81,2025-12-31,11,494989.00
81,2026-01-01,11,494989.00
81,2026-01-02,11,494989.00
81,2026-01-03,13,584987.00
81,2026-01-04,12,539988.00
81,2026-01-05,11,494989.00
81,2026-01-06,11,494989.00
81,2026-01-07,11,494989.00
81,2026-01-08,11,494989.00
81,2026-01-09,11,494989.00
81,2026-01-10,13,584987.00
81,2026-01-11,12,539988.00
81,2026-01-12,11,494989.00
81,2026-01-13,11,494989.00
81,2026-01-14,11,494989.00
81,2026-01-15,11,494989.00
81,2026-01-16,11,494989.00
81,2026-01-17,13,584987.00
81,2026-01-18,12,539988.00
81,2026-01-19,11,494989.00
81,2026-01-20,11,494989.00
81,2026-01-21,11,494989.00
81,2026-01-22,11,494989.00
81,2026-01-23,11,494989.00
81,2026-01-24,13,584987.00
81,2026-01-25,12,539988.00
81,2026-01-26,11,494989.00
81,2026-01-27,11,494989.00
81,2026-01-28,11,494989.00
81,2026-01-29,11,494989.00
81,2026-01-30,11,494989.00
81,2026-01-31,13,584987.00
81,2026-02-01,12,539988.00
81,2026-02-02,11,494989.00
81,2026-02-03,11,494989.00
81,2026-02-04,11,494989.00
81,2026-02-05,11,494989.00
81,2026-02-06,11,494989.00
81,2026-02-07,13,584987.00
81,2026-02-08,12,539988.00
81,2026-02-09,11,494989.00
81,2026-02-10,11,494989.00
81,2026-02-11,11,494989.00
81,2026-02-12,11,494989.00
81,2026-02-13,11,494989.00
81,2026-02-14,13,584987.00
81,2026-02-15,12,539988.00
81,2026-02-16,11,494989.00
81,2026-02-17,11,494989.00
81,2026-02-18,11,494989.00
81,2026-02-19,11,494989.00
81,2026-02-20,11,494989.00
81,2026-02-21,13,584987.00
81,2026-02-22,12,539988.00
81,2026-02-23,11,494989.00
81,2026-02-24,11,494989.00
81,2026-02-25,11,494989.00
81,2026-02-26,11,494989.00
81,2026-02-27,11,494989.00
81,2026-02-28,13,584987.00
81,2026-03-01,12,539988.00
81,2026-03-02,11,494989.00
81,2026-03-03,11,494989.00
81,2026-03-04,11,494989.00
81,2026-03-05,11,494989.00
81,2026-03-06,11,494989.00
81,2026-03-07,13,584987.00
81,2026-03-08,12,539988.00
81,2026-03-09,11,494989.00
81,2026-03-10,11,494989.00
81,2026-03-11,11,494989.00
81,2026-03-12,11,494989.00
81,2026-03-13,11,494989.00
81,2026-03-14,13,584987.00
81,2026-03-15,12,539988.00
81,2026-03-16,11,494989.00
81,2026-03-17,11,494989.00
81,2026-03-18,11,494989.00
81,2026-03-19,11,494989.00
81,2026-03-20,11,494989.00
81,2026-03-21,13,584987.00
81,2026-03-22,12,539988.00
81,2026-03-23,11,494989.00
81,2026-03-24,11,494989.00
81,2026-03-25,11,494989.00
81,2026-03-26,11,494989.00
81,2026-03-27,11,494989.00
81,2026-03-28,13,584987.00
81,2026-03-29,12,539988.00
81,2026-03-30,11,494989.00
81,2026-03-31,11,494989.00
81,2026-04-01,11,494989.00
81,2026-04-02,11,494989.00
81,2026-04-03,11,494989.00
81,2026-04-04,13,584987.00
81,2026-04-05,12,539988.00
81,2026-04-06,11,494989.00
81,2026-04-07,11,494989.00
81,2026-04-08,11,494989.00
81,2026-04-09,11,494989.00
81,2026-04-10,11,494989.00
81,2026-04-11,13,584987.00
81,2026-04-12,12,539988.00
81,2026-04-13,11,494989.00
81,2026-04-14,11,494989.00
81,2026-04-15,11,494989.00
81,2026-04-16,11,494989.00
81,2026-04-17,11,494989.00
81,2026-04-18,13,584987.00
81,2026-04-19,12,539988.00
81,2026-04-20,11,494989.00
81,2026-04-21,11,494989.00
81,2026-04-22,11,494989.00
81,2026-04-23,11,494989.00
81,2026-04-24,11,494989.00
81,2026-04-25,13,584987.00
81,2026-04-26,12,539988.00
81,2026-04-27,11,494989.00
81,2026-04-28,11,494989.00
81,2026-04-29,11,494989.00
81,2026-04-30,11,494989.00
81,2026-05-01,11,494989.00
81,2026-05-02,13,584987.00
81,2026-05-03,12,539988.00
81,2026-05-04,11,494989.00
81,2026-05-05,11,494989.00
81,2026-05-06,11,494989.00
81,2026-05-07,11,494989.00
81,2026-05-08,11,494989.00
81,2026-05-09,13,584987.00
81,2026-05-10,12,539988.00
81,2026-05-11,11,494989.00
81,2026-05-12,11,494989.00
81,2026-05-13,11,494989.00
81,2026-05-14,11,494989.00
81,2026-05-15,11,494989.00
81,2026-05-16,13,584987.00
81,2026-05-17,12,539988.00
81,2026-05-18,11,494989.00
81,2026-05-19,11,494989.00
81,2026-05-20,11,494989.00
81,2026-05-21,11,494989.00
81,2026-05-22,11,494989.00
81,2026-05-23,13,584987.00
81,2026-05-24,12,539988.00
81,2026-05-25,11,494989.00
81,2026-05-26,11,494989.00
81,2026-05-27,11,494989.00
81,2026-05-28,11,494989.00
81,2026-05-29,11,494989.00
81,2026-05-30,13,584987.00
81,2026-05-31,12,539988.00
81,2026-06-01,11,494989.00
81,2026-06-02,11,494989.00
81,2026-06-03,11,494989.00
81,2026-06-04,11,494989.00
81,2026-06-05,11,494989.00
81,2026-06-06,13,584987.00
81,2026-06-07,12,539988.00
81,2026-06-08,11,494989.00
81,2026-06-09,11,494989.00
81,2026-06-10,11,494989.00
81,2026-06-11,11,494989.00
81,2026-06-12,11,494989.00
81,2026-06-13,13,584987.00
81,2026-06-14,12,539988.00
81,2026-06-15,11,494989.00
81,2026-06-16,11,494989.00
81,2026-06-17,11,494989.00
81,2026-06-18,11,494989.00
81,2026-06-19,11,494989.00
81,2026-06-20,13,584987.00
81,2026-06-21,12,539988.00
81,2026-06-22,11,494989.00
81,2026-06-23,11,494989.00
81,2026-06-24,11,494989.00
81,2026-06-25,11,494989.00
81,2026-06-26,11,494989.00
81,2026-06-27,13,584987.00
81,2026-06-28,12,539988.00
81,2026-06-29,11,494989.00
81,2026-06-30,11,494989.00
81,2026-07-01,11,494989.00
81,2026-07-02,11,494989.00
81,2026-07-03,11,494989.00
81,2026-07-04,13,584987.00
81,2026-07-05,12,539988.00
81,2026-07-06,11,494989.00
81,2026-07-07,11,494989.00
81,2026-07-08,11,494989.00
81,2026-07-09,11,494989.00
81,2026-07-10,11,494989.00
81,2026-07-11,13,584987.00
81,2026-07-12,12,539988.00
81,2026-07-13,11,494989.00
81,2026-07-14,11,494989.00
81,2026-07-15,11,494989.00
81,2026-07-16,11,494989.00
81,2026-07-17,11,494989.00
81,2026-07-18,13,584987.00
81,2026-07-19,12,539988.00
81,2026-07-20,11,494989.00
81,2026-07-21,11,494989.00
81,2026-07-22,11,494989.00
81,2026-07-23,11,494989.00
81,2026-07-24,11,494989.00
81,2026-07-25,13,584987.00
81,2026-07-26,12,539988.00
81,2026-07-27,11,494989.00
81,2026-07-28,11,494989.00
81,2026-07-29,11,494989.00
81,2026-07-30,11,494989.00
81,2026-07-31,11,494989.00
81,2026-08-01,13,584987.00
81,2026-08-02,12,539988.00
81,2026-08-03,11,494989.00
81,2026-08-04,11,494989.00
81,2026-08-05,11,494989.00
81,2026-08-06,11,494989.00
81,2026-08-07,11,494989.00
81,2026-08-08,13,584987.00
81,2026-08-09,12,539988.00
81,2026-08-10,11,494989.00
81,2026-08-11,11,494989.00
81,2026-08-12,11,494989.00
81,2026-08-13,11,494989.00
81,2026-08-14,11,494989.00
81,2026-08-15,13,584987.00
81,2026-08-16,12,539988.00
81,2026-08-17,11,494989.00
81,2026-08-18,11,494989.00
81,2026-08-19,11,494989.00
81,2026-08-20,11,494989.00
81,2026-08-21,11,494989.00
81,2026-08-22,13,584987.00
81,2026-08-23,12,539988.00
81,2026-08-24,11,494989.00
81,2026-08-25,11,494989.00
81,2026-08-26,11,494989.00
81,2026-08-27,11,494989.00
81,2026-08-28,11,494989.00
81,2026-08-29,13,584987.00
81,2026-08-30,12,539988.00
81,2026-08-31,11,494989.00
81,2026-09-01,11,494989.00
81,2026-09-02,11,494989.00
81,2026-09-03,11,494989.00
81,2026-09-04,11,494989.00
81,2026-09-05,13,584987.00
81,2026-09-06,12,539988.00
81,2026-09-07,11,494989.00
81,2026-09-08,11,494989.00
81,2026-09-09,11,494989.00
81,2026-09-10,11,494989.00
81,2026-09-11,11,494989.00
81,2026-09-12,13,584987.00
81,2026-09-13,12,539988.00
81,2026-09-14,11,494989.00
81,2026-09-15,11,494989.00
81,2026-09-16,11,494989.00
81,2026-09-17,11,494989.00
81,2026-09-18,11,494989.00
81,2026-09-19,13,584987.00
81,2026-09-20,12,539988.00
81,2026-09-21,11,494989.00
81,2026-09-22,11,494989.00
81,2026-09-23,11,494989.00
81,2026-09-24,11,494989.00
81,2026-09-25,11,494989.00
81,2026-09-26,13,584987.00
81,2026-09-27,12,539988.00
81,2026-09-28,11,494989.00
81,2026-09-29,11,494989.00
82,2025-09-30,15,254985.00
82,2025-10-01,18,305982.00
82,2025-10-02,18,305982.00
82,2025-10-03,18,305982.00
82,2025-10-04,22,373978.00
82,2025-10-05,21,356979.00
82,2025-10-06,18,305982.00
82,2025-10-07,18,305982.00
82,2025-10-08,18,305982.00
82,2025-10-09,18,305982.00
82,2025-10-10,18,305982.00
82,2025-10-11,22,373978.00
82,2025-10-12,21,356979.00
82,2025-10-13,18,305982.00
82,2025-10-14,18,305982.00
82,2025-10-15,18,305982.00
82,2025-10-16,18,305982.00
82,2025-10-17,18,305982.00
82,2025-10-18,22,373978.00
82,2025-10-19,21,356979.00
82,2025-10-20,18,305982.00
82,2025-10-21,18,305982.00
82,2025-10-22,18,305982.00
82,2025-10-23,18,305982.00
82,2025-10-24,18,305982.00
82,2025-10-25,22,373978.00
82,2025-10-26,21,356979.00
82,2025-10-27,18,305982.00
82,2025-10-28,18,305982.00
82,2025-10-29,18,305982.00
82,2025-10-30,18,305982.00
82,2025-10-31,18,305982.00
82,2025-11-01,22,373978.00
82,2025-11-02,21,356979.00
82,2025-11-03,18,305982.00
82,2025-11-04,18,305982.00
82,2025-11-05,18,305982.00
82,2025-11-06,18,305982.00
82,2025-11-07,18,305982.00
82,2025-11-08,22,373978.00
82,2025-11-09,21,356979.00
82,2025-11-10,18,305982.00
82,2025-11-11,18,305982.00
82,2025-11-12,18,305982.00
82,2025-11-13,18,305982.00
82,2025-11-14,18,305982.00
82,2025-11-15,22,373978.00
82,2025-11-16,21,356979.00
82,2025-11-17,18,305982.00
82,2025-11-18,18,305982.00
82,2025-11-19,18,305982.00
82,2025-11-20,18,305982.00
82,2025-11-21,18,305982.00
82,2025-11-22,22,373978.00
82,2025-11-23,21,356979.00
82,2025-11-24,18,305982.00
82,2025-11-25,18,305982.00
82,2025-11-26,18,305982.00
82,2025-11-27,18,305982.00
82,2025-11-28,18,305982.00
82,2025-11-29,22,373978.00
82,2025-11-30,21,356979.00
82,2025-12-01,15,254985.00
82,2025-12-02,15,254985.00
82,2025-12-03,15,254985.00
82,2025-12-04,15,254985.00
82,2025-12-05,15,254985.00
82,2025-12-06,18,305982.00
82,2025-12-07,17,288983.00
82,2025-12-08,15,254985.00
82,2025-12-09,15,254985.00
82,2025-12-10,15,254985.00
82,2025-12-11,15,254985.00
82,2025-12-12,15,254985.00
82,2025-12-13,18,305982.00
82,2025-12-14,17,288983.00
82,2025-12-15,15,254985.00
82,2025-12-16,15,254985.00
82,2025-12-17,15,254985.00
82,2025-12-18,15,254985.00
82,2025-12-19,15,254985.00
82,2025-12-20,18,305982.00
82,2025-12-21,17,288983.00
82,2025-12-22,15,254985.00
82,2025-12-23,15,254985.00
82,2025-12-24,15,254985.00
82,2025-12-25,15,254985.00
82,2025-12-26,15,254985.00
82,2025-12-27,18,305982.00
82,2025-12-28,17,288983.00
82,2025-12-29,15,254985.00
82,2025-12-30,15,254985.00
82,2025-12-31,15,254985.00
82,2026-01-01,15,254985.00
82,2026-01-02,15,254985.00
82,2026-01-03,18,305982.00
82,2026-01-04,17,288983.00
82,2026-01-05,15,254985.00
82,2026-01-06,15,254985.00
82,2026-01-07,15,254985.00
82,2026-01-08,15,254985.00
82,2026-01-09,15,254985.00
82,2026-01-10,18,305982.00
82,2026-01-11,17,288983.00
82,2026-01-12,15,254985.00
82,2026-01-13,15,254985.00
82,2026-01-14,15,254985.00
82,2026-01-15,15,254985.00
82,2026-01-16,15,254985.00
82,2026-01-17,18,305982.00
82,2026-01-18,17,288983.00
82,2026-01-19,15,254985.00
82,2026-01-20,15,254985.00
82,2026-01-21,15,254985.00
82,2026-01-22,15,254985.00
82,2026-01-23,15,254985.00
82,2026-01-24,18,305982.00
82,2026-01-25,17,288983.00
82,2026-01-26,15,254985.00
82,2026-01-27,15,254985.00
82,2026-01-28,15,254985.00
82,2026-01-29,15,254985.00
82,2026-01-30,15,254985.00
82,2026-01-31,18,305982.00
82,2026-02-01,17,288983.00
82,2026-02-02,15,254985.00
82,2026-02-03,15,254985.00
82,2026-02-04,15,254985.00
82,2026-02-05,15,254985.00
82,2026-02-06,15,254985.00
82,2026-02-07,18,305982.00
82,2026-02-08,17,288983.00
82,2026-02-09,15,254985.00
82,2026-02-10,15,254985.00
82,2026-02-11,15,254985.00
82,2026-02-12,15,254985.00
82,2026-02-13,15,254985.00
82,2026-02-14,18,305982.00
82,2026-02-15,17,288983.00
82,2026-02-16,15,254985.00
82,2026-02-17,15,254985.00
82,2026-02-18,15,254985.00
82,2026-02-19,15,254985.00
82,2026-02-20,15,254985.00
82,2026-02-21,18,305982.00
82,2026-02-22,17,288983.00
82,2026-02-23,15,254985.00
82,2026-02-24,15,254985.00
82,2026-02-25,15,254985.00
82,2026-02-26,15,254985.00
82,2026-02-27,15,254985.00
82,2026-02-28,18,305982.00
82,2026-03-01,17,288983.00
82,2026-03-02,15,254985.00
82,2026-03-03,15,254985.00
82,2026-03-04,15,254985.00
82,2026-03-05,15,254985.00
82,2026-03-06,15,254985.00
82,2026-03-07,18,305982.00
82,2026-03-08,17,288983.00
82,2026-03-09,15,254985.00
82,2026-03-10,15,254985.00
82,2026-03-11,15,254985.00
82,2026-03-12,15,254985.00
82,2026-03-13,15,254985.00
82,2026-03-14,18,305982.00
82,2026-03-15,17,288983.00
82,2026-03-16,15,254985.00
82,2026-03-17,15,254985.00
82,2026-03-18,15,254985.00
82,2026-03-19,15,254985.00
82,2026-03-20,15,254985.00
82,2026-03-21,18,305982.00
82,2026-03-22,17,288983.00
82,2026-03-23,15,254985.00
82,2026-03-24,15,254985.00
82,2026-03-25,15,254985.00
82,2026-03-26,15,254985.00
82,2026-03-27,15,254985.00
82,2026-03-28,18,305982.00
82,2026-03-29,17,288983.00
82,2026-03-30,15,254985.00
82,2026-03-31,15,254985.00
82,2026-04-01,15,254985.00
82,2026-04-02,15,254985.00
82,2026-04-03,15,254985.00
82,2026-04-04,18,305982.00
82,2026-04-05,17,288983.00
82,2026-04-06,15,254985.00
82,2026-04-07,15,254985.00
82,2026-04-08,15,254985.00
82,2026-04-09,15,254985.00
82,2026-04-10,15,254985.00
82,2026-04-11,18,305982.00
82,2026-04-12,17,288983.00
82,2026-04-13,15,254985.00
82,2026-04-14,15,254985.00
82,2026-04-15,15,254985.00
82,2026-04-16,15,254985.00
82,2026-04-17,15,254985.00
82,2026-04-18,18,305982.00
82,2026-04-19,17,288983.00
82,2026-04-20,15,254985.00
82,2026-04-21,15,254985.00
82,2026-04-22,15,254985.00
82,2026-04-23,15,254985.00
82,2026-04-24,15,254985.00
82,2026-04-25,18,305982.00
82,2026-04-26,17,288983.00
82,2026-04-27,15,254985.00
82,2026-04-28,15,254985.00
82,2026-04-29,15,254985.00
82,2026-04-30,15,254985.00
82,2026-05-01,15,254985.00
82,2026-05-02,18,305982.00
82,2026-05-03,17,288983.00
82,2026-05-04,15,254985.00
82,2026-05-05,15,254985.00
82,2026-05-06,15,254985.00
82,2026-05-07,15,254985.00
82,2026-05-08,15,254985.00
82,2026-05-09,18,305982.00
82,2026-05-10,17,288983.00
82,2026-05-11,15,254985.00
82,2026-05-12,15,254985.00
82,2026-05-13,15,254985.00
82,2026-05-14,15,254985.00
82,2026-05-15,15,254985.00
82,2026-05-16,18,305982.00
82,2026-05-17,17,288983.00
82,2026-05-18,15,254985.00
82,2026-05-19,15,254985.00
82,2026-05-20,15,254985.00
82,2026-05-21,15,254985.00
82,2026-05-22,15,254985.00
82,2026-05-23,18,305982.00
82,2026-05-24,17,288983.00
82,2026-05-25,15,254985.00
82,2026-05-26,15,254985.00
82,2026-05-27,15,254985.00
82,2026-05-28,15,254985.00
82,2026-05-29,15,254985.00
82,2026-05-30,18,305982.00
82,2026-05-31,17,288983.00
82,2026-06-01,15,254985.00
82,2026-06-02,15,254985.00
82,2026-06-03,15,254985.00
82,2026-06-04,15,254985.00
82,2026-06-05,15,254985.00
82,2026-06-06,18,305982.00
82,2026-06-07,17,288983.00
82,2026-06-08,15,254985.00
82,2026-06-09,15,254985.00
82,2026-06-10,15,254985.00
82,2026-06-11,15,254985.00
82,2026-06-12,15,254985.00
82,2026-06-13,18,305982.00
82,2026-06-14,17,288983.00
82,2026-06-15,15,254985.00
82,2026-06-16,15,254985.00
82,2026-06-17,15,254985.00
82,2026-06-18,15,254985.00
82,2026-06-19,15,254985.00
82,2026-06-20,18,305982.00
82,2026-06-21,17,288983.00
82,2026-06-22,15,254985.00
82,2026-06-23,15,254985.00
82,2026-06-24,15,254985.00
82,2026-06-25,15,254985.00
82,2026-06-26,15,254985.00
82,2026-06-27,18,305982.00
82,2026-06-28,17,288983.00
82,2026-06-29,15,254985.00
82,2026-06-30,15,254985.00
82,2026-07-01,15,254985.00
82,2026-07-02,15,254985.00
82,2026-07-03,15,254985.00
82,2026-07-04,18,305982.00
82,2026-07-05,17,288983.00
82,2026-07-06,15,254985.00
82,2026-07-07,15,254985.00
82,2026-07-08,15,254985.00
82,2026-07-09,15,254985.00
82,2026-07-10,15,254985.00
82,2026-07-11,18,305982.00
82,2026-07-12,17,288983.00
82,2026-07-13,15,254985.00
82,2026-07-14,15,254985.00
82,2026-07-15,15,254985.00
82,2026-07-16,15,254985.00
82,2026-07-17,15,254985.00
82,2026-07-18,18,305982.00
82,2026-07-19,17,288983.00
82,2026-07-20,15,254985.00
82,2026-07-21,15,254985.00
82,2026-07-22,15,254985.00
82,2026-07-23,15,254985.00
82,2026-07-24,15,254985.00
82,2026-07-25,18,305982.00
82,2026-07-26,17,288983.00
82,2026-07-27,15,254985.00
82,2026-07-28,15,254985.00
82,2026-07-29,15,254985.00
82,2026-07-30,15,254985.00
82,2026-07-31,15,254985.00
82,2026-08-01,18,305982.00
82,2026-08-02,17,288983.00
82,2026-08-03,15,254985.00
82,2026-08-04,15,254985.00
82,2026-08-05,15,254985.00
82,2026-08-06,15,254985.00
82,2026-08-07,15,254985.00
82,2026-08-08,18,305982.00
82,2026-08-09,17,288983.00
82,2026-08-10,15,254985.00
82,2026-08-11,15,254985.00
82,2026-08-12,15,254985.00
82,2026-08-13,15,254985.00
82,2026-08-14,15,254985.00
82,2026-08-15,18,305982.00
82,2026-08-16,17,288983.00
82,2026-08-17,15,254985.00
82,2026-08-18,15,254985.00
82,2026-08-19,15,254985.00
82,2026-08-20,15,254985.00
82,2026-08-21,15,254985.00
82,2026-08-22,18,305982.00
82,2026-08-23,17,288983.00
82,2026-08-24,15,254985.00
82,2026-08-25,15,254985.00
82,2026-08-26,15,254985.00
82,2026-08-27,15,254985.00
82,2026-08-28,15,254985.00
82,2026-08-29,18,305982.00
82,2026-08-30,17,288983.00
82,2026-08-31,15,254985.00
82,2026-09-01,15,254985.00
82,2026-09-02,15,254985.00
82,2026-09-03,15,254985.00
82,2026-09-04,15,254985.00
82,2026-09-05,18,305982.00
82,2026-09-06,17,288983.00
82,2026-09-07,15,254985.00
82,2026-09-08,15,254985.00
82,2026-09-09,15,254985.00
82,2026-09-10,15,254985.00
82,2026-09-11,15,254985.00
82,2026-09-12,18,305982.00
82,2026-09-13,17,288983.00
82,2026-09-14,15,254985.00
82,2026-09-15,15,254985.00
82,2026-09-16,15,254985.00
82,2026-09-17,15,254985.00
82,2026-09-18,15,254985.00
82,2026-09-19,18,305982.00
82,2026-09-20,17,288983.00
82,2026-09-21,15,254985.00
82,2026-09-22,15,254985.00
82,2026-09-23,15,254985.00
82,2026-09-24,15,254985.00
82,2026-09-25,15,254985.00
82,2026-09-26,18,305982.00
82,2026-09-27,17,288983.00
82,2026-09-28,15,254985.00
82,2026-09-29,15,254985.00
83,2025-09-30,22,87978.00
83,2025-10-01,28,111972.00
83,2025-10-02,28,111972.00
83,2025-10-03,28,111972.00
83,2025-10-04,33,131967.00
83,2025-10-05,32,127968.00
83,2025-10-06,28,111972.00
83,2025-10-07,28,111972.00
83,2025-10-08,28,111972.00
83,2025-10-09,28,111972.00
83,2025-10-10,28,111972.00
83,2025-10-11,33,131967.00
83,2025-10-12,32,127968.00
83,2025-10-13,28,111972.00
83,2025-10-14,28,111972.00
83,2025-10-15,28,111972.00
83,2025-10-16,28,111972.00
83,2025-10-17,28,111972.00
83,2025-10-18,33,131967.00
83,2025-10-19,32,127968.00
83,2025-10-20,28,111972.00
83,2025-10-21,28,111972.00
83,2025-10-22,28,111972.00
83,2025-10-23,28,111972.00
83,2025-10-24,28,111972.00
83,2025-10-25,33,131967.00
83,2025-10-26,32,127968.00
83,2025-10-27,28,111972.00
83,2025-10-28,28,111972.00
83,2025-10-29,28,111972.00
83,2025-10-30,28,111972.00
83,2025-10-31,28,111972.00
83,2025-11-01,33,131967.00
83,2025-11-02,32,127968.00
83,2025-11-03,28,111972.00
83,2025-11-04,28,111972.00
83,2025-11-05,28,111972.00
83,2025-11-06,28,111972.00
83,2025-11-07,28,111972.00
83,2025-11-08,33,131967.00
83,2025-11-09,32,127968.00
83,2025-11-10,28,111972.00
83,2025-11-11,28,111972.00
83,2025-11-12,28,111972.00
83,2025-11-13,28,111972.00
83,2025-11-14,28,111972.00
83,2025-11-15,33,131967.00
83,2025-11-16,32,127968.00
83,2025-11-17,28,111972.00
83,2025-11-18,28,111972.00
83,2025-11-19,28,111972.00
83,2025-11-20,28,111972.00
83,2025-11-21,28,111972.00
83,2025-11-22,33,131967.00
83,2025-11-23,32,127968.00
83,2025-11-24,28,111972.00
83,2025-11-25,28,111972.00
83,2025-11-26,28,111972.00
83,2025-11-27,28,111972.00
83,2025-11-28,28,111972.00
83,2025-11-29,33,131967.00
83,2025-11-30,32,127968.00
83,2025-12-01,22,87978.00
83,2025-12-02,22,87978.00
83,2025-12-03,22,87978.00
83,2025-12-04,22,87978.00
83,2025-12-05,22,87978.00
83,2025-12-06,26,103974.00
83,2025-12-07,25,99975.00
83,2025-12-08,22,87978.00
83,2025-12-09,22,87978.00
83,2025-12-10,22,87978.00
83,2025-12-11,22,87978.00
83,2025-12-12,22,87978.00
83,2025-12-13,26,103974.00
83,2025-12-14,25,99975.00
83,2025-12-15,22,87978.00
83,2025-12-16,22,87978.00
83,2025-12-17,22,87978.00
83,2025-12-18,22,87978.00
83,2025-12-19,22,87978.00
83,2025-12-20,26,103974.00
83,2025-12-21,25,99975.00
83,2025-12-22,22,87978.00
83,2025-12-23,22,87978.00
83,2025-12-24,22,87978.00
83,2025-12-25,22,87978.00
83,2025-12-26,22,87978.00
83,2025-12-27,26,103974.00
83,2025-12-28,25,99975.00
83,2025-12-29,22,87978.00
83,2025-12-30,22,87978.00
83,2025-12-31,22,87978.00
83,2026-01-01,22,87978.00
83,2026-01-02,22,87978.00
83,2026-01-03,26,103974.00
83,2026-01-04,25,99975.00
83,2026-01-05,22,87978.00
83,2026-01-06,22,87978.00
83,2026-01-07,22,87978.00
83,2026-01-08,22,87978.00
83,2026-01-09,22,87978.00
83,2026-01-10,26,103974.00
83,2026-01-11,25,99975.00
83,2026-01-12,22,87978.00
83,2026-01-13,22,87978.00
83,2026-01-14,22,87978.00
83,2026-01-15,22,87978.00
83,2026-01-16,22,87978.00
83,2026-01-17,26,103974.00
83,2026-01-18,25,99975.00
83,2026-01-19,22,87978.00
83,2026-01-20,22,87978.00
83,2026-01-21,22,87978.00
83,2026-01-22,22,87978.00
83,2026-01-23,22,87978.00
83,2026-01-24,26,103974.00
83,2026-01-25,25,99975.00
83,2026-01-26,22,87978.00
83,2026-01-27,22,87978.00
83,2026-01-28,22,87978.00
83,2026-01-29,22,87978.00
83,2026-01-30,22,87978.00
83,2026-01-31,26,103974.00
83,2026-02-01,25,99975.00
83,2026-02-02,22,87978.00
83,2026-02-03,22,87978.00
83,2026-02-04,22,87978.00
83,2026-02-05,22,87978.00
83,2026-02-06,22,87978.00
83,2026-02-07,26,103974.00
83,2026-02-08,25,99975.00
83,2026-02-09,22,87978.00
83,2026-02-10,22,87978.00
83,2026-02-11,22,87978.00
83,2026-02-12,22,87978.00
83,2026-02-13,22,87978.00
83,2026-02-14,26,103974.00
83,2026-02-15,25,99975.00
83,2026-02-16,22,87978.00
83,2026-02-17,22,87978.00
83,2026-02-18,22,87978.00
83,2026-02-19,22,87978.00
83,2026-02-20,22,87978.00
83,2026-02-21,26,103974.00
83,2026-02-22,25,99975.00
83,2026-02-23,22,87978.00
83,2026-02-24,22,87978.00
83,2026-02-25,22,87978.00
83,2026-02-26,22,87978.00
83,2026-02-27,22,87978.00
83,2026-02-28,26,103974.00
83,2026-03-01,25,99975.00
83,2026-03-02,22,87978.00
83,2026-03-03,22,87978.00
83,2026-03-04,22,87978.00
83,2026-03-05,22,87978.00
83,2026-03-06,22,87978.00
83,2026-03-07,26,103974.00
83,2026-03-08,25,99975.00
83,2026-03-09,22,87978.00
83,2026-03-10,22,87978.00
83,2026-03-11,22,87978.00
83,2026-03-12,22,87978.00
83,2026-03-13,22,87978.00
83,2026-03-14,26,103974.00
83,2026-03-15,25,99975.00
83,2026-03-16,22,87978.00
83,2026-03-17,22,87978.00
83,2026-03-18,22,87978.00
83,2026-03-19,22,87978.00
83,2026-03-20,22,87978.00
83,2026-03-21,26,103974.00
83,2026-03-22,25,99975.00
83,2026-03-23,22,87978.00
83,2026-03-24,22,87978.00
83,2026-03-25,22,87978.00
83,2026-03-26,22,87978.00
83,2026-03-27,22,87978.00
83,2026-03-28,26,103974.00
83,2026-03-29,25,99975.00
83,2026-03-30,22,87978.00
83,2026-03-31,22,87978.00
83,2026-04-01,22,87978.00
83,2026-04-02,22,87978.00
83,2026-04-03,22,87978.00
83,2026-04-04,26,103974.00
83,2026-04-05,25,99975.00
83,2026-04-06,22,87978.00
83,2026-04-07,22,87978.00
83,2026-04-08,22,87978.00
83,2026-04-09,22,87978.00
83,2026-04-10,22,87978.00
83,2026-04-11,26,103974.00
83,2026-04-12,25,99975.00
83,2026-04-13,22,87978.00
83,2026-04-14,22,87978.00
83,2026-04-15,22,87978.00
83,2026-04-16,22,87978.00
83,2026-04-17,22,87978.00
83,2026-04-18,26,103974.00
83,2026-04-19,25,99975.00
83,2026-04-20,22,87978.00
83,2026-04-21,22,87978.00
83,2026-04-22,22,87978.00
83,2026-04-23,22,87978.00
83,2026-04-24,22,87978.00
83,2026-04-25,26,103974.00
83,2026-04-26,25,99975.00
83,2026-04-27,22,87978.00
83,2026-04-28,22,87978.00
83,2026-04-29,22,87978.00
83,2026-04-30,22,87978.00
83,2026-05-01,22,87978.00
83,2026-05-02,26,103974.00
83,2026-05-03,25,99975.00
83,2026-05-04,22,87978.00
83,2026-05-05,22,87978.00
83,2026-05-06,22,87978.00
83,2026-05-07,22,87978.00
83,2026-05-08,22,87978.00
83,2026-05-09,26,103974.00
83,2026-05-10,25,99975.00
83,2026-05-11,22,87978.00
83,2026-05-12,22,87978.00
83,2026-05-13,22,87978.00
83,2026-05-14,22,87978.00
83,2026-05-15,22,87978.00
83,2026-05-16,26,103974.00
83,2026-05-17,25,99975.00
83,2026-05-18,22,87978.00
83,2026-05-19,22,87978.00
83,2026-05-20,22,87978.00
83,2026-05-21,22,87978.00
83,2026-05-22,22,87978.00
83,2026-05-23,26,103974.00
83,2026-05-24,25,99975.00
83,2026-05-25,22,87978.00
83,2026-05-26,22,87978.00
83,2026-05-27,22,87978.00
83,2026-05-28,22,87978.00
83,2026-05-29,22,87978.00
83,2026-05-30,26,103974.00
83,2026-05-31,25,99975.00
83,2026-06-01,22,87978.00
83,2026-06-02,22,87978.00
83,2026-06-03,22,87978.00
83,2026-06-04,22,87978.00
83,2026-06-05,22,87978.00
83,2026-06-06,26,103974.00
83,2026-06-07,25,99975.00
83,2026-06-08,22,87978.00
83,2026-06-09,22,87978.00
83,2026-06-10,22,87978.00
83,2026-06-11,22,87978.00
83,2026-06-12,22,87978.00
83,2026-06-13,26,103974.00
83,2026-06-14,25,99975.00
83,2026-06-15,22,87978.00
83,2026-06-16,22,87978.00
83,2026-06-17,22,87978.00
83,2026-06-18,22,87978.00
83,2026-06-19,22,87978.00
83,2026-06-20,26,103974.00
83,2026-06-21,25,99975.00
83,2026-06-22,22,87978.00
83,2026-06-23,22,87978.00
83,2026-06-24,22,87978.00
83,2026-06-25,22,87978.00
83,2026-06-26,22,87978.00
83,2026-06-27,26,103974.00
83,2026-06-28,25,99975.00
83,2026-06-29,22,87978.00
83,2026-06-30,22,87978.00
83,2026-07-01,22,87978.00
83,2026-07-02,22,87978.00
83,2026-07-03,22,87978.00
83,2026-07-04,26,103974.00
83,2026-07-05,25,99975.00
83,2026-07-06,22,87978.00
83,2026-07-07,22,87978.00
83,2026-07-08,22,87978.00
83,2026-07-09,22,87978.00
83,2026-07-10,22,87978.00
83,2026-07-11,26,103974.00
83,2026-07-12,25,99975.00
83,2026-07-13,22,87978.00
83,2026-07-14,22,87978.00
83,2026-07-15,22,87978.00
83,2026-07-16,22,87978.00
83,2026-07-17,22,87978.00
83,2026-07-18,26,103974.00
83,2026-07-19,25,99975.00
83,2026-07-20,22,87978.00
83,2026-07-21,22,87978.00
83,2026-07-22,22,87978.00
83,2026-07-23,22,87978.00
83,2026-07-24,22,87978.00
83,2026-07-25,26,103974.00
83,2026-07-26,25,99975.00
83,2026-07-27,22,87978.00
83,2026-07-28,22,87978.00
83,2026-07-29,22,87978.00
83,2026-07-30,22,87978.00
83,2026-07-31,22,87978.00
83,2026-08-01,26,103974.00
83,2026-08-02,25,99975.00
83,2026-08-03,22,87978.00
83,2026-08-04,22,87978.00
83,2026-08-05,22,87978.00
83,2026-08-06,22,87978.00
83,2026-08-07,22,87978.00
83,2026-08-08,26,103974.00
83,2026-08-09,25,99975.00
83,2026-08-10,22,87978.00
83,2026-08-11,22,87978.00
83,2026-08-12,22,87978.00
83,2026-08-13,22,87978.00
83,2026-08-14,22,87978.00
83,2026-08-15,26,103974.00
83,2026-08-16,25,99975.00
83,2026-08-17,22,87978.00
83,2026-08-18,22,87978.00
83,2026-08-19,22,87978.00
83,2026-08-20,22,87978.00
83,2026-08-21,22,87978.00
83,2026-08-22,26,103974.00
83,2026-08-23,25,99975.00
83,2026-08-24,22,87978.00
83,2026-08-25,22,87978.00
83,2026-08-26,22,87978.00
83,2026-08-27,22,87978.00
83,2026-08-28,22,87978.00
83,2026-08-29,26,103974.00
83,2026-08-30,25,99975.00
83,2026-08-31,22,87978.00
83,2026-09-01,22,87978.00
83,2026-09-02,22,87978.00
83,2026-09-03,22,87978.00
83,2026-09-04,22,87978.00
83,2026-09-05,26,103974.00
83,2026-09-06,25,99975.00
83,2026-09-07,22,87978.00
83,2026-09-08,22,87978.00
83,2026-09-09,22,87978.00
83,2026-09-10,22,87978.00
83,2026-09-11,22,87978.00
83,2026-09-12,26,103974.00
83,2026-09-13,25,99975.00
83,2026-09-14,22,87978.00
83,2026-09-15,22,87978.00
83,2026-09-16,22,87978.00
83,2026-09-17,22,87978.00
83,2026-09-18,22,87978.00
83,2026-09-19,26,103974.00
83,2026-09-20,25,99975.00
83,2026-09-21,22,87978.00
83,2026-09-22,22,87978.00
83,2026-09-23,22,87978.00
83,2026-09-24,22,87978.00
83,2026-09-25,22,87978.00
83,2026-09-26,26,103974.00
83,2026-09-27,25,99975.00
83,2026-09-28,22,87978.00
83,2026-09-29,22,87978.00
84,2025-09-30,10,54990.00
84,2025-10-01,12,65988.00
84,2025-10-02,12,65988.00
84,2025-10-03,12,65988.00
84,2025-10-04,15,82485.00
84,2025-10-05,14,76986.00
84,2025-10-06,12,65988.00
84,2025-10-07,12,65988.00
84,2025-10-08,12,65988.00
84,2025-10-09,12,65988.00
84,2025-10-10,12,65988.00
84,2025-10-11,15,82485.00
84,2025-10-12,14,76986.00
84,2025-10-13,12,65988.00
84,2025-10-14,12,65988.00
84,2025-10-15,12,65988.00
84,2025-10-16,12,65988.00
84,2025-10-17,12,65988.00
84,2025-10-18,15,82485.00
84,2025-10-19,14,76986.00
84,2025-10-20,12,65988.00
84,2025-10-21,12,65988.00
84,2025-10-22,12,65988.00
84,2025-10-23,12,65988.00
84,2025-10-24,12,65988.00
84,2025-10-25,15,82485.00
84,2025-10-26,14,76986.00
84,2025-10-27,12,65988.00
84,2025-10-28,12,65988.00
84,2025-10-29,12,65988.00
84,2025-10-30,12,65988.00
84,2025-10-31,12,65988.00
84,2025-11-01,15,82485.00
84,2025-11-02,14,76986.00
84,2025-11-03,12,65988.00
84,2025-11-04,12,65988.00
84,2025-11-05,12,65988.00
84,2025-11-06,12,65988.00
84,2025-11-07,12,65988.00
84,2025-11-08,15,82485.00
84,2025-11-09,14,76986.00
84,2025-11-10,12,65988.00
84,2025-11-11,12,65988.00
84,2025-11-12,12,65988.00
84,2025-11-13,12,65988.00
84,2025-11-14,12,65988.00
84,2025-11-15,15,82485.00
84,2025-11-16,14,76986.00
84,2025-11-17,12,65988.00
84,2025-11-18,12,65988.00
84,2025-11-19,12,65988.00
84,2025-11-20,12,65988.00
84,2025-11-21,12,65988.00
84,2025-11-22,15,82485.00
84,2025-11-23,14,76986.00
84,2025-11-24,12,65988.00
84,2025-11-25,12,65988.00
84,2025-11-26,12,65988.00
84,2025-11-27,12,65988.00
84,2025-11-28,12,65988.00
84,2025-11-29,15,82485.00
84,2025-11-30,14,76986.00
84,2025-12-01,10,54990.00
84,2025-12-02,10,54990.00
84,2025-12-03,10,54990.00
84,2025-12-04,10,54990.00
84,2025-12-05,10,54990.00
84,2025-12-06,12,65988.00
84,2025-12-07,11,60489.00
84,2025-12-08,10,54990.00
84,2025-12-09,10,54990.00
84,2025-12-10,10,54990.00
84,2025-12-11,10,54990.00
84,2025-12-12,10,54990.00
84,2025-12-13,12,65988.00
84,2025-12-14,11,60489.00
84,2025-12-15,10,54990.00
84,2025-12-16,10,54990.00
84,2025-12-17,10,54990.00
84,2025-12-18,10,54990.00
84,2025-12-19,10,54990.00
84,2025-12-20,12,65988.00
84,2025-12-21,11,60489.00
84,2025-12-22,10,54990.00
84,2025-12-23,10,54990.00
84,2025-12-24,10,54990.00
84,2025-12-25,10,54990.00
84,2025-12-26,10,54990.00
84,2025-12-27,12,65988.00
84,2025-12-28,11,60489.00
84,2025-12-29,10,54990.00
84,2025-12-30,10,54990.00
84,2025-12-31,10,54990.00
84,2026-01-01,10,54990.00
84,2026-01-02,10,54990.00
84,2026-01-03,12,65988.00
84,2026-01-04,11,60489.00
84,2026-01-05,10,54990.00
84,2026-01-06,10,54990.00
84,2026-01-07,10,54990.00
84,2026-01-08,10,54990.00
84,2026-01-09,10,54990.00
84,2026-01-10,12,65988.00
84,2026-01-11,11,60489.00
84,2026-01-12,10,54990.00
84,2026-01-13,10,54990.00
84,2026-01-14,10,54990.00
84,2026-01-15,10,54990.00
84,2026-01-16,10,54990.00
84,2026-01-17,12,65988.00
84,2026-01-18,11,60489.00
84,2026-01-19,10,54990.00
84,2026-01-20,10,54990.00
84,2026-01-21,10,54990.00
84,2026-01-22,10,54990.00
84,2026-01-23,10,54990.00
84,2026-01-24,12,65988.00
84,2026-01-25,11,60489.00
84,2026-01-26,10,54990.00
84,2026-01-27,10,54990.00
84,2026-01-28,10,54990.00
84,2026-01-29,10,54990.00
84,2026-01-30,10,54990.00
84,2026-01-31,12,65988.00
84,2026-02-01,11,60489.00
84,2026-02-02,10,54990.00
84,2026-02-03,10,54990.00
84,2026-02-04,10,54990.00
84,2026-02-05,10,54990.00
84,2026-02-06,10,54990.00
84,2026-02-07,12,65988.00
84,2026-02-08,11,60489.00
84,2026-02-09,10,54990.00
84,2026-02-10,10,54990.00
84,2026-02-11,10,54990.00
84,2026-02-12,10,54990.00
84,2026-02-13,10,54990.00
84,2026-02-14,12,65988.00
84,2026-02-15,11,60489.00
84,2026-02-16,10,54990.00
84,2026-02-17,10,54990.00
84,2026-02-18,10,54990.00
84,2026-02-19,10,54990.00
84,2026-02-20,10,54990.00
84,2026-02-21,12,65988.00
84,2026-02-22,11,60489.00
84,2026-02-23,10,54990.00
84,2026-02-24,10,54990.00
84,2026-02-25,10,54990.00
84,2026-02-26,10,54990.00
84,2026-02-27,10,54990.00
84,2026-02-28,12,65988.00
84,2026-03-01,11,60489.00
84,2026-03-02,10,54990.00
84,2026-03-03,10,54990.00
84,2026-03-04,10,54990.00
84,2026-03-05,10,54990.00
84,2026-03-06,10,54990.00
84,2026-03-07,12,65988.00
84,2026-03-08,11,60489.00
84,2026-03-09,10,54990.00
84,2026-03-10,10,54990.00
84,2026-03-11,10,54990.00
84,2026-03-12,10,54990.00
84,2026-03-13,10,54990.00
84,2026-03-14,12,65988.00
84,2026-03-15,11,60489.00
84,2026-03-16,10,54990.00
84,2026-03-17,10,54990.00
84,2026-03-18,10,54990.00
84,2026-03-19,10,54990.00
84,2026-03-20,10,54990.00
84,2026-03-21,12,65988.00
84,2026-03-22,11,60489.00
84,2026-03-23,10,54990.00
84,2026-03-24,10,54990.00
84,2026-03-25,10,54990.00
84,2026-03-26,10,54990.00
84,2026-03-27,10,54990.00
84,2026-03-28,12,65988.00
84,2026-03-29,11,60489.00
84,2026-03-30,10,54990.00
84,2026-03-31,10,54990.00
84,2026-04-01,10,54990.00
84,2026-04-02,10,54990.00
84,2026-04-03,10,54990.00
84,2026-04-04,12,65988.00
84,2026-04-05,11,60489.00
84,2026-04-06,10,54990.00
84,2026-04-07,10,54990.00
84,2026-04-08,10,54990.00
84,2026-04-09,10,54990.00
84,2026-04-10,10,54990.00
84,2026-04-11,12,65988.00
84,2026-04-12,11,60489.00
84,2026-04-13,10,54990.00
84,2026-04-14,10,54990.00
84,2026-04-15,10,54990.00
84,2026-04-16,10,54990.00
84,2026-04-17,10,54990.00
84,2026-04-18,12,65988.00
84,2026-04-19,11,60489.00
84,2026-04-20,10,54990.00
84,2026-04-21,10,54990.00
84,2026-04-22,10,54990.00
84,2026-04-23,10,54990.00
84,2026-04-24,10,54990.00
84,2026-04-25,12,65988.00
84,2026-04-26,11,60489.00
84,2026-04-27,10,54990.00
84,2026-04-28,10,54990.00
84,2026-04-29,10,54990.00
84,2026-04-30,10,54990.00
84,2026-05-01,10,54990.00
84,2026-05-02,12,65988.00
84,2026-05-03,11,60489.00
84,2026-05-04,10,54990.00
84,2026-05-05,10,54990.00
84,2026-05-06,10,54990.00
84,2026-05-07,10,54990.00
84,2026-05-08,10,54990.00
84,2026-05-09,12,65988.00
84,2026-05-10,11,60489.00
84,2026-05-11,10,54990.00
84,2026-05-12,10,54990.00
84,2026-05-13,10,54990.00
84,2026-05-14,10,54990.00
84,2026-05-15,10,54990.00
84,2026-05-16,12,65988.00
84,2026-05-17,11,60489.00
84,2026-05-18,10,54990.00
84,2026-05-19,10,54990.00
84,2026-05-20,10,54990.00
84,2026-05-21,10,54990.00
84,2026-05-22,10,54990.00
84,2026-05-23,12,65988.00
84,2026-05-24,11,60489.00
84,2026-05-25,10,54990.00
84,2026-05-26,10,54990.00
84,2026-05-27,10,54990.00
84,2026-05-28,10,54990.00
84,2026-05-29,10,54990.00
84,2026-05-30,12,65988.00
84,2026-05-31,11,60489.00
84,2026-06-01,10,54990.00
84,2026-06-02,10,54990.00
84,2026-06-03,10,54990.00
84,2026-06-04,10,54990.00
84,2026-06-05,10,54990.00
84,2026-06-06,12,65988.00
84,2026-06-07,11,60489.00
84,2026-06-08,10,54990.00
84,2026-06-09,10,54990.00
84,2026-06-10,10,54990.00
84,2026-06-11,10,54990.00
84,2026-06-12,10,54990.00
84,2026-06-13,12,65988.00
84,2026-06-14,11,60489.00
84,2026-06-15,10,54990.00
84,2026-06-16,10,54990.00
84,2026-06-17,10,54990.00
84,2026-06-18,10,54990.00
84,2026-06-19,10,54990.00
84,2026-06-20,12,65988.00
84,2026-06-21,11,60489.00
84,2026-06-22,10,54990.00
84,2026-06-23,10,54990.00
84,2026-06-24,10,54990.00
84,2026-06-25,10,54990.00
84,2026-06-26,10,54990.00
84,2026-06-27,12,65988.00
84,2026-06-28,11,60489.00
84,2026-06-29,10,54990.00
84,2026-06-30,10,54990.00
84,2026-07-01,10,54990.00
84,2026-07-02,10,54990.00
84,2026-07-03,10,54990.00
84,2026-07-04,12,65988.00
84,2026-07-05,11,60489.00
84,2026-07-06,10,54990.00
84,2026-07-07,10,54990.00
84,2026-07-08,10,54990.00
84,2026-07-09,10,54990.00
84,2026-07-10,10,54990.00
84,2026-07-11,12,65988.00
84,2026-07-12,11,60489.00
84,2026-07-13,10,54990.00
84,2026-07-14,10,54990.00
84,2026-07-15,10,54990.00
84,2026-07-16,10,54990.00
84,2026-07-17,10,54990.00
84,2026-07-18,12,65988.00
84,2026-07-19,11,60489.00
84,2026-07-20,10,54990.00
84,2026-07-21,10,54990.00
84,2026-07-22,10,54990.00
84,2026-07-23,10,54990.00
84,2026-07-24,10,54990.00
84,2026-07-25,12,65988.00
84,2026-07-26,11,60489.00
84,2026-07-27,10,54990.00
84,2026-07-28,10,54990.00
84,2026-07-29,10,54990.00
84,2026-07-30,10,54990.00
84,2026-07-31,10,54990.00
84,2026-08-01,12,65988.00
84,2026-08-02,11,60489.00
84,2026-08-03,10,54990.00
84,2026-08-04,10,54990.00
84,2026-08-05,10,54990.00
84,2026-08-06,10,54990.00
84,2026-08-07,10,54990.00
84,2026-08-08,12,65988.00
84,2026-08-09,11,60489.00
84,2026-08-10,10,54990.00
84,2026-08-11,10,54990.00
84,2026-08-12,10,54990.00
84,2026-08-13,10,54990.00
84,2026-08-14,10,54990.00
84,2026-08-15,12,65988.00
84,2026-08-16,11,60489.00
84,2026-08-17,10,54990.00
84,2026-08-18,10,54990.00
84,2026-08-19,10,54990.00
84,2026-08-20,10,54990.00
84,2026-08-21,10,54990.00
84,2026-08-22,12,65988.00
84,2026-08-23,11,60489.00
84,2026-08-24,10,54990.00
84,2026-08-25,10,54990.00
84,2026-08-26,10,54990.00
84,2026-08-27,10,54990.00
84,2026-08-28,10,54990.00
84,2026-08-29,12,65988.00
84,2026-08-30,11,60489.00
84,2026-08-31,10,54990.00
84,2026-09-01,10,54990.00
84,2026-09-02,10,54990.00
84,2026-09-03,10,54990.00
84,2026-09-04,10,54990.00
84,2026-09-05,12,65988.00
84,2026-09-06,11,60489.00
84,2026-09-07,10,54990.00
84,2026-09-08,10,54990.00
84,2026-09-09,10,54990.00
84,2026-09-10,10,54990.00
84,2026-09-11,10,54990.00
84,2026-09-12,12,65988.00
84,2026-09-13,11,60489.00
84,2026-09-14,10,54990.00
84,2026-09-15,10,54990.00
84,2026-09-16,10,54990.00
84,2026-09-17,10,54990.00
84,2026-09-18,10,54990.00
84,2026-09-19,12,65988.00
84,2026-09-20,11,60489.00
84,2026-09-21,10,54990.00
84,2026-09-22,10,54990.00
84,2026-09-23,10,54990.00
84,2026-09-24,10,54990.00
84,2026-09-25,10,54990.00
84,2026-09-26,12,65988.00
84,2026-09-27,11,60489.00
84,2026-09-28,10,54990.00
84,2026-09-29,10,54990.00
85,2025-09-30,4,87996.00
85,2025-10-01,5,109995.00
85,2025-10-02,5,109995.00
85,2025-10-03,5,109995.00
85,2025-10-04,6,131994.00
85,2025-10-05,6,131994.00
85,2025-10-06,5,109995.00
85,2025-10-07,5,109995.00
85,2025-10-08,5,109995.00
85,2025-10-09,5,109995.00
85,2025-10-10,5,109995.00
85,2025-10-11,6,131994.00
85,2025-10-12,6,131994.00
85,2025-10-13,5,109995.00
85,2025-10-14,5,109995.00
85,2025-10-15,5,109995.00
85,2025-10-16,5,109995.00
85,2025-10-17,5,109995.00
85,2025-10-18,6,131994.00
85,2025-10-19,6,131994.00
85,2025-10-20,5,109995.00
85,2025-10-21,5,109995.00
85,2025-10-22,5,109995.00
85,2025-10-23,5,109995.00
85,2025-10-24,5,109995.00
85,2025-10-25,6,131994.00
85,2025-10-26,6,131994.00
85,2025-10-27,5,109995.00
85,2025-10-28,5,109995.00
85,2025-10-29,5,109995.00
85,2025-10-30,5,109995.00
85,2025-10-31,5,109995.00
85,2025-11-01,6,131994.00
85,2025-11-02,6,131994.00
85,2025-11-03,5,109995.00
85,2025-11-04,5,109995.00
85,2025-11-05,5,109995.00
85,2025-11-06,5,109995.00
85,2025-11-07,5,109995.00
85,2025-11-08,6,131994.00
85,2025-11-09,6,131994.00
85,2025-11-10,5,109995.00
85,2025-11-11,5,109995.00
85,2025-11-12,5,109995.00
85,2025-11-13,5,109995.00
85,2025-11-14,5,109995.00
85,2025-11-15,6,131994.00
85,2025-11-16,6,131994.00
85,2025-11-17,5,109995.00
85,2025-11-18,5,109995.00
85,2025-11-19,5,109995.00
85,2025-11-20,5,109995.00
85,2025-11-21,5,109995.00
85,2025-11-22,6,131994.00
85,2025-11-23,6,131994.00
85,2025-11-24,5,109995.00
85,2025-11-25,5,109995.00
85,2025-11-26,5,109995.00
85,2025-11-27,5,109995.00
85,2025-11-28,5,109995.00
85,2025-11-29,6,131994.00
85,2025-11-30,6,131994.00
85,2025-12-01,4,87996.00
85,2025-12-02,4,87996.00
85,2025-12-03,4,87996.00
85,2025-12-04,4,87996.00
85,2025-12-05,4,87996.00
85,2025-12-06,5,109995.00
85,2025-12-07,5,109995.00
85,2025-12-08,4,87996.00
85,2025-12-09,4,87996.00
85,2025-12-10,4,87996.00
85,2025-12-11,4,87996.00
85,2025-12-12,4,87996.00
85,2025-12-13,5,109995.00
85,2025-12-14,5,109995.00
85,2025-12-15,4,87996.00
85,2025-12-16,4,87996.00
85,2025-12-17,4,87996.00
85,2025-12-18,4,87996.00
85,2025-12-19,4,87996.00
85,2025-12-20,5,109995.00
85,2025-12-21,5,109995.00
85,2025-12-22,4,87996.00
85,2025-12-23,4,87996.00
85,2025-12-24,4,87996.00
85,2025-12-25,4,87996.00
85,2025-12-26,4,87996.00
85,2025-12-27,5,109995.00
85,2025-12-28,5,109995.00
85,2025-12-29,4,87996.00
85,2025-12-30,4,87996.00
85,2025-12-31,4,87996.00
85,2026-01-01,4,87996.00
85,2026-01-02,4,87996.00
85,2026-01-03,5,109995.00
85,2026-01-04,5,109995.00
85,2026-01-05,4,87996.00
85,2026-01-06,4,87996.00
85,2026-01-07,4,87996.00
85,2026-01-08,4,87996.00
85,2026-01-09,4,87996.00
85,2026-01-10,5,109995.00
85,2026-01-11,5,109995.00
85,2026-01-12,4,87996.00
85,2026-01-13,4,87996.00
85,2026-01-14,4,87996.00
85,2026-01-15,4,87996.00
85,2026-01-16,4,87996.00
85,2026-01-17,5,109995.00
85,2026-01-18,5,109995.00
85,2026-01-19,4,87996.00
85,2026-01-20,4,87996.00
85,2026-01-21,4,87996.00
85,2026-01-22,4,87996.00
85,2026-01-23,4,87996.00
85,2026-01-24,5,109995.00
85,2026-01-25,5,109995.00
85,2026-01-26,4,87996.00
85,2026-01-27,4,87996.00
85,2026-01-28,4,87996.00
85,2026-01-29,4,87996.00
85,2026-01-30,4,87996.00
85,2026-01-31,5,109995.00
85,2026-02-01,5,109995.00
85,2026-02-02,4,87996.00
85,2026-02-03,4,87996.00
85,2026-02-04,4,87996.00
85,2026-02-05,4,87996.00
85,2026-02-06,4,87996.00
85,2026-02-07,5,109995.00
85,2026-02-08,5,109995.00
85,2026-02-09,4,87996.00
85,2026-02-10,4,87996.00
85,2026-02-11,4,87996.00
85,2026-02-12,4,87996.00
85,2026-02-13,4,87996.00
85,2026-02-14,5,109995.00
85,2026-02-15,5,109995.00
85,2026-02-16,4,87996.00
85,2026-02-17,4,87996.00
85,2026-02-18,4,87996.00
85,2026-02-19,4,87996.00
85,2026-02-20,4,87996.00
85,2026-02-21,5,109995.00
85,2026-02-22,5,109995.00
85,2026-02-23,4,87996.00
85,2026-02-24,4,87996.00
85,2026-02-25,4,87996.00
85,2026-02-26,4,87996.00
85,2026-02-27,4,87996.00
85,2026-02-28,5,109995.00
85,2026-03-01,5,109995.00
85,2026-03-02,4,87996.00
85,2026-03-03,4,87996.00
85,2026-03-04,4,87996.00
85,2026-03-05,4,87996.00
85,2026-03-06,4,87996.00
85,2026-03-07,5,109995.00
85,2026-03-08,5,109995.00
85,2026-03-09,4,87996.00
85,2026-03-10,4,87996.00
85,2026-03-11,4,87996.00
85,2026-03-12,4,87996.00
85,2026-03-13,4,87996.00
85,2026-03-14,5,109995.00
85,2026-03-15,5,109995.00
85,2026-03-16,4,87996.00
85,2026-03-17,4,87996.00
85,2026-03-18,4,87996.00
85,2026-03-19,4,87996.00
85,2026-03-20,4,87996.00
85,2026-03-21,5,109995.00
85,2026-03-22,5,109995.00
85,2026-03-23,4,87996.00
85,2026-03-24,4,87996.00
85,2026-03-25,4,87996.00
85,2026-03-26,4,87996.00
85,2026-03-27,4,87996.00
85,2026-03-28,5,109995.00
85,2026-03-29,5,109995.00
85,2026-03-30,4,87996.00
85,2026-03-31,4,87996.00
85,2026-04-01,4,87996.00
85,2026-04-02,4,87996.00
85,2026-04-03,4,87996.00
85,2026-04-04,5,109995.00
85,2026-04-05,5,109995.00
85,2026-04-06,4,87996.00
85,2026-04-07,4,87996.00
85,2026-04-08,4,87996.00
85,2026-04-09,4,87996.00
85,2026-04-10,4,87996.00
85,2026-04-11,5,109995.00
85,2026-04-12,5,109995.00
85,2026-04-13,4,87996.00
85,2026-04-14,4,87996.00
85,2026-04-15,4,87996.00
85,2026-04-16,4,87996.00
85,2026-04-17,4,87996.00
85,2026-04-18,5,109995.00
85,2026-04-19,5,109995.00
85,2026-04-20,4,87996.00
85,2026-04-21,4,87996.00
85,2026-04-22,4,87996.00
85,2026-04-23,4,87996.00
85,2026-04-24,4,87996.00
85,2026-04-25,5,109995.00
85,2026-04-26,5,109995.00
85,2026-04-27,4,87996.00
85,2026-04-28,4,87996.00
85,2026-04-29,4,87996.00
85,2026-04-30,4,87996.00
85,2026-05-01,4,87996.00
85,2026-05-02,5,109995.00
85,2026-05-03,5,109995.00
85,2026-05-04,4,87996.00
85,2026-05-05,4,87996.00
85,2026-05-06,4,87996.00
85,2026-05-07,4,87996.00
85,2026-05-08,4,87996.00
85,2026-05-09,5,109995.00
85,2026-05-10,5,109995.00
85,2026-05-11,4,87996.00
85,2026-05-12,4,87996.00
85,2026-05-13,4,87996.00
85,2026-05-14,4,87996.00
85,2026-05-15,4,87996.00
85,2026-05-16,5,109995.00
85,2026-05-17,5,109995.00
85,2026-05-18,4,87996.00
85,2026-05-19,4,87996.00
85,2026-05-20,4,87996.00
85,2026-05-21,4,87996.00
85,2026-05-22,4,87996.00
85,2026-05-23,5,109995.00
85,2026-05-24,5,109995.00
85,2026-05-25,4,87996.00
85,2026-05-26,4,87996.00
85,2026-05-27,4,87996.00
85,2026-05-28,4,87996.00
85,2026-05-29,4,87996.00
85,2026-05-30,5,109995.00
85,2026-05-31,5,109995.00
85,2026-06-01,5,109995.00
85,2026-06-02,5,109995.00
85,2026-06-03,5,109995.00
85,2026-06-04,5,109995.00
85,2026-06-05,5,109995.00
85,2026-06-06,6,131994.00
85,2026-06-07,5,109995.00
85,2026-06-08,5,109995.00
85,2026-06-09,5,109995.00
85,2026-06-10,5,109995.00
85,2026-06-11,5,109995.00
85,2026-06-12,5,109995.00
85,2026-06-13,6,131994.00
85,2026-06-14,5,109995.00
85,2026-06-15,5,109995.00
85,2026-06-16,5,109995.00
85,2026-06-17,5,109995.00
85,2026-06-18,5,109995.00
85,2026-06-19,5,109995.00
85,2026-06-20,6,131994.00
85,2026-06-21,5,109995.00
85,2026-06-22,5,109995.00
85,2026-06-23,5,109995.00
85,2026-06-24,5,109995.00
85,2026-06-25,5,109995.00
85,2026-06-26,5,109995.00
85,2026-06-27,6,131994.00
85,2026-06-28,5,109995.00
85,2026-06-29,5,109995.00
85,2026-06-30,5,109995.00
85,2026-07-01,5,109995.00
85,2026-07-02,5,109995.00
85,2026-07-03,5,109995.00
85,2026-07-04,6,131994.00
85,2026-07-05,5,109995.00
85,2026-07-06,5,109995.00
85,2026-07-07,5,109995.00
85,2026-07-08,5,109995.00
85,2026-07-09,5,109995.00
85,2026-07-10,5,109995.00
85,2026-07-11,6,131994.00
85,2026-07-12,5,109995.00
85,2026-07-13,5,109995.00
85,2026-07-14,5,109995.00
85,2026-07-15,5,109995.00
85,2026-07-16,5,109995.00
85,2026-07-17,5,109995.00
85,2026-07-18,6,131994.00
85,2026-07-19,5,109995.00
85,2026-07-20,5,109995.00
85,2026-07-21,5,109995.00
85,2026-07-22,5,109995.00
85,2026-07-23,5,109995.00
85,2026-07-24,5,109995.00
85,2026-07-25,6,131994.00
85,2026-07-26,5,109995.00
85,2026-07-27,5,109995.00
85,2026-07-28,5,109995.00
85,2026-07-29,5,109995.00
85,2026-07-30,5,109995.00
85,2026-07-31,5,109995.00
85,2026-08-01,5,109995.00
85,2026-08-02,5,109995.00
85,2026-08-03,4,87996.00
85,2026-08-04,4,87996.00
85,2026-08-05,4,87996.00
85,2026-08-06,4,87996.00
85,2026-08-07,4,87996.00
85,2026-08-08,5,109995.00
85,2026-08-09,5,109995.00
85,2026-08-10,4,87996.00
85,2026-08-11,4,87996.00
85,2026-08-12,4,87996.00
85,2026-08-13,4,87996.00
85,2026-08-14,4,87996.00
85,2026-08-15,5,109995.00
85,2026-08-16,5,109995.00
85,2026-08-17,4,87996.00
85,2026-08-18,4,87996.00
85,2026-08-19,4,87996.00
85,2026-08-20,4,87996.00
85,2026-08-21,4,87996.00
85,2026-08-22,5,109995.00
85,2026-08-23,5,109995.00
85,2026-08-24,4,87996.00
85,2026-08-25,4,87996.00
85,2026-08-26,4,87996.00
85,2026-08-27,4,87996.00
85,2026-08-28,4,87996.00
85,2026-08-29,5,109995.00
85,2026-08-30,5,109995.00
85,2026-08-31,4,87996.00
85,2026-09-01,4,87996.00
85,2026-09-02,4,87996.00
85,2026-09-03,4,87996.00
85,2026-09-04,4,87996.00
85,2026-09-05,5,109995.00
85,2026-09-06,5,109995.00
85,2026-09-07,4,87996.00
85,2026-09-08,4,87996.00
85,2026-09-09,4,87996.00
85,2026-09-10,4,87996.00
85,2026-09-11,4,87996.00
85,2026-09-12,5,109995.00
85,2026-09-13,5,109995.00
85,2026-09-14,4,87996.00
85,2026-09-15,4,87996.00
85,2026-09-16,4,87996.00
85,2026-09-17,4,87996.00
85,2026-09-18,4,87996.00
85,2026-09-19,5,109995.00
85,2026-09-20,5,109995.00
85,2026-09-21,4,87996.00
85,2026-09-22,4,87996.00
85,2026-09-23,4,87996.00
85,2026-09-24,4,87996.00
85,2026-09-25,4,87996.00
85,2026-09-26,5,109995.00
85,2026-09-27,5,109995.00
85,2026-09-28,4,87996.00
85,2026-09-29,4,87996.00
86,2025-09-30,21,62979.00
86,2025-10-01,26,77974.00
86,2025-10-02,26,77974.00
86,2025-10-03,26,77974.00
86,2025-10-04,32,95968.00
86,2025-10-05,30,89970.00
86,2025-10-06,26,77974.00
86,2025-10-07,26,77974.00
86,2025-10-08,26,77974.00
86,2025-10-09,26,77974.00
86,2025-10-10,26,77974.00
86,2025-10-11,32,95968.00
86,2025-10-12,30,89970.00
86,2025-10-13,26,77974.00
86,2025-10-14,26,77974.00
86,2025-10-15,26,77974.00
86,2025-10-16,26,77974.00
86,2025-10-17,26,77974.00
86,2025-10-18,32,95968.00
86,2025-10-19,30,89970.00
86,2025-10-20,26,77974.00
86,2025-10-21,26,77974.00
86,2025-10-22,26,77974.00
86,2025-10-23,26,77974.00
86,2025-10-24,26,77974.00
86,2025-10-25,32,95968.00
86,2025-10-26,30,89970.00
86,2025-10-27,26,77974.00
86,2025-10-28,26,77974.00
86,2025-10-29,26,77974.00
86,2025-10-30,26,77974.00
86,2025-10-31,26,77974.00
86,2025-11-01,32,95968.00
86,2025-11-02,30,89970.00
86,2025-11-03,26,77974.00
86,2025-11-04,26,77974.00
86,2025-11-05,26,77974.00
86,2025-11-06,26,77974.00
86,2025-11-07,26,77974.00
86,2025-11-08,32,95968.00
86,2025-11-09,30,89970.00
86,2025-11-10,26,77974.00
86,2025-11-11,26,77974.00
86,2025-11-12,26,77974.00
86,2025-11-13,26,77974.00
86,2025-11-14,26,77974.00
86,2025-11-15,32,95968.00
86,2025-11-16,30,89970.00
86,2025-11-17,26,77974.00
86,2025-11-18,26,77974.00
86,2025-11-19,26,77974.00
86,2025-11-20,26,77974.00
86,2025-11-21,26,77974.00
86,2025-11-22,32,95968.00
86,2025-11-23,30,89970.00
86,2025-11-24,26,77974.00
86,2025-11-25,26,77974.00
86,2025-11-26,26,77974.00
86,2025-11-27,26,77974.00
86,2025-11-28,26,77974.00
86,2025-11-29,32,95968.00
86,2025-11-30,30,89970.00
86,2025-12-01,21,62979.00
86,2025-12-02,21,62979.00
86,2025-12-03,21,62979.00
86,2025-12-04,21,62979.00
86,2025-12-05,21,62979.00
86,2025-12-06,25,74975.00
86,2025-12-07,24,71976.00
86,2025-12-08,21,62979.00
86,2025-12-09,21,62979.00
86,2025-12-10,21,62979.00
86,2025-12-11,21,62979.00
86,2025-12-12,21,62979.00
86,2025-12-13,25,74975.00
86,2025-12-14,24,71976.00
86,2025-12-15,21,62979.00
86,2025-12-16,21,62979.00
86,2025-12-17,21,62979.00
86,2025-12-18,21,62979.00
86,2025-12-19,21,62979.00
86,2025-12-20,25,74975.00
86,2025-12-21,24,71976.00
86,2025-12-22,21,62979.00
86,2025-12-23,21,62979.00
86,2025-12-24,21,62979.00
86,2025-12-25,21,62979.00
86,2025-12-26,21,62979.00
86,2025-12-27,25,74975.00
86,2025-12-28,24,71976.00
86,2025-12-29,21,62979.00
86,2025-12-30,21,62979.00
86,2025-12-31,21,62979.00
86,2026-01-01,21,62979.00
86,2026-01-02,21,62979.00
86,2026-01-03,25,74975.00
86,2026-01-04,24,71976.00
86,2026-01-05,21,62979.00
86,2026-01-06,21,62979.00
86,2026-01-07,21,62979.00
86,2026-01-08,21,62979.00
86,2026-01-09,21,62979.00
86,2026-01-10,25,74975.00
86,2026-01-11,24,71976.00
86,2026-01-12,21,62979.00
86,2026-01-13,21,62979.00
86,2026-01-14,21,62979.00
86,2026-01-15,21,62979.00
86,2026-01-16,21,62979.00
86,2026-01-17,25,74975.00
86,2026-01-18,24,71976.00
86,2026-01-19,21,62979.00
86,2026-01-20,21,62979.00
86,2026-01-21,21,62979.00
86,2026-01-22,21,62979.00
86,2026-01-23,21,62979.00
86,2026-01-24,25,74975.00
86,2026-01-25,24,71976.00
86,2026-01-26,21,62979.00
86,2026-01-27,21,62979.00
86,2026-01-28,21,62979.00
86,2026-01-29,21,62979.00
86,2026-01-30,21,62979.00
86,2026-01-31,25,74975.00
86,2026-02-01,24,71976.00
86,2026-02-02,21,62979.00
86,2026-02-03,21,62979.00
86,2026-02-04,21,62979.00
86,2026-02-05,21,62979.00
86,2026-02-06,21,62979.00
86,2026-02-07,25,74975.00
86,2026-02-08,24,71976.00
86,2026-02-09,21,62979.00
86,2026-02-10,21,62979.00
86,2026-02-11,21,62979.00
86,2026-02-12,21,62979.00
86,2026-02-13,21,62979.00
86,2026-02-14,25,74975.00
86,2026-02-15,24,71976.00
86,2026-02-16,21,62979.00
86,2026-02-17,21,62979.00
86,2026-02-18,21,62979.00
86,2026-02-19,21,62979.00
86,2026-02-20,21,62979.00
86,2026-02-21,25,74975.00
86,2026-02-22,24,71976.00
86,2026-02-23,21,62979.00
86,2026-02-24,21,62979.00
86,2026-02-25,21,62979.00
86,2026-02-26,21,62979.00
86,2026-02-27,21,62979.00
86,2026-02-28,25,74975.00
86,2026-03-01,24,71976.00
86,2026-03-02,21,62979.00
86,2026-03-03,21,62979.00
86,2026-03-04,21,62979.00
86,2026-03-05,21,62979.00
86,2026-03-06,21,62979.00
86,2026-03-07,25,74975.00
86,2026-03-08,24,71976.00
86,2026-03-09,21,62979.00
86,2026-03-10,21,62979.00
86,2026-03-11,21,62979.00
86,2026-03-12,21,62979.00
86,2026-03-13,21,62979.00
86,2026-03-14,25,74975.00
86,2026-03-15,24,71976.00
86,2026-03-16,21,62979.00
86,2026-03-17,21,62979.00
86,2026-03-18,21,62979.00
86,2026-03-19,21,62979.00
86,2026-03-20,21,62979.00
86,2026-03-21,25,74975.00
86,2026-03-22,24,71976.00
86,2026-03-23,21,62979.00
86,2026-03-24,21,62979.00
86,2026-03-25,21,62979.00
86,2026-03-26,21,62979.00
86,2026-03-27,21,62979.00
86,2026-03-28,25,74975.00
86,2026-03-29,24,71976.00
86,2026-03-30,21,62979.00
86,2026-03-31,21,62979.00
86,2026-04-01,21,62979.00
86,2026-04-02,21,62979.00
86,2026-04-03,21,62979.00
86,2026-04-04,25,74975.00
86,2026-04-05,24,71976.00
86,2026-04-06,21,62979.00
86,2026-04-07,21,62979.00
86,2026-04-08,21,62979.00
86,2026-04-09,21,62979.00
86,2026-04-10,21,62979.00
86,2026-04-11,25,74975.00
86,2026-04-12,24,71976.00
86,2026-04-13,21,62979.00
86,2026-04-14,21,62979.00
86,2026-04-15,21,62979.00
86,2026-04-16,21,62979.00
86,2026-04-17,21,62979.00
86,2026-04-18,25,74975.00
86,2026-04-19,24,71976.00
86,2026-04-20,21,62979.00
86,2026-04-21,21,62979.00
86,2026-04-22,21,62979.00
86,2026-04-23,21,62979.00
86,2026-04-24,21,62979.00
86,2026-04-25,25,74975.00
86,2026-04-26,24,71976.00
86,2026-04-27,21,62979.00
86,2026-04-28,21,62979.00
86,2026-04-29,21,62979.00
86,2026-04-30,21,62979.00
86,2026-05-01,21,62979.00
86,2026-05-02,25,74975.00
86,2026-05-03,24,71976.00
86,2026-05-04,21,62979.00
86,2026-05-05,21,62979.00
86,2026-05-06,21,62979.00
86,2026-05-07,21,62979.00
86,2026-05-08,21,62979.00
86,2026-05-09,25,74975.00
86,2026-05-10,24,71976.00
86,2026-05-11,21,62979.00
86,2026-05-12,21,62979.00
86,2026-05-13,21,62979.00
86,2026-05-14,21,62979.00
86,2026-05-15,21,62979.00
86,2026-05-16,25,74975.00
86,2026-05-17,24,71976.00
86,2026-05-18,21,62979.00
86,2026-05-19,21,62979.00
86,2026-05-20,21,62979.00
86,2026-05-21,21,62979.00
86,2026-05-22,21,62979.00
86,2026-05-23,25,74975.00
86,2026-05-24,24,71976.00
86,2026-05-25,21,62979.00
86,2026-05-26,21,62979.00
86,2026-05-27,21,62979.00
86,2026-05-28,21,62979.00
86,2026-05-29,21,62979.00
86,2026-05-30,25,74975.00
86,2026-05-31,24,71976.00
86,2026-06-01,21,62979.00
86,2026-06-02,21,62979.00
86,2026-06-03,21,62979.00
86,2026-06-04,21,62979.00
86,2026-06-05,21,62979.00
86,2026-06-06,25,74975.00
86,2026-06-07,24,71976.00
86,2026-06-08,21,62979.00
86,2026-06-09,21,62979.00
86,2026-06-10,21,62979.00
86,2026-06-11,21,62979.00
86,2026-06-12,21,62979.00
86,2026-06-13,25,74975.00
86,2026-06-14,24,71976.00
86,2026-06-15,21,62979.00
86,2026-06-16,21,62979.00
86,2026-06-17,21,62979.00
86,2026-06-18,21,62979.00
86,2026-06-19,21,62979.00
86,2026-06-20,25,74975.00
86,2026-06-21,24,71976.00
86,2026-06-22,21,62979.00
86,2026-06-23,21,62979.00
86,2026-06-24,21,62979.00
86,2026-06-25,21,62979.00
86,2026-06-26,21,62979.00
86,2026-06-27,25,74975.00
86,2026-06-28,24,71976.00
86,2026-06-29,21,62979.00
86,2026-06-30,21,62979.00
86,2026-07-01,21,62979.00
86,2026-07-02,21,62979.00
86,2026-07-03,21,62979.00
86,2026-07-04,25,74975.00
86,2026-07-05,24,71976.00
86,2026-07-06,21,62979.00
86,2026-07-07,21,62979.00
86,2026-07-08,21,62979.00
86,2026-07-09,21,62979.00
86,2026-07-10,21,62979.00
86,2026-07-11,25,74975.00
86,2026-07-12,24,71976.00
86,2026-07-13,21,62979.00
86,2026-07-14,21,62979.00
86,2026-07-15,21,62979.00
86,2026-07-16,21,62979.00
86,2026-07-17,21,62979.00
86,2026-07-18,25,74975.00
86,2026-07-19,24,71976.00
86,2026-07-20,21,62979.00
86,2026-07-21,21,62979.00
86,2026-07-22,21,62979.00
86,2026-07-23,21,62979.00
86,2026-07-24,21,62979.00
86,2026-07-25,25,74975.00
86,2026-07-26,24,71976.00
86,2026-07-27,21,62979.00
86,2026-07-28,21,62979.00
86,2026-07-29,21,62979.00
86,2026-07-30,21,62979.00
86,2026-07-31,21,62979.00
86,2026-08-01,25,74975.00
86,2026-08-02,24,71976.00
86,2026-08-03,21,62979.00
86,2026-08-04,21,62979.00
86,2026-08-05,21,62979.00
86,2026-08-06,21,62979.00
86,2026-08-07,21,62979.00
86,2026-08-08,25,74975.00
86,2026-08-09,24,71976.00
86,2026-08-10,21,62979.00
86,2026-08-11,21,62979.00
86,2026-08-12,21,62979.00
86,2026-08-13,21,62979.00
86,2026-08-14,21,62979.00
86,2026-08-15,25,74975.00
86,2026-08-16,24,71976.00
86,2026-08-17,21,62979.00
86,2026-08-18,21,62979.00
86,2026-08-19,21,62979.00
86,2026-08-20,21,62979.00
86,2026-08-21,21,62979.00
86,2026-08-22,25,74975.00
86,2026-08-23,24,71976.00
86,2026-08-24,21,62979.00
86,2026-08-25,21,62979.00
86,2026-08-26,21,62979.00
86,2026-08-27,21,62979.00
86,2026-08-28,21,62979.00
86,2026-08-29,25,74975.00
86,2026-08-30,24,71976.00
86,2026-08-31,21,62979.00
86,2026-09-01,21,62979.00
86,2026-09-02,21,62979.00
86,2026-09-03,21,62979.00
86,2026-09-04,21,62979.00
86,2026-09-05,25,74975.00
86,2026-09-06,24,71976.00
86,2026-09-07,21,62979.00
86,2026-09-08,21,62979.00
86,2026-09-09,21,62979.00
86,2026-09-10,21,62979.00
86,2026-09-11,21,62979.00
86,2026-09-12,25,74975.00
86,2026-09-13,24,71976.00
86,2026-09-14,21,62979.00
86,2026-09-15,21,62979.00
86,2026-09-16,21,62979.00
86,2026-09-17,21,62979.00
86,2026-09-18,21,62979.00
86,2026-09-19,25,74975.00
86,2026-09-20,24,71976.00
86,2026-09-21,21,62979.00
86,2026-09-22,21,62979.00
86,2026-09-23,21,62979.00
86,2026-09-24,21,62979.00
86,2026-09-25,21,62979.00
86,2026-09-26,25,74975.00
86,2026-09-27,24,71976.00
86,2026-09-28,21,62979.00
86,2026-09-29,21,62979.00
87,2025-09-30,17,59483.00
87,2025-10-01,21,73479.00
87,2025-10-02,21,73479.00
87,2025-10-03,21,73479.00
87,2025-10-04,25,87475.00
87,2025-10-05,24,83976.00
87,2025-10-06,21,73479.00
87,2025-10-07,21,73479.00
87,2025-10-08,21,73479.00
87,2025-10-09,21,73479.00
87,2025-10-10,21,73479.00
87,2025-10-11,25,87475.00
87,2025-10-12,24,83976.00
87,2025-10-13,21,73479.00
87,2025-10-14,21,73479.00
87,2025-10-15,21,73479.00
87,2025-10-16,21,73479.00
87,2025-10-17,21,73479.00
87,2025-10-18,25,87475.00
87,2025-10-19,24,83976.00
87,2025-10-20,21,73479.00
87,2025-10-21,21,73479.00
87,2025-10-22,21,73479.00
87,2025-10-23,21,73479.00
87,2025-10-24,21,73479.00
87,2025-10-25,25,87475.00
87,2025-10-26,24,83976.00
87,2025-10-27,21,73479.00
87,2025-10-28,21,73479.00
87,2025-10-29,21,73479.00
87,2025-10-30,21,73479.00
87,2025-10-31,21,73479.00
87,2025-11-01,25,87475.00
87,2025-11-02,24,83976.00
87,2025-11-03,21,73479.00
87,2025-11-04,21,73479.00
87,2025-11-05,21,73479.00
87,2025-11-06,21,73479.00
87,2025-11-07,21,73479.00
87,2025-11-08,25,87475.00
87,2025-11-09,24,83976.00
87,2025-11-10,21,73479.00
87,2025-11-11,21,73479.00
87,2025-11-12,21,73479.00
87,2025-11-13,21,73479.00
87,2025-11-14,21,73479.00
87,2025-11-15,25,87475.00
87,2025-11-16,24,83976.00
87,2025-11-17,21,73479.00
87,2025-11-18,21,73479.00
87,2025-11-19,21,73479.00
87,2025-11-20,21,73479.00
87,2025-11-21,21,73479.00
87,2025-11-22,25,87475.00
87,2025-11-23,24,83976.00
87,2025-11-24,21,73479.00
87,2025-11-25,21,73479.00
87,2025-11-26,21,73479.00
87,2025-11-27,21,73479.00
87,2025-11-28,21,73479.00
87,2025-11-29,25,87475.00
87,2025-11-30,24,83976.00
87,2025-12-01,17,59483.00
87,2025-12-02,17,59483.00
87,2025-12-03,17,59483.00
87,2025-12-04,17,59483.00
87,2025-12-05,17,59483.00
87,2025-12-06,20,69980.00
87,2025-12-07,19,66481.00
87,2025-12-08,17,59483.00
87,2025-12-09,17,59483.00
87,2025-12-10,17,59483.00
87,2025-12-11,17,59483.00
87,2025-12-12,17,59483.00
87,2025-12-13,20,69980.00
87,2025-12-14,19,66481.00
87,2025-12-15,17,59483.00
87,2025-12-16,17,59483.00
87,2025-12-17,17,59483.00
87,2025-12-18,17,59483.00
87,2025-12-19,17,59483.00
87,2025-12-20,20,69980.00
87,2025-12-21,19,66481.00
87,2025-12-22,17,59483.00
87,2025-12-23,17,59483.00
87,2025-12-24,17,59483.00
87,2025-12-25,17,59483.00
87,2025-12-26,17,59483.00
87,2025-12-27,20,69980.00
87,2025-12-28,19,66481.00
87,2025-12-29,17,59483.00
87,2025-12-30,17,59483.00
87,2025-12-31,17,59483.00
87,2026-01-01,17,59483.00
87,2026-01-02,17,59483.00
87,2026-01-03,20,69980.00
87,2026-01-04,19,66481.00
87,2026-01-05,17,59483.00
87,2026-01-06,17,59483.00
87,2026-01-07,17,59483.00
87,2026-01-08,17,59483.00
87,2026-01-09,17,59483.00
87,2026-01-10,20,69980.00
87,2026-01-11,19,66481.00
87,2026-01-12,17,59483.00
87,2026-01-13,17,59483.00
87,2026-01-14,17,59483.00
87,2026-01-15,17,59483.00
87,2026-01-16,17,59483.00
87,2026-01-17,20,69980.00
87,2026-01-18,19,66481.00
87,2026-01-19,17,59483.00
87,2026-01-20,17,59483.00
87,2026-01-21,17,59483.00
87,2026-01-22,17,59483.00
87,2026-01-23,17,59483.00
87,2026-01-24,20,69980.00
87,2026-01-25,19,66481.00
87,2026-01-26,17,59483.00
87,2026-01-27,17,59483.00
87,2026-01-28,17,59483.00
87,2026-01-29,17,59483.00
87,2026-01-30,17,59483.00
87,2026-01-31,20,69980.00
87,2026-02-01,19,66481.00
87,2026-02-02,17,59483.00
87,2026-02-03,17,59483.00
87,2026-02-04,17,59483.00
87,2026-02-05,17,59483.00
87,2026-02-06,17,59483.00
87,2026-02-07,20,69980.00
87,2026-02-08,19,66481.00
87,2026-02-09,17,59483.00
87,2026-02-10,17,59483.00
87,2026-02-11,17,59483.00
87,2026-02-12,17,59483.00
87,2026-02-13,17,59483.00
87,2026-02-14,20,69980.00
87,2026-02-15,19,66481.00
87,2026-02-16,17,59483.00
87,2026-02-17,17,59483.00
87,2026-02-18,17,59483.00
87,2026-02-19,17,59483.00
87,2026-02-20,17,59483.00
87,2026-02-21,20,69980.00
87,2026-02-22,19,66481.00
87,2026-02-23,17,59483.00
87,2026-02-24,17,59483.00
87,2026-02-25,17,59483.00
87,2026-02-26,17,59483.00
87,2026-02-27,17,59483.00
87,2026-02-28,20,69980.00
87,2026-03-01,19,66481.00
87,2026-03-02,17,59483.00
87,2026-03-03,17,59483.00
87,2026-03-04,17,59483.00
87,2026-03-05,17,59483.00
87,2026-03-06,17,59483.00
87,2026-03-07,20,69980.00
87,2026-03-08,19,66481.00
87,2026-03-09,17,59483.00
87,2026-03-10,17,59483.00
87,2026-03-11,17,59483.00
87,2026-03-12,17,59483.00
87,2026-03-13,17,59483.00
87,2026-03-14,20,69980.00
87,2026-03-15,19,66481.00
87,2026-03-16,17,59483.00
87,2026-03-17,17,59483.00
87,2026-03-18,17,59483.00
87,2026-03-19,17,59483.00
87,2026-03-20,17,59483.00
87,2026-03-21,20,69980.00
87,2026-03-22,19,66481.00
87,2026-03-23,17,59483.00
87,2026-03-24,17,59483.00
87,2026-03-25,17,59483.00
87,2026-03-26,17,59483.00
87,2026-03-27,17,59483.00
87,2026-03-28,20,69980.00
87,2026-03-29,19,66481.00
87,2026-03-30,17,59483.00
87,2026-03-31,17,59483.00
87,2026-04-01,18,62982.00
87,2026-04-02,18,62982.00
87,2026-04-03,18,62982.00
87,2026-04-04,22,76978.00
87,2026-04-05,21,73479.00
87,2026-04-06,18,62982.00
87,2026-04-07,18,62982.00
87,2026-04-08,18,62982.00
87,2026-04-09,18,62982.00
87,2026-04-10,18,62982.00
87,2026-04-11,22,76978.00
87,2026-04-12,21,73479.00
87,2026-04-13,18,62982.00
87,2026-04-14,18,62982.00
87,2026-04-15,18,62982.00
87,2026-04-16,18,62982.00
87,2026-04-17,18,62982.00
87,2026-04-18,22,76978.00
87,2026-04-19,21,73479.00
87,2026-04-20,18,62982.00
87,2026-04-21,18,62982.00
87,2026-04-22,18,62982.00
87,2026-04-23,18,62982.00
87,2026-04-24,18,62982.00
87,2026-04-25,22,76978.00
87,2026-04-26,21,73479.00
87,2026-04-27,18,62982.00
87,2026-04-28,18,62982.00
87,2026-04-29,18,62982.00
87,2026-04-30,18,62982.00
87,2026-05-01,18,62982.00
87,2026-05-02,22,76978.00
87,2026-05-03,21,73479.00
87,2026-05-04,18,62982.00
87,2026-05-05,18,62982.00
87,2026-05-06,18,62982.00
87,2026-05-07,18,62982.00
87,2026-05-08,18,62982.00
87,2026-05-09,22,76978.00
87,2026-05-10,21,73479.00
87,2026-05-11,18,62982.00
87,2026-05-12,18,62982.00
87,2026-05-13,18,62982.00
87,2026-05-14,18,62982.00
87,2026-05-15,18,62982.00
87,2026-05-16,22,76978.00
87,2026-05-17,21,73479.00
87,2026-05-18,18,62982.00
87,2026-05-19,18,62982.00
87,2026-05-20,18,62982.00
87,2026-05-21,18,62982.00
87,2026-05-22,18,62982.00
87,2026-05-23,22,76978.00
87,2026-05-24,21,73479.00
87,2026-05-25,18,62982.00
87,2026-05-26,18,62982.00
87,2026-05-27,18,62982.00
87,2026-05-28,18,62982.00
87,2026-05-29,18,62982.00
87,2026-05-30,22,76978.00
87,2026-05-31,21,73479.00
87,2026-06-01,17,59483.00
87,2026-06-02,17,59483.00
87,2026-06-03,17,59483.00
87,2026-06-04,17,59483.00
87,2026-06-05,17,59483.00
87,2026-06-06,20,69980.00
87,2026-06-07,19,66481.00
87,2026-06-08,17,59483.00
87,2026-06-09,17,59483.00
87,2026-06-10,17,59483.00
87,2026-06-11,17,59483.00
87,2026-06-12,17,59483.00
87,2026-06-13,20,69980.00
87,2026-06-14,19,66481.00
87,2026-06-15,17,59483.00
87,2026-06-16,17,59483.00
87,2026-06-17,17,59483.00
87,2026-06-18,17,59483.00
87,2026-06-19,17,59483.00
87,2026-06-20,20,69980.00
87,2026-06-21,19,66481.00
87,2026-06-22,17,59483.00
87,2026-06-23,17,59483.00
87,2026-06-24,17,59483.00
87,2026-06-25,17,59483.00
87,2026-06-26,17,59483.00
87,2026-06-27,20,69980.00
87,2026-06-28,19,66481.00
87,2026-06-29,17,59483.00
87,2026-06-30,17,59483.00
87,2026-07-01,17,59483.00
87,2026-07-02,17,59483.00
87,2026-07-03,17,59483.00
87,2026-07-04,20,69980.00
87,2026-07-05,19,66481.00
87,2026-07-06,17,59483.00
87,2026-07-07,17,59483.00
87,2026-07-08,17,59483.00
87,2026-07-09,17,59483.00
87,2026-07-10,17,59483.00
87,2026-07-11,20,69980.00
87,2026-07-12,19,66481.00
87,2026-07-13,17,59483.00
87,2026-07-14,17,59483.00
87,2026-07-15,17,59483.00
87,2026-07-16,17,59483.00
87,2026-07-17,17,59483.00
87,2026-07-18,20,69980.00
87,2026-07-19,19,66481.00
87,2026-07-20,17,59483.00
87,2026-07-21,17,59483.00
87,2026-07-22,17,59483.00
87,2026-07-23,17,59483.00
87,2026-07-24,17,59483.00
87,2026-07-25,20,69980.00
87,2026-07-26,19,66481.00
87,2026-07-27,17,59483.00
87,2026-07-28,17,59483.00
87,2026-07-29,17,59483.00
87,2026-07-30,17,59483.00
87,2026-07-31,17,59483.00
87,2026-08-01,20,69980.00
87,2026-08-02,19,66481.00
87,2026-08-03,17,59483.00
87,2026-08-04,17,59483.00
87,2026-08-05,17,59483.00
87,2026-08-06,17,59483.00
87,2026-08-07,17,59483.00
87,2026-08-08,20,69980.00
87,2026-08-09,19,66481.00
87,2026-08-10,17,59483.00
87,2026-08-11,17,59483.00
87,2026-08-12,17,59483.00
87,2026-08-13,17,59483.00
87,2026-08-14,17,59483.00
87,2026-08-15,20,69980.00
87,2026-08-16,19,66481.00
87,2026-08-17,17,59483.00
87,2026-08-18,17,59483.00
87,2026-08-19,17,59483.00
87,2026-08-20,17,59483.00
87,2026-08-21,17,59483.00
87,2026-08-22,20,69980.00
87,2026-08-23,19,66481.00
87,2026-08-24,17,59483.00
87,2026-08-25,17,59483.00
87,2026-08-26,17,59483.00
87,2026-08-27,17,59483.00
87,2026-08-28,17,59483.00
87,2026-08-29,20,69980.00
87,2026-08-30,19,66481.00
87,2026-08-31,17,59483.00
87,2026-09-01,17,59483.00
87,2026-09-02,17,59483.00
87,2026-09-03,17,59483.00
87,2026-09-04,17,59483.00
87,2026-09-05,20,69980.00
87,2026-09-06,19,66481.00
87,2026-09-07,17,59483.00
87,2026-09-08,17,59483.00
87,2026-09-09,17,59483.00
87,2026-09-10,17,59483.00
87,2026-09-11,17,59483.00
87,2026-09-12,20,69980.00
87,2026-09-13,19,66481.00
87,2026-09-14,17,59483.00
87,2026-09-15,17,59483.00
87,2026-09-16,17,59483.00
87,2026-09-17,17,59483.00
87,2026-09-18,17,59483.00
87,2026-09-19,20,69980.00
87,2026-09-20,19,66481.00
87,2026-09-21,17,59483.00
87,2026-09-22,17,59483.00
87,2026-09-23,17,59483.00
87,2026-09-24,17,59483.00
87,2026-09-25,17,59483.00
87,2026-09-26,20,69980.00
87,2026-09-27,19,66481.00
87,2026-09-28,17,59483.00
87,2026-09-29,17,59483.00
88,2025-09-30,8,51992.00
88,2025-10-01,9,58491.00
88,2025-10-02,9,58491.00
88,2025-10-03,9,58491.00
88,2025-10-04,11,71489.00
88,2025-10-05,11,71489.00
88,2025-10-06,9,58491.00
88,2025-10-07,9,58491.00
88,2025-10-08,9,58491.00
88,2025-10-09,9,58491.00
88,2025-10-10,9,58491.00
88,2025-10-11,11,71489.00
88,2025-10-12,11,71489.00
88,2025-10-13,9,58491.00
88,2025-10-14,9,58491.00
88,2025-10-15,9,58491.00
88,2025-10-16,9,58491.00
88,2025-10-17,9,58491.00
88,2025-10-18,11,71489.00
88,2025-10-19,11,71489.00
88,2025-10-20,9,58491.00
88,2025-10-21,9,58491.00
88,2025-10-22,9,58491.00
88,2025-10-23,9,58491.00
88,2025-10-24,9,58491.00
88,2025-10-25,11,71489.00
88,2025-10-26,11,71489.00
88,2025-10-27,9,58491.00
88,2025-10-28,9,58491.00
88,2025-10-29,9,58491.00
88,2025-10-30,9,58491.00
88,2025-10-31,9,58491.00
88,2025-11-01,11,71489.00
88,2025-11-02,11,71489.00
88,2025-11-03,9,58491.00
88,2025-11-04,9,58491.00
88,2025-11-05,9,58491.00
88,2025-11-06,9,58491.00
88,2025-11-07,9,58491.00
88,2025-11-08,11,71489.00
88,2025-11-09,11,71489.00
88,2025-11-10,9,58491.00
88,2025-11-11,9,58491.00
88,2025-11-12,9,58491.00
88,2025-11-13,9,58491.00
88,2025-11-14,9,58491.00
88,2025-11-15,11,71489.00
88,2025-11-16,11,71489.00
88,2025-11-17,9,58491.00
88,2025-11-18,9,58491.00
88,2025-11-19,9,58491.00
88,2025-11-20,9,58491.00
88,2025-11-21,9,58491.00
88,2025-11-22,11,71489.00
88,2025-11-23,11,71489.00
88,2025-11-24,9,58491.00
88,2025-11-25,9,58491.00
88,2025-11-26,9,58491.00
88,2025-11-27,9,58491.00
88,2025-11-28,9,58491.00
88,2025-11-29,11,71489.00
88,2025-11-30,11,71489.00
88,2025-12-01,8,51992.00
88,2025-12-02,8,51992.00
88,2025-12-03,8,51992.00
88,2025-12-04,8,51992.00
88,2025-12-05,8,51992.00
88,2025-12-06,9,58491.00
88,2025-12-07,9,58491.00
88,2025-12-08,8,51992.00
88,2025-12-09,8,51992.00
88,2025-12-10,8,51992.00
88,2025-12-11,8,51992.00
88,2025-12-12,8,51992.00
88,2025-12-13,9,58491.00
88,2025-12-14,9,58491.00
88,2025-12-15,8,51992.00
88,2025-12-16,8,51992.00
88,2025-12-17,8,51992.00
88,2025-12-18,8,51992.00
88,2025-12-19,8,51992.00
88,2025-12-20,9,58491.00
88,2025-12-21,9,58491.00
88,2025-12-22,8,51992.00
88,2025-12-23,8,51992.00
88,2025-12-24,8,51992.00
88,2025-12-25,8,51992.00
88,2025-12-26,8,51992.00
88,2025-12-27,9,58491.00
88,2025-12-28,9,58491.00
88,2025-12-29,8,51992.00
88,2025-12-30,8,51992.00
88,2025-12-31,8,51992.00
88,2026-01-01,8,51992.00
88,2026-01-02,8,51992.00
88,2026-01-03,9,58491.00
88,2026-01-04,9,58491.00
88,2026-01-05,8,51992.00
88,2026-01-06,8,51992.00
88,2026-01-07,8,51992.00
88,2026-01-08,8,51992.00
88,2026-01-09,8,51992.00
88,2026-01-10,9,58491.00
88,2026-01-11,9,58491.00
88,2026-01-12,8,51992.00
88,2026-01-13,8,51992.00
88,2026-01-14,8,51992.00
88,2026-01-15,8,51992.00
88,2026-01-16,8,51992.00
88,2026-01-17,9,58491.00
88,2026-01-18,9,58491.00
88,2026-01-19,8,51992.00
88,2026-01-20,8,51992.00
88,2026-01-21,8,51992.00
88,2026-01-22,8,51992.00
88,2026-01-23,8,51992.00
88,2026-01-24,9,58491.00
88,2026-01-25,9,58491.00
88,2026-01-26,8,51992.00
88,2026-01-27,8,51992.00
88,2026-01-28,8,51992.00
88,2026-01-29,8,51992.00
88,2026-01-30,8,51992.00
88,2026-01-31,9,58491.00
88,2026-02-01,9,58491.00
88,2026-02-02,8,51992.00
88,2026-02-03,8,51992.00
88,2026-02-04,8,51992.00
88,2026-02-05,8,51992.00
88,2026-02-06,8,51992.00
88,2026-02-07,9,58491.00
88,2026-02-08,9,58491.00
88,2026-02-09,8,51992.00
88,2026-02-10,8,51992.00
88,2026-02-11,8,51992.00
88,2026-02-12,8,51992.00
88,2026-02-13,8,51992.00
88,2026-02-14,9,58491.00
88,2026-02-15,9,58491.00
88,2026-02-16,8,51992.00
88,2026-02-17,8,51992.00
88,2026-02-18,8,51992.00
88,2026-02-19,8,51992.00
88,2026-02-20,8,51992.00
88,2026-02-21,9,58491.00
88,2026-02-22,9,58491.00
88,2026-02-23,8,51992.00
88,2026-02-24,8,51992.00
88,2026-02-25,8,51992.00
88,2026-02-26,8,51992.00
88,2026-02-27,8,51992.00
88,2026-02-28,9,58491.00
88,2026-03-01,9,58491.00
88,2026-03-02,8,51992.00
88,2026-03-03,8,51992.00
88,2026-03-04,8,51992.00
88,2026-03-05,8,51992.00
88,2026-03-06,8,51992.00
88,2026-03-07,9,58491.00
88,2026-03-08,9,58491.00
88,2026-03-09,8,51992.00
88,2026-03-10,8,51992.00
88,2026-03-11,8,51992.00
88,2026-03-12,8,51992.00
88,2026-03-13,8,51992.00
88,2026-03-14,9,58491.00
88,2026-03-15,9,58491.00
88,2026-03-16,8,51992.00
88,2026-03-17,8,51992.00
88,2026-03-18,8,51992.00
88,2026-03-19,8,51992.00
88,2026-03-20,8,51992.00
88,2026-03-21,9,58491.00
88,2026-03-22,9,58491.00
88,2026-03-23,8,51992.00
88,2026-03-24,8,51992.00
88,2026-03-25,8,51992.00
88,2026-03-26,8,51992.00
88,2026-03-27,8,51992.00
88,2026-03-28,9,58491.00
88,2026-03-29,9,58491.00
88,2026-03-30,8,51992.00
88,2026-03-31,8,51992.00
88,2026-04-01,8,51992.00
88,2026-04-02,8,51992.00
88,2026-04-03,8,51992.00
88,2026-04-04,9,58491.00
88,2026-04-05,9,58491.00
88,2026-04-06,8,51992.00
88,2026-04-07,8,51992.00
88,2026-04-08,8,51992.00
88,2026-04-09,8,51992.00
88,2026-04-10,8,51992.00
88,2026-04-11,9,58491.00
88,2026-04-12,9,58491.00
88,2026-04-13,8,51992.00
88,2026-04-14,8,51992.00
88,2026-04-15,8,51992.00
88,2026-04-16,8,51992.00
88,2026-04-17,8,51992.00
88,2026-04-18,9,58491.00
88,2026-04-19,9,58491.00
88,2026-04-20,8,51992.00
88,2026-04-21,8,51992.00
88,2026-04-22,8,51992.00
88,2026-04-23,8,51992.00
88,2026-04-24,8,51992.00
88,2026-04-25,9,58491.00
88,2026-04-26,9,58491.00
88,2026-04-27,8,51992.00
88,2026-04-28,8,51992.00
88,2026-04-29,8,51992.00
88,2026-04-30,8,51992.00
88,2026-05-01,8,51992.00
88,2026-05-02,9,58491.00
88,2026-05-03,9,58491.00
88,2026-05-04,8,51992.00
88,2026-05-05,8,51992.00
88,2026-05-06,8,51992.00
88,2026-05-07,8,51992.00
88,2026-05-08,8,51992.00
88,2026-05-09,9,58491.00
88,2026-05-10,9,58491.00
88,2026-05-11,8,51992.00
88,2026-05-12,8,51992.00
88,2026-05-13,8,51992.00
88,2026-05-14,8,51992.00
88,2026-05-15,8,51992.00
88,2026-05-16,9,58491.00
88,2026-05-17,9,58491.00
88,2026-05-18,8,51992.00
88,2026-05-19,8,51992.00
88,2026-05-20,8,51992.00
88,2026-05-21,8,51992.00
88,2026-05-22,8,51992.00
88,2026-05-23,9,58491.00
88,2026-05-24,9,58491.00
88,2026-05-25,8,51992.00
88,2026-05-26,8,51992.00
88,2026-05-27,8,51992.00
88,2026-05-28,8,51992.00
88,2026-05-29,8,51992.00
88,2026-05-30,9,58491.00
88,2026-05-31,9,58491.00
88,2026-06-01,8,51992.00
88,2026-06-02,8,51992.00
88,2026-06-03,8,51992.00
88,2026-06-04,8,51992.00
88,2026-06-05,8,51992.00
88,2026-06-06,9,58491.00
88,2026-06-07,9,58491.00
88,2026-06-08,8,51992.00
88,2026-06-09,8,51992.00
88,2026-06-10,8,51992.00
88,2026-06-11,8,51992.00
88,2026-06-12,8,51992.00
88,2026-06-13,9,58491.00
88,2026-06-14,9,58491.00
88,2026-06-15,8,51992.00
88,2026-06-16,8,51992.00
88,2026-06-17,8,51992.00
88,2026-06-18,8,51992.00
88,2026-06-19,8,51992.00
88,2026-06-20,9,58491.00
88,2026-06-21,9,58491.00
88,2026-06-22,8,51992.00
88,2026-06-23,8,51992.00
88,2026-06-24,8,51992.00
88,2026-06-25,8,51992.00
88,2026-06-26,8,51992.00
88,2026-06-27,9,58491.00
88,2026-06-28,9,58491.00
88,2026-06-29,8,51992.00
88,2026-06-30,8,51992.00
88,2026-07-01,8,51992.00
88,2026-07-02,8,51992.00
88,2026-07-03,8,51992.00
88,2026-07-04,9,58491.00
88,2026-07-05,9,58491.00
88,2026-07-06,8,51992.00
88,2026-07-07,8,51992.00
88,2026-07-08,8,51992.00
88,2026-07-09,8,51992.00
88,2026-07-10,8,51992.00
88,2026-07-11,9,58491.00
88,2026-07-12,9,58491.00
88,2026-07-13,8,51992.00
88,2026-07-14,8,51992.00
88,2026-07-15,8,51992.00
88,2026-07-16,8,51992.00
88,2026-07-17,8,51992.00
88,2026-07-18,9,58491.00
88,2026-07-19,9,58491.00
88,2026-07-20,8,51992.00
88,2026-07-21,8,51992.00
88,2026-07-22,8,51992.00
88,2026-07-23,8,51992.00
88,2026-07-24,8,51992.00
88,2026-07-25,9,58491.00
88,2026-07-26,9,58491.00
88,2026-07-27,8,51992.00
88,2026-07-28,8,51992.00
88,2026-07-29,8,51992.00
88,2026-07-30,8,51992.00
88,2026-07-31,8,51992.00
88,2026-08-01,9,58491.00
88,2026-08-02,9,58491.00
88,2026-08-03,8,51992.00
88,2026-08-04,8,51992.00
88,2026-08-05,8,51992.00
88,2026-08-06,8,51992.00
88,2026-08-07,8,51992.00
88,2026-08-08,9,58491.00
88,2026-08-09,9,58491.00
88,2026-08-10,8,51992.00
88,2026-08-11,8,51992.00
88,2026-08-12,8,51992.00
88,2026-08-13,8,51992.00
88,2026-08-14,8,51992.00
88,2026-08-15,9,58491.00
88,2026-08-16,9,58491.00
88,2026-08-17,8,51992.00
88,2026-08-18,8,51992.00
88,2026-08-19,8,51992.00
88,2026-08-20,8,51992.00
88,2026-08-21,8,51992.00
88,2026-08-22,9,58491.00
88,2026-08-23,9,58491.00
88,2026-08-24,8,51992.00
88,2026-08-25,8,51992.00
88,2026-08-26,8,51992.00
88,2026-08-27,8,51992.00
88,2026-08-28,8,51992.00
88,2026-08-29,9,58491.00
88,2026-08-30,9,58491.00
88,2026-08-31,8,51992.00
88,2026-09-01,8,51992.00
88,2026-09-02,8,51992.00
88,2026-09-03,8,51992.00
88,2026-09-04,8,51992.00
88,2026-09-05,9,58491.00
88,2026-09-06,9,58491.00
88,2026-09-07,8,51992.00
88,2026-09-08,8,51992.00
88,2026-09-09,8,51992.00
88,2026-09-10,8,51992.00
88,2026-09-11,8,51992.00
88,2026-09-12,9,58491.00
88,2026-09-13,9,58491.00
88,2026-09-14,8,51992.00
88,2026-09-15,8,51992.00
88,2026-09-16,8,51992.00
88,2026-09-17,8,51992.00
88,2026-09-18,8,51992.00
88,2026-09-19,9,58491.00
88,2026-09-20,9,58491.00
88,2026-09-21,8,51992.00
88,2026-09-22,8,51992.00
88,2026-09-23,8,51992.00
88,2026-09-24,8,51992.00
88,2026-09-25,8,51992.00
88,2026-09-26,9,58491.00
88,2026-09-27,9,58491.00
88,2026-09-28,8,51992.00
88,2026-09-29,8,51992.00
89,2025-09-30,13,38987.00
89,2025-10-01,16,47984.00
89,2025-10-02,16,47984.00
89,2025-10-03,16,47984.00
89,2025-10-04,19,56981.00
89,2025-10-05,18,53982.00
89,2025-10-06,16,47984.00
89,2025-10-07,16,47984.00
89,2025-10-08,16,47984.00
89,2025-10-09,16,47984.00
89,2025-10-10,16,47984.00
89,2025-10-11,19,56981.00
89,2025-10-12,18,53982.00
89,2025-10-13,16,47984.00
89,2025-10-14,16,47984.00
89,2025-10-15,16,47984.00
89,2025-10-16,16,47984.00
89,2025-10-17,16,47984.00
89,2025-10-18,19,56981.00
89,2025-10-19,18,53982.00
89,2025-10-20,16,47984.00
89,2025-10-21,16,47984.00
89,2025-10-22,16,47984.00
89,2025-10-23,16,47984.00
89,2025-10-24,16,47984.00
89,2025-10-25,19,56981.00
89,2025-10-26,18,53982.00
89,2025-10-27,16,47984.00
89,2025-10-28,16,47984.00
89,2025-10-29,16,47984.00
89,2025-10-30,16,47984.00
89,2025-10-31,16,47984.00
89,2025-11-01,19,56981.00
89,2025-11-02,18,53982.00
89,2025-11-03,16,47984.00
89,2025-11-04,16,47984.00
89,2025-11-05,16,47984.00
89,2025-11-06,16,47984.00
89,2025-11-07,16,47984.00
89,2025-11-08,19,56981.00
89,2025-11-09,18,53982.00
89,2025-11-10,16,47984.00
89,2025-11-11,16,47984.00
89,2025-11-12,16,47984.00
89,2025-11-13,16,47984.00
89,2025-11-14,16,47984.00
89,2025-11-15,19,56981.00
89,2025-11-16,18,53982.00
89,2025-11-17,16,47984.00
89,2025-11-18,16,47984.00
89,2025-11-19,16,47984.00
89,2025-11-20,16,47984.00
89,2025-11-21,16,47984.00
89,2025-11-22,19,56981.00
89,2025-11-23,18,53982.00
89,2025-11-24,16,47984.00
89,2025-11-25,16,47984.00
89,2025-11-26,16,47984.00
89,2025-11-27,16,47984.00
89,2025-11-28,16,47984.00
89,2025-11-29,19,56981.00
89,2025-11-30,18,53982.00
89,2025-12-01,13,38987.00
89,2025-12-02,13,38987.00
89,2025-12-03,13,38987.00
89,2025-12-04,13,38987.00
89,2025-12-05,13,38987.00
89,2025-12-06,15,44985.00
89,2025-12-07,14,41986.00
89,2025-12-08,13,38987.00
89,2025-12-09,13,38987.00
89,2025-12-10,13,38987.00
89,2025-12-11,13,38987.00
89,2025-12-12,13,38987.00
89,2025-12-13,15,44985.00
89,2025-12-14,14,41986.00
89,2025-12-15,13,38987.00
89,2025-12-16,13,38987.00
89,2025-12-17,13,38987.00
89,2025-12-18,13,38987.00
89,2025-12-19,13,38987.00
89,2025-12-20,15,44985.00
89,2025-12-21,14,41986.00
89,2025-12-22,13,38987.00
89,2025-12-23,13,38987.00
89,2025-12-24,13,38987.00
89,2025-12-25,13,38987.00
89,2025-12-26,13,38987.00
89,2025-12-27,15,44985.00
89,2025-12-28,14,41986.00
89,2025-12-29,13,38987.00
89,2025-12-30,13,38987.00
89,2025-12-31,13,38987.00
89,2026-01-01,13,38987.00
89,2026-01-02,13,38987.00
89,2026-01-03,15,44985.00
89,2026-01-04,14,41986.00
89,2026-01-05,13,38987.00
89,2026-01-06,13,38987.00
89,2026-01-07,13,38987.00
89,2026-01-08,13,38987.00
89,2026-01-09,13,38987.00
89,2026-01-10,15,44985.00
89,2026-01-11,14,41986.00
89,2026-01-12,13,38987.00
89,2026-01-13,13,38987.00
89,2026-01-14,13,38987.00
89,2026-01-15,13,38987.00
89,2026-01-16,13,38987.00
89,2026-01-17,15,44985.00
89,2026-01-18,14,41986.00
89,2026-01-19,13,38987.00
89,2026-01-20,13,38987.00
89,2026-01-21,13,38987.00
89,2026-01-22,13,38987.00
89,2026-01-23,13,38987.00
89,2026-01-24,15,44985.00
89,2026-01-25,14,41986.00
89,2026-01-26,13,38987.00
89,2026-01-27,13,38987.00
89,2026-01-28,13,38987.00
89,2026-01-29,13,38987.00
89,2026-01-30,13,38987.00
89,2026-01-31,15,44985.00
89,2026-02-01,14,41986.00
89,2026-02-02,13,38987.00
89,2026-02-03,13,38987.00
89,2026-02-04,13,38987.00
89,2026-02-05,13,38987.00
89,2026-02-06,13,38987.00
89,2026-02-07,15,44985.00
89,2026-02-08,14,41986.00
89,2026-02-09,13,38987.00
89,2026-02-10,13,38987.00
89,2026-02-11,13,38987.00
89,2026-02-12,13,38987.00
89,2026-02-13,13,38987.00
89,2026-02-14,15,44985.00
89,2026-02-15,14,41986.00
89,2026-02-16,13,38987.00
89,2026-02-17,13,38987.00
89,2026-02-18,13,38987.00
89,2026-02-19,13,38987.00
89,2026-02-20,13,38987.00
89,2026-02-21,15,44985.00
89,2026-02-22,14,41986.00
89,2026-02-23,13,38987.00
89,2026-02-24,13,38987.00
89,2026-02-25,13,38987.00
89,2026-02-26,13,38987.00
89,2026-02-27,13,38987.00
89,2026-02-28,15,44985.00
89,2026-03-01,14,41986.00
89,2026-03-02,13,38987.00
89,2026-03-03,13,38987.00
89,2026-03-04,13,38987.00
89,2026-03-05,13,38987.00
89,2026-03-06,13,38987.00
89,2026-03-07,15,44985.00
89,2026-03-08,14,41986.00
89,2026-03-09,13,38987.00
89,2026-03-10,13,38987.00
89,2026-03-11,13,38987.00
89,2026-03-12,13,38987.00
89,2026-03-13,13,38987.00
89,2026-03-14,15,44985.00
89,2026-03-15,14,41986.00
89,2026-03-16,13,38987.00
89,2026-03-17,13,38987.00
89,2026-03-18,13,38987.00
89,2026-03-19,13,38987.00
89,2026-03-20,13,38987.00
89,2026-03-21,15,44985.00
89,2026-03-22,14,41986.00
89,2026-03-23,13,38987.00
89,2026-03-24,13,38987.00
89,2026-03-25,13,38987.00
89,2026-03-26,13,38987.00
89,2026-03-27,13,38987.00
89,2026-03-28,15,44985.00
89,2026-03-29,14,41986.00
89,2026-03-30,13,38987.00
89,2026-03-31,13,38987.00
89,2026-04-01,13,38987.00
89,2026-04-02,13,38987.00
89,2026-04-03,13,38987.00
89,2026-04-04,15,44985.00
89,2026-04-05,14,41986.00
89,2026-04-06,13,38987.00
89,2026-04-07,13,38987.00
89,2026-04-08,13,38987.00
89,2026-04-09,13,38987.00
89,2026-04-10,13,38987.00
89,2026-04-11,15,44985.00
89,2026-04-12,14,41986.00
89,2026-04-13,13,38987.00
89,2026-04-14,13,38987.00
89,2026-04-15,13,38987.00
89,2026-04-16,13,38987.00
89,2026-04-17,13,38987.00
89,2026-04-18,15,44985.00
89,2026-04-19,14,41986.00
89,2026-04-20,13,38987.00
89,2026-04-21,13,38987.00
89,2026-04-22,13,38987.00
89,2026-04-23,13,38987.00
89,2026-04-24,13,38987.00
89,2026-04-25,15,44985.00
89,2026-04-26,14,41986.00
89,2026-04-27,13,38987.00
89,2026-04-28,13,38987.00
89,2026-04-29,13,38987.00
89,2026-04-30,13,38987.00
89,2026-05-01,13,38987.00
89,2026-05-02,15,44985.00
89,2026-05-03,14,41986.00
89,2026-05-04,13,38987.00
89,2026-05-05,13,38987.00
89,2026-05-06,13,38987.00
89,2026-05-07,13,38987.00
89,2026-05-08,13,38987.00
89,2026-05-09,15,44985.00
89,2026-05-10,14,41986.00
89,2026-05-11,13,38987.00
89,2026-05-12,13,38987.00
89,2026-05-13,13,38987.00
89,2026-05-14,13,38987.00
89,2026-05-15,13,38987.00
89,2026-05-16,15,44985.00
89,2026-05-17,14,41986.00
89,2026-05-18,13,38987.00
89,2026-05-19,13,38987.00
89,2026-05-20,13,38987.00
89,2026-05-21,13,38987.00
89,2026-05-22,13,38987.00
89,2026-05-23,15,44985.00
89,2026-05-24,14,41986.00
89,2026-05-25,13,38987.00
89,2026-05-26,13,38987.00
89,2026-05-27,13,38987.00
89,2026-05-28,13,38987.00
89,2026-05-29,13,38987.00
89,2026-05-30,15,44985.00
89,2026-05-31,14,41986.00
89,2026-06-01,13,38987.00
89,2026-06-02,13,38987.00
89,2026-06-03,13,38987.00
89,2026-06-04,13,38987.00
89,2026-06-05,13,38987.00
89,2026-06-06,15,44985.00
89,2026-06-07,14,41986.00
89,2026-06-08,13,38987.00
89,2026-06-09,13,38987.00
89,2026-06-10,13,38987.00
89,2026-06-11,13,38987.00
89,2026-06-12,13,38987.00
89,2026-06-13,15,44985.00
89,2026-06-14,14,41986.00
89,2026-06-15,13,38987.00
89,2026-06-16,13,38987.00
89,2026-06-17,13,38987.00
89,2026-06-18,13,38987.00
89,2026-06-19,13,38987.00
89,2026-06-20,15,44985.00
89,2026-06-21,14,41986.00
89,2026-06-22,13,38987.00
89,2026-06-23,13,38987.00
89,2026-06-24,13,38987.00
89,2026-06-25,13,38987.00
89,2026-06-26,13,38987.00
89,2026-06-27,15,44985.00
89,2026-06-28,14,41986.00
89,2026-06-29,13,38987.00
89,2026-06-30,13,38987.00
89,2026-07-01,13,38987.00
89,2026-07-02,13,38987.00
89,2026-07-03,13,38987.00
89,2026-07-04,15,44985.00
89,2026-07-05,14,41986.00
89,2026-07-06,13,38987.00
89,2026-07-07,13,38987.00
89,2026-07-08,13,38987.00
89,2026-07-09,13,38987.00
89,2026-07-10,13,38987.00
89,2026-07-11,15,44985.00
89,2026-07-12,14,41986.00
89,2026-07-13,13,38987.00
89,2026-07-14,13,38987.00
89,2026-07-15,13,38987.00
89,2026-07-16,13,38987.00
89,2026-07-17,13,38987.00
89,2026-07-18,15,44985.00
89,2026-07-19,14,41986.00
89,2026-07-20,13,38987.00
89,2026-07-21,13,38987.00
89,2026-07-22,13,38987.00
89,2026-07-23,13,38987.00
89,2026-07-24,13,38987.00
89,2026-07-25,15,44985.00
89,2026-07-26,14,41986.00
89,2026-07-27,13,38987.00
89,2026-07-28,13,38987.00
89,2026-07-29,13,38987.00
89,2026-07-30,13,38987.00
89,2026-07-31,13,38987.00
89,2026-08-01,15,44985.00
89,2026-08-02,14,41986.00
89,2026-08-03,13,38987.00
89,2026-08-04,13,38987.00
89,2026-08-05,13,38987.00
89,2026-08-06,13,38987.00
89,2026-08-07,13,38987.00
89,2026-08-08,15,44985.00
89,2026-08-09,14,41986.00
89,2026-08-10,13,38987.00
89,2026-08-11,13,38987.00
89,2026-08-12,13,38987.00
89,2026-08-13,13,38987.00
89,2026-08-14,13,38987.00
89,2026-08-15,15,44985.00
89,2026-08-16,14,41986.00
89,2026-08-17,13,38987.00
89,2026-08-18,13,38987.00
89,2026-08-19,13,38987.00
89,2026-08-20,13,38987.00
89,2026-08-21,13,38987.00
89,2026-08-22,15,44985.00
89,2026-08-23,14,41986.00
89,2026-08-24,13,38987.00
89,2026-08-25,13,38987.00
89,2026-08-26,13,38987.00
89,2026-08-27,13,38987.00
89,2026-08-28,13,38987.00
89,2026-08-29,15,44985.00
89,2026-08-30,14,41986.00
89,2026-08-31,13,38987.00
89,2026-09-01,13,38987.00
89,2026-09-02,13,38987.00
89,2026-09-03,13,38987.00
89,2026-09-04,13,38987.00
89,2026-09-05,15,44985.00
89,2026-09-06,14,41986.00
89,2026-09-07,13,38987.00
89,2026-09-08,13,38987.00
89,2026-09-09,13,38987.00
89,2026-09-10,13,38987.00
89,2026-09-11,13,38987.00
89,2026-09-12,15,44985.00
89,2026-09-13,14,41986.00
89,2026-09-14,13,38987.00
89,2026-09-15,13,38987.00
89,2026-09-16,13,38987.00
89,2026-09-17,13,38987.00
89,2026-09-18,13,38987.00
89,2026-09-19,15,44985.00
89,2026-09-20,14,41986.00
89,2026-09-21,13,38987.00
89,2026-09-22,13,38987.00
89,2026-09-23,13,38987.00
89,2026-09-24,13,38987.00
89,2026-09-25,13,38987.00
89,2026-09-26,15,44985.00
89,2026-09-27,14,41986.00
89,2026-09-28,13,38987.00
89,2026-09-29,13,38987.00
90,2025-09-30,18,50382.00
90,2025-10-01,23,64377.00
90,2025-10-02,23,64377.00
90,2025-10-03,23,64377.00
90,2025-10-04,27,75573.00
90,2025-10-05,26,72774.00
90,2025-10-06,23,64377.00
90,2025-10-07,23,64377.00
90,2025-10-08,23,64377.00
90,2025-10-09,23,64377.00
90,2025-10-10,23,64377.00
90,2025-10-11,27,75573.00
90,2025-10-12,26,72774.00
90,2025-10-13,23,64377.00
90,2025-10-14,23,64377.00
90,2025-10-15,23,64377.00
90,2025-10-16,23,64377.00
90,2025-10-17,23,64377.00
90,2025-10-18,27,75573.00
90,2025-10-19,26,72774.00
90,2025-10-20,23,64377.00
90,2025-10-21,23,64377.00
90,2025-10-22,23,64377.00
90,2025-10-23,23,64377.00
90,2025-10-24,23,64377.00
90,2025-10-25,27,75573.00
90,2025-10-26,26,72774.00
90,2025-10-27,23,64377.00
90,2025-10-28,23,64377.00
90,2025-10-29,23,64377.00
90,2025-10-30,23,64377.00
90,2025-10-31,23,64377.00
90,2025-11-01,27,75573.00
90,2025-11-02,26,72774.00
90,2025-11-03,23,64377.00
90,2025-11-04,23,64377.00
90,2025-11-05,23,64377.00
90,2025-11-06,23,64377.00
90,2025-11-07,23,64377.00
90,2025-11-08,27,75573.00
90,2025-11-09,26,72774.00
90,2025-11-10,23,64377.00
90,2025-11-11,23,64377.00
90,2025-11-12,23,64377.00
90,2025-11-13,23,64377.00
90,2025-11-14,23,64377.00
90,2025-11-15,27,75573.00
90,2025-11-16,26,72774.00
90,2025-11-17,23,64377.00
90,2025-11-18,23,64377.00
90,2025-11-19,23,64377.00
90,2025-11-20,23,64377.00
90,2025-11-21,23,64377.00
90,2025-11-22,27,75573.00
90,2025-11-23,26,72774.00
90,2025-11-24,23,64377.00
90,2025-11-25,23,64377.00
90,2025-11-26,23,64377.00
90,2025-11-27,23,64377.00
90,2025-11-28,23,64377.00
90,2025-11-29,27,75573.00
90,2025-11-30,26,72774.00
90,2025-12-01,18,50382.00
90,2025-12-02,18,50382.00
90,2025-12-03,18,50382.00
90,2025-12-04,18,50382.00
90,2025-12-05,18,50382.00
90,2025-12-06,22,61578.00
90,2025-12-07,21,58779.00
90,2025-12-08,18,50382.00
90,2025-12-09,18,50382.00
90,2025-12-10,18,50382.00
90,2025-12-11,18,50382.00
90,2025-12-12,18,50382.00
90,2025-12-13,22,61578.00
90,2025-12-14,21,58779.00
90,2025-12-15,18,50382.00
90,2025-12-16,18,50382.00
90,2025-12-17,18,50382.00
90,2025-12-18,18,50382.00
90,2025-12-19,18,50382.00
90,2025-12-20,22,61578.00
90,2025-12-21,21,58779.00
90,2025-12-22,18,50382.00
90,2025-12-23,18,50382.00
90,2025-12-24,18,50382.00
90,2025-12-25,18,50382.00
90,2025-12-26,18,50382.00
90,2025-12-27,22,61578.00
90,2025-12-28,21,58779.00
90,2025-12-29,18,50382.00
90,2025-12-30,18,50382.00
90,2025-12-31,18,50382.00
90,2026-01-01,18,50382.00
90,2026-01-02,18,50382.00
90,2026-01-03,22,61578.00
90,2026-01-04,21,58779.00
90,2026-01-05,18,50382.00
90,2026-01-06,18,50382.00
90,2026-01-07,18,50382.00
90,2026-01-08,18,50382.00
90,2026-01-09,18,50382.00
90,2026-01-10,22,61578.00
90,2026-01-11,21,58779.00
90,2026-01-12,18,50382.00
90,2026-01-13,18,50382.00
90,2026-01-14,18,50382.00
90,2026-01-15,18,50382.00
90,2026-01-16,18,50382.00
90,2026-01-17,22,61578.00
90,2026-01-18,21,58779.00
90,2026-01-19,18,50382.00
90,2026-01-20,18,50382.00
90,2026-01-21,18,50382.00
90,2026-01-22,18,50382.00
90,2026-01-23,18,50382.00
90,2026-01-24,22,61578.00
90,2026-01-25,21,58779.00
90,2026-01-26,18,50382.00
90,2026-01-27,18,50382.00
90,2026-01-28,18,50382.00
90,2026-01-29,18,50382.00
90,2026-01-30,18,50382.00
90,2026-01-31,22,61578.00
90,2026-02-01,21,58779.00
90,2026-02-02,18,50382.00
90,2026-02-03,18,50382.00
90,2026-02-04,18,50382.00
90,2026-02-05,18,50382.00
90,2026-02-06,18,50382.00
90,2026-02-07,22,61578.00
90,2026-02-08,21,58779.00
90,2026-02-09,18,50382.00
90,2026-02-10,18,50382.00
90,2026-02-11,18,50382.00
90,2026-02-12,18,50382.00
90,2026-02-13,18,50382.00
90,2026-02-14,22,61578.00
90,2026-02-15,21,58779.00
90,2026-02-16,18,50382.00
90,2026-02-17,18,50382.00
90,2026-02-18,18,50382.00
90,2026-02-19,18,50382.00
90,2026-02-20,18,50382.00
90,2026-02-21,22,61578.00
90,2026-02-22,21,58779.00
90,2026-02-23,18,50382.00
90,2026-02-24,18,50382.00
90,2026-02-25,18,50382.00
90,2026-02-26,18,50382.00
90,2026-02-27,18,50382.00
90,2026-02-28,22,61578.00
90,2026-03-01,21,58779.00
90,2026-03-02,18,50382.00
90,2026-03-03,18,50382.00
90,2026-03-04,18,50382.00
90,2026-03-05,18,50382.00
90,2026-03-06,18,50382.00
90,2026-03-07,22,61578.00
90,2026-03-08,21,58779.00
90,2026-03-09,18,50382.00
90,2026-03-10,18,50382.00
90,2026-03-11,18,50382.00
90,2026-03-12,18,50382.00
90,2026-03-13,18,50382.00
90,2026-03-14,22,61578.00
90,2026-03-15,21,58779.00
90,2026-03-16,18,50382.00
90,2026-03-17,18,50382.00
90,2026-03-18,18,50382.00
90,2026-03-19,18,50382.00
90,2026-03-20,18,50382.00
90,2026-03-21,22,61578.00
90,2026-03-22,21,58779.00
90,2026-03-23,18,50382.00
90,2026-03-24,18,50382.00
90,2026-03-25,18,50382.00
90,2026-03-26,18,50382.00
90,2026-03-27,18,50382.00
90,2026-03-28,22,61578.00
90,2026-03-29,21,58779.00
90,2026-03-30,18,50382.00
90,2026-03-31,18,50382.00
90,2026-04-01,18,50382.00
90,2026-04-02,18,50382.00
90,2026-04-03,18,50382.00
90,2026-04-04,22,61578.00
90,2026-04-05,21,58779.00
90,2026-04-06,18,50382.00
90,2026-04-07,18,50382.00
90,2026-04-08,18,50382.00
90,2026-04-09,18,50382.00
90,2026-04-10,18,50382.00
90,2026-04-11,22,61578.00
90,2026-04-12,21,58779.00
90,2026-04-13,18,50382.00
90,2026-04-14,18,50382.00
90,2026-04-15,18,50382.00
90,2026-04-16,18,50382.00
90,2026-04-17,18,50382.00
90,2026-04-18,22,61578.00
90,2026-04-19,21,58779.00
90,2026-04-20,18,50382.00
90,2026-04-21,18,50382.00
90,2026-04-22,18,50382.00
90,2026-04-23,18,50382.00
90,2026-04-24,18,50382.00
90,2026-04-25,22,61578.00
90,2026-04-26,21,58779.00
90,2026-04-27,18,50382.00
90,2026-04-28,18,50382.00
90,2026-04-29,18,50382.00
90,2026-04-30,18,50382.00
90,2026-05-01,18,50382.00
90,2026-05-02,22,61578.00
90,2026-05-03,21,58779.00
90,2026-05-04,18,50382.00
90,2026-05-05,18,50382.00
90,2026-05-06,18,50382.00
90,2026-05-07,18,50382.00
90,2026-05-08,18,50382.00
90,2026-05-09,22,61578.00
90,2026-05-10,21,58779.00
90,2026-05-11,18,50382.00
90,2026-05-12,18,50382.00
90,2026-05-13,18,50382.00
90,2026-05-14,18,50382.00
90,2026-05-15,18,50382.00
90,2026-05-16,22,61578.00
90,2026-05-17,21,58779.00
90,2026-05-18,18,50382.00
90,2026-05-19,18,50382.00
90,2026-05-20,18,50382.00
90,2026-05-21,18,50382.00
90,2026-05-22,18,50382.00
90,2026-05-23,22,61578.00
90,2026-05-24,21,58779.00
90,2026-05-25,18,50382.00
90,2026-05-26,18,50382.00
90,2026-05-27,18,50382.00
90,2026-05-28,18,50382.00
90,2026-05-29,18,50382.00
90,2026-05-30,22,61578.00
90,2026-05-31,21,58779.00
90,2026-06-01,18,50382.00
90,2026-06-02,18,50382.00
90,2026-06-03,18,50382.00
90,2026-06-04,18,50382.00
90,2026-06-05,18,50382.00
90,2026-06-06,22,61578.00
90,2026-06-07,21,58779.00
90,2026-06-08,18,50382.00
90,2026-06-09,18,50382.00
90,2026-06-10,18,50382.00
90,2026-06-11,18,50382.00
90,2026-06-12,18,50382.00
90,2026-06-13,22,61578.00
90,2026-06-14,21,58779.00
90,2026-06-15,18,50382.00
90,2026-06-16,18,50382.00
90,2026-06-17,18,50382.00
90,2026-06-18,18,50382.00
90,2026-06-19,18,50382.00
90,2026-06-20,22,61578.00
90,2026-06-21,21,58779.00
90,2026-06-22,18,50382.00
90,2026-06-23,18,50382.00
90,2026-06-24,18,50382.00
90,2026-06-25,18,50382.00
90,2026-06-26,18,50382.00
90,2026-06-27,22,61578.00
90,2026-06-28,21,58779.00
90,2026-06-29,18,50382.00
90,2026-06-30,18,50382.00
90,2026-07-01,18,50382.00
90,2026-07-02,18,50382.00
90,2026-07-03,18,50382.00
90,2026-07-04,22,61578.00
90,2026-07-05,21,58779.00
90,2026-07-06,18,50382.00
90,2026-07-07,18,50382.00
90,2026-07-08,18,50382.00
90,2026-07-09,18,50382.00
90,2026-07-10,18,50382.00
90,2026-07-11,22,61578.00
90,2026-07-12,21,58779.00
90,2026-07-13,18,50382.00
90,2026-07-14,18,50382.00
90,2026-07-15,18,50382.00
90,2026-07-16,18,50382.00
90,2026-07-17,18,50382.00
90,2026-07-18,22,61578.00
90,2026-07-19,21,58779.00
90,2026-07-20,18,50382.00
90,2026-07-21,18,50382.00
90,2026-07-22,18,50382.00
90,2026-07-23,18,50382.00
90,2026-07-24,18,50382.00
90,2026-07-25,22,61578.00
90,2026-07-26,21,58779.00
90,2026-07-27,18,50382.00
90,2026-07-28,18,50382.00
90,2026-07-29,18,50382.00
90,2026-07-30,18,50382.00
90,2026-07-31,18,50382.00
90,2026-08-01,22,61578.00
90,2026-08-02,21,58779.00
90,2026-08-03,18,50382.00
90,2026-08-04,18,50382.00
90,2026-08-05,18,50382.00
90,2026-08-06,18,50382.00
90,2026-08-07,18,50382.00
90,2026-08-08,22,61578.00
90,2026-08-09,21,58779.00
90,2026-08-10,18,50382.00
90,2026-08-11,18,50382.00
90,2026-08-12,18,50382.00
90,2026-08-13,18,50382.00
90,2026-08-14,18,50382.00
90,2026-08-15,22,61578.00
90,2026-08-16,21,58779.00
90,2026-08-17,18,50382.00
90,2026-08-18,18,50382.00
90,2026-08-19,18,50382.00
90,2026-08-20,18,50382.00
90,2026-08-21,18,50382.00
90,2026-08-22,22,61578.00
90,2026-08-23,21,58779.00
90,2026-08-24,18,50382.00
90,2026-08-25,18,50382.00
90,2026-08-26,18,50382.00
90,2026-08-27,18,50382.00
90,2026-08-28,18,50382.00
90,2026-08-29,22,61578.00
90,2026-08-30,21,58779.00
90,2026-08-31,18,50382.00
90,2026-09-01,18,50382.00
90,2026-09-02,18,50382.00
90,2026-09-03,18,50382.00
90,2026-09-04,18,50382.00
90,2026-09-05,22,61578.00
90,2026-09-06,21,58779.00
90,2026-09-07,18,50382.00
90,2026-09-08,18,50382.00
90,2026-09-09,18,50382.00
90,2026-09-10,18,50382.00
90,2026-09-11,18,50382.00
90,2026-09-12,22,61578.00
90,2026-09-13,21,58779.00
90,2026-09-14,18,50382.00
90,2026-09-15,18,50382.00
90,2026-09-16,18,50382.00
90,2026-09-17,18,50382.00
90,2026-09-18,18,50382.00
90,2026-09-19,22,61578.00
90,2026-09-20,21,58779.00
90,2026-09-21,18,50382.00
90,2026-09-22,18,50382.00
90,2026-09-23,18,50382.00
90,2026-09-24,18,50382.00
90,2026-09-25,18,50382.00
90,2026-09-26,22,61578.00
90,2026-09-27,21,58779.00
90,2026-09-28,18,50382.00
90,2026-09-29,18,50382.00
91,2025-09-30,9,80991.00
91,2025-10-01,11,98989.00
91,2025-10-02,11,98989.00
91,2025-10-03,11,98989.00
91,2025-10-04,13,116987.00
91,2025-10-05,12,107988.00
91,2025-10-06,11,98989.00
91,2025-10-07,11,98989.00
91,2025-10-08,11,98989.00
91,2025-10-09,11,98989.00
91,2025-10-10,11,98989.00
91,2025-10-11,13,116987.00
91,2025-10-12,12,107988.00
91,2025-10-13,11,98989.00
91,2025-10-14,11,98989.00
91,2025-10-15,11,98989.00
91,2025-10-16,11,98989.00
91,2025-10-17,11,98989.00
91,2025-10-18,13,116987.00
91,2025-10-19,12,107988.00
91,2025-10-20,11,98989.00
91,2025-10-21,11,98989.00
91,2025-10-22,11,98989.00
91,2025-10-23,11,98989.00
91,2025-10-24,11,98989.00
91,2025-10-25,13,116987.00
91,2025-10-26,12,107988.00
91,2025-10-27,11,98989.00
91,2025-10-28,11,98989.00
91,2025-10-29,11,98989.00
91,2025-10-30,11,98989.00
91,2025-10-31,11,98989.00
91,2025-11-01,13,116987.00
91,2025-11-02,12,107988.00
91,2025-11-03,11,98989.00
91,2025-11-04,11,98989.00
91,2025-11-05,11,98989.00
91,2025-11-06,11,98989.00
91,2025-11-07,11,98989.00
91,2025-11-08,13,116987.00
91,2025-11-09,12,107988.00
91,2025-11-10,11,98989.00
91,2025-11-11,11,98989.00
91,2025-11-12,11,98989.00
91,2025-11-13,11,98989.00
91,2025-11-14,11,98989.00
91,2025-11-15,13,116987.00
91,2025-11-16,12,107988.00
91,2025-11-17,11,98989.00
91,2025-11-18,11,98989.00
91,2025-11-19,11,98989.00
91,2025-11-20,11,98989.00
91,2025-11-21,11,98989.00
91,2025-11-22,13,116987.00
91,2025-11-23,12,107988.00
91,2025-11-24,11,98989.00
91,2025-11-25,11,98989.00
91,2025-11-26,11,98989.00
91,2025-11-27,11,98989.00
91,2025-11-28,11,98989.00
91,2025-11-29,13,116987.00
91,2025-11-30,12,107988.00
91,2025-12-01,9,80991.00
91,2025-12-02,9,80991.00
91,2025-12-03,9,80991.00
91,2025-12-04,9,80991.00
91,2025-12-05,9,80991.00
91,2025-12-06,10,89990.00
91,2025-12-07,10,89990.00
91,2025-12-08,9,80991.00
91,2025-12-09,9,80991.00
91,2025-12-10,9,80991.00
91,2025-12-11,9,80991.00
91,2025-12-12,9,80991.00
91,2025-12-13,10,89990.00
91,2025-12-14,10,89990.00
91,2025-12-15,9,80991.00
91,2025-12-16,9,80991.00
91,2025-12-17,9,80991.00
91,2025-12-18,9,80991.00
91,2025-12-19,9,80991.00
91,2025-12-20,10,89990.00
91,2025-12-21,10,89990.00
91,2025-12-22,9,80991.00
91,2025-12-23,9,80991.00
91,2025-12-24,9,80991.00
91,2025-12-25,9,80991.00
91,2025-12-26,9,80991.00
91,2025-12-27,10,89990.00
91,2025-12-28,10,89990.00
91,2025-12-29,9,80991.00
91,2025-12-30,9,80991.00
91,2025-12-31,9,80991.00
91,2026-01-01,9,80991.00
91,2026-01-02,9,80991.00
91,2026-01-03,10,89990.00
91,2026-01-04,10,89990.00
91,2026-01-05,9,80991.00
91,2026-01-06,9,80991.00
91,2026-01-07,9,80991.00
91,2026-01-08,9,80991.00
91,2026-01-09,9,80991.00
91,2026-01-10,10,89990.00
91,2026-01-11,10,89990.00
91,2026-01-12,9,80991.00
91,2026-01-13,9,80991.00
91,2026-01-14,9,80991.00
91,2026-01-15,9,80991.00
91,2026-01-16,9,80991.00
91,2026-01-17,10,89990.00
91,2026-01-18,10,89990.00
91,2026-01-19,9,80991.00
91,2026-01-20,9,80991.00
91,2026-01-21,9,80991.00
91,2026-01-22,9,80991.00
91,2026-01-23,9,80991.00
91,2026-01-24,10,89990.00
91,2026-01-25,10,89990.00
91,2026-01-26,9,80991.00
91,2026-01-27,9,80991.00
91,2026-01-28,9,80991.00
91,2026-01-29,9,80991.00
91,2026-01-30,9,80991.00
91,2026-01-31,10,89990.00
91,2026-02-01,10,89990.00
91,2026-02-02,9,80991.00
91,2026-02-03,9,80991.00
91,2026-02-04,9,80991.00
91,2026-02-05,9,80991.00
91,2026-02-06,9,80991.00
91,2026-02-07,10,89990.00
91,2026-02-08,10,89990.00
91,2026-02-09,9,80991.00
91,2026-02-10,9,80991.00
91,2026-02-11,9,80991.00
91,2026-02-12,9,80991.00
91,2026-02-13,9,80991.00
91,2026-02-14,10,89990.00
91,2026-02-15,10,89990.00
91,2026-02-16,9,80991.00
91,2026-02-17,9,80991.00
91,2026-02-18,9,80991.00
91,2026-02-19,9,80991.00
91,2026-02-20,9,80991.00
91,2026-02-21,10,89990.00
91,2026-02-22,10,89990.00
91,2026-02-23,9,80991.00
91,2026-02-24,9,80991.00
91,2026-02-25,9,80991.00
91,2026-02-26,9,80991.00
91,2026-02-27,9,80991.00
91,2026-02-28,10,89990.00
91,2026-03-01,10,89990.00
91,2026-03-02,9,80991.00
91,2026-03-03,9,80991.00
91,2026-03-04,9,80991.00
91,2026-03-05,9,80991.00
91,2026-03-06,9,80991.00
91,2026-03-07,10,89990.00
91,2026-03-08,10,89990.00
91,2026-03-09,9,80991.00
91,2026-03-10,9,80991.00
91,2026-03-11,9,80991.00
91,2026-03-12,9,80991.00
91,2026-03-13,9,80991.00
91,2026-03-14,10,89990.00
91,2026-03-15,10,89990.00
91,2026-03-16,9,80991.00
91,2026-03-17,9,80991.00
91,2026-03-18,9,80991.00
91,2026-03-19,9,80991.00
91,2026-03-20,9,80991.00
91,2026-03-21,10,89990.00
91,2026-03-22,10,89990.00
91,2026-03-23,9,80991.00
91,2026-03-24,9,80991.00
91,2026-03-25,9,80991.00
91,2026-03-26,9,80991.00
91,2026-03-27,9,80991.00
91,2026-03-28,10,89990.00
91,2026-03-29,10,89990.00
91,2026-03-30,9,80991.00
91,2026-03-31,9,80991.00
91,2026-04-01,9,80991.00
91,2026-04-02,9,80991.00
91,2026-04-03,9,80991.00
91,2026-04-04,11,98989.00
91,2026-04-05,11,98989.00
91,2026-04-06,9,80991.00
91,2026-04-07,9,80991.00
91,2026-04-08,9,80991.00
91,2026-04-09,9,80991.00
91,2026-04-10,9,80991.00
91,2026-04-11,11,98989.00
91,2026-04-12,11,98989.00
91,2026-04-13,9,80991.00
91,2026-04-14,9,80991.00
91,2026-04-15,9,80991.00
91,2026-04-16,9,80991.00
91,2026-04-17,9,80991.00
91,2026-04-18,11,98989.00
91,2026-04-19,11,98989.00
91,2026-04-20,9,80991.00
91,2026-04-21,9,80991.00
91,2026-04-22,9,80991.00
91,2026-04-23,9,80991.00
91,2026-04-24,9,80991.00
91,2026-04-25,11,98989.00
91,2026-04-26,11,98989.00
91,2026-04-27,9,80991.00
91,2026-04-28,9,80991.00
91,2026-04-29,9,80991.00
91,2026-04-30,9,80991.00
91,2026-05-01,9,80991.00
91,2026-05-02,11,98989.00
91,2026-05-03,11,98989.00
91,2026-05-04,9,80991.00
91,2026-05-05,9,80991.00
91,2026-05-06,9,80991.00
91,2026-05-07,9,80991.00
91,2026-05-08,9,80991.00
91,2026-05-09,11,98989.00
91,2026-05-10,11,98989.00
91,2026-05-11,9,80991.00
91,2026-05-12,9,80991.00
91,2026-05-13,9,80991.00
91,2026-05-14,9,80991.00
91,2026-05-15,9,80991.00
91,2026-05-16,11,98989.00
91,2026-05-17,11,98989.00
91,2026-05-18,9,80991.00
91,2026-05-19,9,80991.00
91,2026-05-20,9,80991.00
91,2026-05-21,9,80991.00
91,2026-05-22,9,80991.00
91,2026-05-23,11,98989.00
91,2026-05-24,11,98989.00
91,2026-05-25,9,80991.00
91,2026-05-26,9,80991.00
91,2026-05-27,9,80991.00
91,2026-05-28,9,80991.00
91,2026-05-29,9,80991.00
91,2026-05-30,11,98989.00
91,2026-05-31,11,98989.00
91,2026-06-01,9,80991.00
91,2026-06-02,9,80991.00
91,2026-06-03,9,80991.00
91,2026-06-04,9,80991.00
91,2026-06-05,9,80991.00
91,2026-06-06,10,89990.00
91,2026-06-07,10,89990.00
91,2026-06-08,9,80991.00
91,2026-06-09,9,80991.00
91,2026-06-10,9,80991.00
91,2026-06-11,9,80991.00
91,2026-06-12,9,80991.00
91,2026-06-13,10,89990.00
91,2026-06-14,10,89990.00
91,2026-06-15,9,80991.00
91,2026-06-16,9,80991.00
91,2026-06-17,9,80991.00
91,2026-06-18,9,80991.00
91,2026-06-19,9,80991.00
91,2026-06-20,10,89990.00
91,2026-06-21,10,89990.00
91,2026-06-22,9,80991.00
91,2026-06-23,9,80991.00
91,2026-06-24,9,80991.00
91,2026-06-25,9,80991.00
91,2026-06-26,9,80991.00
91,2026-06-27,10,89990.00
91,2026-06-28,10,89990.00
91,2026-06-29,9,80991.00
91,2026-06-30,9,80991.00
91,2026-07-01,9,80991.00
91,2026-07-02,9,80991.00
91,2026-07-03,9,80991.00
91,2026-07-04,10,89990.00
91,2026-07-05,10,89990.00
91,2026-07-06,9,80991.00
91,2026-07-07,9,80991.00
91,2026-07-08,9,80991.00
91,2026-07-09,9,80991.00
91,2026-07-10,9,80991.00
91,2026-07-11,10,89990.00
91,2026-07-12,10,89990.00
91,2026-07-13,9,80991.00
91,2026-07-14,9,80991.00
91,2026-07-15,9,80991.00
91,2026-07-16,9,80991.00
91,2026-07-17,9,80991.00
91,2026-07-18,10,89990.00
91,2026-07-19,10,89990.00
91,2026-07-20,9,80991.00
91,2026-07-21,9,80991.00
91,2026-07-22,9,80991.00
91,2026-07-23,9,80991.00
91,2026-07-24,9,80991.00
91,2026-07-25,10,89990.00
91,2026-07-26,10,89990.00
91,2026-07-27,9,80991.00
91,2026-07-28,9,80991.00
91,2026-07-29,9,80991.00
91,2026-07-30,9,80991.00
91,2026-07-31,9,80991.00
91,2026-08-01,10,89990.00
91,2026-08-02,10,89990.00
91,2026-08-03,9,80991.00
91,2026-08-04,9,80991.00
91,2026-08-05,9,80991.00
91,2026-08-06,9,80991.00
91,2026-08-07,9,80991.00
91,2026-08-08,10,89990.00
91,2026-08-09,10,89990.00
91,2026-08-10,9,80991.00
91,2026-08-11,9,80991.00
91,2026-08-12,9,80991.00
91,2026-08-13,9,80991.00
91,2026-08-14,9,80991.00
91,2026-08-15,10,89990.00
91,2026-08-16,10,89990.00
91,2026-08-17,9,80991.00
91,2026-08-18,9,80991.00
91,2026-08-19,9,80991.00
91,2026-08-20,9,80991.00
91,2026-08-21,9,80991.00
91,2026-08-22,10,89990.00
91,2026-08-23,10,89990.00
91,2026-08-24,9,80991.00
91,2026-08-25,9,80991.00
91,2026-08-26,9,80991.00
91,2026-08-27,9,80991.00
91,2026-08-28,9,80991.00
91,2026-08-29,10,89990.00
91,2026-08-30,10,89990.00
91,2026-08-31,9,80991.00
91,2026-09-01,9,80991.00
91,2026-09-02,9,80991.00
91,2026-09-03,9,80991.00
91,2026-09-04,9,80991.00
91,2026-09-05,10,89990.00
91,2026-09-06,10,89990.00
91,2026-09-07,9,80991.00
91,2026-09-08,9,80991.00
91,2026-09-09,9,80991.00
91,2026-09-10,9,80991.00
91,2026-09-11,9,80991.00
91,2026-09-12,10,89990.00
91,2026-09-13,10,89990.00
91,2026-09-14,9,80991.00
91,2026-09-15,9,80991.00
91,2026-09-16,9,80991.00
91,2026-09-17,9,80991.00
91,2026-09-18,9,80991.00
91,2026-09-19,10,89990.00
91,2026-09-20,10,89990.00
91,2026-09-21,9,80991.00
91,2026-09-22,9,80991.00
91,2026-09-23,9,80991.00
91,2026-09-24,9,80991.00
91,2026-09-25,9,80991.00
91,2026-09-26,10,89990.00
91,2026-09-27,10,89990.00
91,2026-09-28,9,80991.00
91,2026-09-29,9,80991.00
92,2025-09-30,7,90993.00
92,2025-10-01,9,116991.00
92,2025-10-02,9,116991.00
92,2025-10-03,9,116991.00
92,2025-10-04,11,142989.00
92,2025-10-05,11,142989.00
92,2025-10-06,9,116991.00
92,2025-10-07,9,116991.00
92,2025-10-08,9,116991.00
92,2025-10-09,9,116991.00
92,2025-10-10,9,116991.00
92,2025-10-11,11,142989.00
92,2025-10-12,11,142989.00
92,2025-10-13,9,116991.00
92,2025-10-14,9,116991.00
92,2025-10-15,9,116991.00
92,2025-10-16,9,116991.00
92,2025-10-17,9,116991.00
92,2025-10-18,11,142989.00
92,2025-10-19,11,142989.00
92,2025-10-20,9,116991.00
92,2025-10-21,9,116991.00
92,2025-10-22,9,116991.00
92,2025-10-23,9,116991.00
92,2025-10-24,9,116991.00
92,2025-10-25,11,142989.00
92,2025-10-26,11,142989.00
92,2025-10-27,9,116991.00
92,2025-10-28,9,116991.00
92,2025-10-29,9,116991.00
92,2025-10-30,9,116991.00
92,2025-10-31,9,116991.00
92,2025-11-01,11,142989.00
92,2025-11-02,11,142989.00
92,2025-11-03,9,116991.00
92,2025-11-04,9,116991.00
92,2025-11-05,9,116991.00
92,2025-11-06,9,116991.00
92,2025-11-07,9,116991.00
92,2025-11-08,11,142989.00
92,2025-11-09,11,142989.00
92,2025-11-10,9,116991.00
92,2025-11-11,9,116991.00
92,2025-11-12,9,116991.00
92,2025-11-13,9,116991.00
92,2025-11-14,9,116991.00
92,2025-11-15,11,142989.00
92,2025-11-16,11,142989.00
92,2025-11-17,9,116991.00
92,2025-11-18,9,116991.00
92,2025-11-19,9,116991.00
92,2025-11-20,9,116991.00
92,2025-11-21,9,116991.00
92,2025-11-22,11,142989.00
92,2025-11-23,11,142989.00
92,2025-11-24,9,116991.00
92,2025-11-25,9,116991.00
92,2025-11-26,9,116991.00
92,2025-11-27,9,116991.00
92,2025-11-28,9,116991.00
92,2025-11-29,11,142989.00
92,2025-11-30,11,142989.00
92,2025-12-01,7,90993.00
92,2025-12-02,7,90993.00
92,2025-12-03,7,90993.00
92,2025-12-04,7,90993.00
92,2025-12-05,7,90993.00
92,2025-12-06,9,116991.00
92,2025-12-07,9,116991.00
92,2025-12-08,7,90993.00
92,2025-12-09,7,90993.00
92,2025-12-10,7,90993.00
92,2025-12-11,7,90993.00
92,2025-12-12,7,90993.00
92,2025-12-13,9,116991.00
92,2025-12-14,9,116991.00
92,2025-12-15,7,90993.00
92,2025-12-16,7,90993.00
92,2025-12-17,7,90993.00
92,2025-12-18,7,90993.00
92,2025-12-19,7,90993.00
92,2025-12-20,9,116991.00
92,2025-12-21,9,116991.00
92,2025-12-22,7,90993.00
92,2025-12-23,7,90993.00
92,2025-12-24,7,90993.00
92,2025-12-25,7,90993.00
92,2025-12-26,7,90993.00
92,2025-12-27,9,116991.00
92,2025-12-28,9,116991.00
92,2025-12-29,7,90993.00
92,2025-12-30,7,90993.00
92,2025-12-31,7,90993.00
92,2026-01-01,7,90993.00
92,2026-01-02,7,90993.00
92,2026-01-03,9,116991.00
92,2026-01-04,9,116991.00
92,2026-01-05,7,90993.00
92,2026-01-06,7,90993.00
92,2026-01-07,7,90993.00
92,2026-01-08,7,90993.00
92,2026-01-09,7,90993.00
92,2026-01-10,9,116991.00
92,2026-01-11,9,116991.00
92,2026-01-12,7,90993.00
92,2026-01-13,7,90993.00
92,2026-01-14,7,90993.00
92,2026-01-15,7,90993.00
92,2026-01-16,7,90993.00
92,2026-01-17,9,116991.00
92,2026-01-18,9,116991.00
92,2026-01-19,7,90993.00
92,2026-01-20,7,90993.00
92,2026-01-21,7,90993.00
92,2026-01-22,7,90993.00
92,2026-01-23,7,90993.00
92,2026-01-24,9,116991.00
92,2026-01-25,9,116991.00
92,2026-01-26,7,90993.00
92,2026-01-27,7,90993.00
92,2026-01-28,7,90993.00
92,2026-01-29,7,90993.00
92,2026-01-30,7,90993.00
92,2026-01-31,9,116991.00
92,2026-02-01,9,116991.00
92,2026-02-02,7,90993.00
92,2026-02-03,7,90993.00
92,2026-02-04,7,90993.00
92,2026-02-05,7,90993.00
92,2026-02-06,7,90993.00
92,2026-02-07,9,116991.00
92,2026-02-08,9,116991.00
92,2026-02-09,7,90993.00
92,2026-02-10,7,90993.00
92,2026-02-11,7,90993.00
92,2026-02-12,7,90993.00
92,2026-02-13,7,90993.00
92,2026-02-14,9,116991.00
92,2026-02-15,9,116991.00
92,2026-02-16,7,90993.00
92,2026-02-17,7,90993.00
92,2026-02-18,7,90993.00
92,2026-02-19,7,90993.00
92,2026-02-20,7,90993.00
92,2026-02-21,9,116991.00
92,2026-02-22,9,116991.00
92,2026-02-23,7,90993.00
92,2026-02-24,7,90993.00
92,2026-02-25,7,90993.00
92,2026-02-26,7,90993.00
92,2026-02-27,7,90993.00
92,2026-02-28,9,116991.00
92,2026-03-01,9,116991.00
92,2026-03-02,7,90993.00
92,2026-03-03,7,90993.00
92,2026-03-04,7,90993.00
92,2026-03-05,7,90993.00
92,2026-03-06,7,90993.00
92,2026-03-07,9,116991.00
92,2026-03-08,9,116991.00
92,2026-03-09,7,90993.00
92,2026-03-10,7,90993.00
92,2026-03-11,7,90993.00
92,2026-03-12,7,90993.00
92,2026-03-13,7,90993.00
92,2026-03-14,9,116991.00
92,2026-03-15,9,116991.00
92,2026-03-16,7,90993.00
92,2026-03-17,7,90993.00
92,2026-03-18,7,90993.00
92,2026-03-19,7,90993.00
92,2026-03-20,7,90993.00
92,2026-03-21,9,116991.00
92,2026-03-22,9,116991.00
92,2026-03-23,7,90993.00
92,2026-03-24,7,90993.00
92,2026-03-25,7,90993.00
92,2026-03-26,7,90993.00
92,2026-03-27,7,90993.00
92,2026-03-28,9,116991.00
92,2026-03-29,9,116991.00
92,2026-03-30,7,90993.00
92,2026-03-31,7,90993.00
92,2026-04-01,8,103992.00
92,2026-04-02,8,103992.00
92,2026-04-03,8,103992.00
92,2026-04-04,10,129990.00
92,2026-04-05,9,116991.00
92,2026-04-06,8,103992.00
92,2026-04-07,8,103992.00
92,2026-04-08,8,103992.00
92,2026-04-09,8,103992.00
92,2026-04-10,8,103992.00
92,2026-04-11,10,129990.00
92,2026-04-12,9,116991.00
92,2026-04-13,8,103992.00
92,2026-04-14,8,103992.00
92,2026-04-15,8,103992.00
92,2026-04-16,8,103992.00
92,2026-04-17,8,103992.00
92,2026-04-18,10,129990.00
92,2026-04-19,9,116991.00
92,2026-04-20,8,103992.00
92,2026-04-21,8,103992.00
92,2026-04-22,8,103992.00
92,2026-04-23,8,103992.00
92,2026-04-24,8,103992.00
92,2026-04-25,10,129990.00
92,2026-04-26,9,116991.00
92,2026-04-27,8,103992.00
92,2026-04-28,8,103992.00
92,2026-04-29,8,103992.00
92,2026-04-30,8,103992.00
92,2026-05-01,8,103992.00
92,2026-05-02,10,129990.00
92,2026-05-03,9,116991.00
92,2026-05-04,8,103992.00
92,2026-05-05,8,103992.00
92,2026-05-06,8,103992.00
92,2026-05-07,8,103992.00
92,2026-05-08,8,103992.00
92,2026-05-09,10,129990.00
92,2026-05-10,9,116991.00
92,2026-05-11,8,103992.00
92,2026-05-12,8,103992.00
92,2026-05-13,8,103992.00
92,2026-05-14,8,103992.00
92,2026-05-15,8,103992.00
92,2026-05-16,10,129990.00
92,2026-05-17,9,116991.00
92,2026-05-18,8,103992.00
92,2026-05-19,8,103992.00
92,2026-05-20,8,103992.00
92,2026-05-21,8,103992.00
92,2026-05-22,8,103992.00
92,2026-05-23,10,129990.00
92,2026-05-24,9,116991.00
92,2026-05-25,8,103992.00
92,2026-05-26,8,103992.00
92,2026-05-27,8,103992.00
92,2026-05-28,8,103992.00
92,2026-05-29,8,103992.00
92,2026-05-30,10,129990.00
92,2026-05-31,9,116991.00
92,2026-06-01,7,90993.00
92,2026-06-02,7,90993.00
92,2026-06-03,7,90993.00
92,2026-06-04,7,90993.00
92,2026-06-05,7,90993.00
92,2026-06-06,9,116991.00
92,2026-06-07,9,116991.00
92,2026-06-08,7,90993.00
92,2026-06-09,7,90993.00
92,2026-06-10,7,90993.00
92,2026-06-11,7,90993.00
92,2026-06-12,7,90993.00
92,2026-06-13,9,116991.00
92,2026-06-14,9,116991.00
92,2026-06-15,7,90993.00
92,2026-06-16,7,90993.00
92,2026-06-17,7,90993.00
92,2026-06-18,7,90993.00
92,2026-06-19,7,90993.00
92,2026-06-20,9,116991.00
92,2026-06-21,9,116991.00
92,2026-06-22,7,90993.00
92,2026-06-23,7,90993.00
92,2026-06-24,7,90993.00
92,2026-06-25,7,90993.00
92,2026-06-26,7,90993.00
92,2026-06-27,9,116991.00
92,2026-06-28,9,116991.00
92,2026-06-29,7,90993.00
92,2026-06-30,7,90993.00
92,2026-07-01,7,90993.00
92,2026-07-02,7,90993.00
92,2026-07-03,7,90993.00
92,2026-07-04,9,116991.00
92,2026-07-05,9,116991.00
92,2026-07-06,7,90993.00
92,2026-07-07,7,90993.00
92,2026-07-08,7,90993.00
92,2026-07-09,7,90993.00
92,2026-07-10,7,90993.00
92,2026-07-11,9,116991.00
92,2026-07-12,9,116991.00
92,2026-07-13,7,90993.00
92,2026-07-14,7,90993.00
92,2026-07-15,7,90993.00
92,2026-07-16,7,90993.00
92,2026-07-17,7,90993.00
92,2026-07-18,9,116991.00
92,2026-07-19,9,116991.00
92,2026-07-20,7,90993.00
92,2026-07-21,7,90993.00
92,2026-07-22,7,90993.00
92,2026-07-23,7,90993.00
92,2026-07-24,7,90993.00
92,2026-07-25,9,116991.00
92,2026-07-26,9,116991.00
92,2026-07-27,7,90993.00
92,2026-07-28,7,90993.00
92,2026-07-29,7,90993.00
92,2026-07-30,7,90993.00
92,2026-07-31,7,90993.00
92,2026-08-01,9,116991.00
92,2026-08-02,9,116991.00
92,2026-08-03,7,90993.00
92,2026-08-04,7,90993.00
92,2026-08-05,7,90993.00
92,2026-08-06,7,90993.00
92,2026-08-07,7,90993.00
92,2026-08-08,9,116991.00
92,2026-08-09,9,116991.00
92,2026-08-10,7,90993.00
92,2026-08-11,7,90993.00
92,2026-08-12,7,90993.00
92,2026-08-13,7,90993.00
92,2026-08-14,7,90993.00
92,2026-08-15,9,116991.00
92,2026-08-16,9,116991.00
92,2026-08-17,7,90993.00
92,2026-08-18,7,90993.00
92,2026-08-19,7,90993.00
92,2026-08-20,7,90993.00
92,2026-08-21,7,90993.00
92,2026-08-22,9,116991.00
92,2026-08-23,9,116991.00
92,2026-08-24,7,90993.00
92,2026-08-25,7,90993.00
92,2026-08-26,7,90993.00
92,2026-08-27,7,90993.00
92,2026-08-28,7,90993.00
92,2026-08-29,9,116991.00
92,2026-08-30,9,116991.00
92,2026-08-31,7,90993.00
92,2026-09-01,7,90993.00
92,2026-09-02,7,90993.00
92,2026-09-03,7,90993.00
92,2026-09-04,7,90993.00
92,2026-09-05,9,116991.00
92,2026-09-06,9,116991.00
92,2026-09-07,7,90993.00
92,2026-09-08,7,90993.00
92,2026-09-09,7,90993.00
92,2026-09-10,7,90993.00
92,2026-09-11,7,90993.00
92,2026-09-12,9,116991.00
92,2026-09-13,9,116991.00
92,2026-09-14,7,90993.00
92,2026-09-15,7,90993.00
92,2026-09-16,7,90993.00
92,2026-09-17,7,90993.00
92,2026-09-18,7,90993.00
92,2026-09-19,9,116991.00
92,2026-09-20,9,116991.00
92,2026-09-21,7,90993.00
92,2026-09-22,7,90993.00
92,2026-09-23,7,90993.00
92,2026-09-24,7,90993.00
92,2026-09-25,7,90993.00
92,2026-09-26,9,116991.00
92,2026-09-27,9,116991.00
92,2026-09-28,7,90993.00
92,2026-09-29,7,90993.00
93,2025-09-30,16,111984.00
93,2025-10-01,20,139980.00
93,2025-10-02,20,139980.00
93,2025-10-03,20,139980.00
93,2025-10-04,24,167976.00
93,2025-10-05,23,160977.00
93,2025-10-06,20,139980.00
93,2025-10-07,20,139980.00
93,2025-10-08,20,139980.00
93,2025-10-09,20,139980.00
93,2025-10-10,20,139980.00
93,2025-10-11,24,167976.00
93,2025-10-12,23,160977.00
93,2025-10-13,20,139980.00
93,2025-10-14,20,139980.00
93,2025-10-15,20,139980.00
93,2025-10-16,20,139980.00
93,2025-10-17,20,139980.00
93,2025-10-18,24,167976.00
93,2025-10-19,23,160977.00
93,2025-10-20,20,139980.00
93,2025-10-21,20,139980.00
93,2025-10-22,20,139980.00
93,2025-10-23,20,139980.00
93,2025-10-24,20,139980.00
93,2025-10-25,24,167976.00
93,2025-10-26,23,160977.00
93,2025-10-27,20,139980.00
93,2025-10-28,20,139980.00
93,2025-10-29,20,139980.00
93,2025-10-30,20,139980.00
93,2025-10-31,20,139980.00
93,2025-11-01,24,167976.00
93,2025-11-02,23,160977.00
93,2025-11-03,20,139980.00
93,2025-11-04,20,139980.00
93,2025-11-05,20,139980.00
93,2025-11-06,20,139980.00
93,2025-11-07,20,139980.00
93,2025-11-08,24,167976.00
93,2025-11-09,23,160977.00
93,2025-11-10,20,139980.00
93,2025-11-11,20,139980.00
93,2025-11-12,20,139980.00
93,2025-11-13,20,139980.00
93,2025-11-14,20,139980.00
93,2025-11-15,24,167976.00
93,2025-11-16,23,160977.00
93,2025-11-17,20,139980.00
93,2025-11-18,20,139980.00
93,2025-11-19,20,139980.00
93,2025-11-20,20,139980.00
93,2025-11-21,20,139980.00
93,2025-11-22,24,167976.00
93,2025-11-23,23,160977.00
93,2025-11-24,20,139980.00
93,2025-11-25,20,139980.00
93,2025-11-26,20,139980.00
93,2025-11-27,20,139980.00
93,2025-11-28,20,139980.00
93,2025-11-29,24,167976.00
93,2025-11-30,23,160977.00
93,2025-12-01,16,111984.00
93,2025-12-02,16,111984.00
93,2025-12-03,16,111984.00
93,2025-12-04,16,111984.00
93,2025-12-05,16,111984.00
93,2025-12-06,20,139980.00
93,2025-12-07,19,132981.00
93,2025-12-08,16,111984.00
93,2025-12-09,16,111984.00
93,2025-12-10,16,111984.00
93,2025-12-11,16,111984.00
93,2025-12-12,16,111984.00
93,2025-12-13,20,139980.00
93,2025-12-14,19,132981.00
93,2025-12-15,16,111984.00
93,2025-12-16,16,111984.00
93,2025-12-17,16,111984.00
93,2025-12-18,16,111984.00
93,2025-12-19,16,111984.00
93,2025-12-20,20,139980.00
93,2025-12-21,19,132981.00
93,2025-12-22,16,111984.00
93,2025-12-23,16,111984.00
93,2025-12-24,16,111984.00
93,2025-12-25,16,111984.00
93,2025-12-26,16,111984.00
93,2025-12-27,20,139980.00
93,2025-12-28,19,132981.00
93,2025-12-29,16,111984.00
93,2025-12-30,16,111984.00
93,2025-12-31,16,111984.00
93,2026-01-01,16,111984.00
93,2026-01-02,16,111984.00
93,2026-01-03,20,139980.00
93,2026-01-04,19,132981.00
93,2026-01-05,16,111984.00
93,2026-01-06,16,111984.00
93,2026-01-07,16,111984.00
93,2026-01-08,16,111984.00
93,2026-01-09,16,111984.00
93,2026-01-10,20,139980.00
93,2026-01-11,19,132981.00
93,2026-01-12,16,111984.00
93,2026-01-13,16,111984.00
93,2026-01-14,16,111984.00
93,2026-01-15,16,111984.00
93,2026-01-16,16,111984.00
93,2026-01-17,20,139980.00
93,2026-01-18,19,132981.00
93,2026-01-19,16,111984.00
93,2026-01-20,16,111984.00
93,2026-01-21,16,111984.00
93,2026-01-22,16,111984.00
93,2026-01-23,16,111984.00
93,2026-01-24,20,139980.00
93,2026-01-25,19,132981.00
93,2026-01-26,16,111984.00
93,2026-01-27,16,111984.00
93,2026-01-28,16,111984.00
93,2026-01-29,16,111984.00
93,2026-01-30,16,111984.00
93,2026-01-31,20,139980.00
93,2026-02-01,19,132981.00
93,2026-02-02,16,111984.00
93,2026-02-03,16,111984.00
93,2026-02-04,16,111984.00
93,2026-02-05,16,111984.00
93,2026-02-06,16,111984.00
93,2026-02-07,20,139980.00
93,2026-02-08,19,132981.00
93,2026-02-09,16,111984.00
93,2026-02-10,16,111984.00
93,2026-02-11,16,111984.00
93,2026-02-12,16,111984.00
93,2026-02-13,16,111984.00
93,2026-02-14,20,139980.00
93,2026-02-15,19,132981.00
93,2026-02-16,16,111984.00
93,2026-02-17,16,111984.00
93,2026-02-18,16,111984.00
93,2026-02-19,16,111984.00
93,2026-02-20,16,111984.00
93,2026-02-21,20,139980.00
93,2026-02-22,19,132981.00
93,2026-02-23,16,111984.00
93,2026-02-24,16,111984.00
93,2026-02-25,16,111984.00
93,2026-02-26,16,111984.00
93,2026-02-27,16,111984.00
93,2026-02-28,20,139980.00
93,2026-03-01,19,132981.00
93,2026-03-02,16,111984.00
93,2026-03-03,16,111984.00
93,2026-03-04,16,111984.00
93,2026-03-05,16,111984.00
93,2026-03-06,16,111984.00
93,2026-03-07,20,139980.00
93,2026-03-08,19,132981.00
93,2026-03-09,16,111984.00
93,2026-03-10,16,111984.00
93,2026-03-11,16,111984.00
93,2026-03-12,16,111984.00
93,2026-03-13,16,111984.00
93,2026-03-14,20,139980.00
93,2026-03-15,19,132981.00
93,2026-03-16,16,111984.00
93,2026-03-17,16,111984.00
93,2026-03-18,16,111984.00
93,2026-03-19,16,111984.00
93,2026-03-20,16,111984.00
93,2026-03-21,20,139980.00
93,2026-03-22,19,132981.00
93,2026-03-23,16,111984.00
93,2026-03-24,16,111984.00
93,2026-03-25,16,111984.00
93,2026-03-26,16,111984.00
93,2026-03-27,16,111984.00
93,2026-03-28,20,139980.00
93,2026-03-29,19,132981.00
93,2026-03-30,16,111984.00
93,2026-03-31,16,111984.00
93,2026-04-01,16,111984.00
93,2026-04-02,16,111984.00
93,2026-04-03,16,111984.00
93,2026-04-04,20,139980.00
93,2026-04-05,19,132981.00
93,2026-04-06,16,111984.00
93,2026-04-07,16,111984.00
93,2026-04-08,16,111984.00
93,2026-04-09,16,111984.00
93,2026-04-10,16,111984.00
93,2026-04-11,20,139980.00
93,2026-04-12,19,132981.00
93,2026-04-13,16,111984.00
93,2026-04-14,16,111984.00
93,2026-04-15,16,111984.00
93,2026-04-16,16,111984.00
93,2026-04-17,16,111984.00
93,2026-04-18,20,139980.00
93,2026-04-19,19,132981.00
93,2026-04-20,16,111984.00
93,2026-04-21,16,111984.00
93,2026-04-22,16,111984.00
93,2026-04-23,16,111984.00
93,2026-04-24,16,111984.00
93,2026-04-25,20,139980.00
93,2026-04-26,19,132981.00
93,2026-04-27,16,111984.00
93,2026-04-28,16,111984.00
93,2026-04-29,16,111984.00
93,2026-04-30,16,111984.00
93,2026-05-01,16,111984.00
93,2026-05-02,20,139980.00
93,2026-05-03,19,132981.00
93,2026-05-04,16,111984.00
93,2026-05-05,16,111984.00
93,2026-05-06,16,111984.00
93,2026-05-07,16,111984.00
93,2026-05-08,16,111984.00
93,2026-05-09,20,139980.00
93,2026-05-10,19,132981.00
93,2026-05-11,16,111984.00
93,2026-05-12,16,111984.00
93,2026-05-13,16,111984.00
93,2026-05-14,16,111984.00
93,2026-05-15,16,111984.00
93,2026-05-16,20,139980.00
93,2026-05-17,19,132981.00
93,2026-05-18,16,111984.00
93,2026-05-19,16,111984.00
93,2026-05-20,16,111984.00
93,2026-05-21,16,111984.00
93,2026-05-22,16,111984.00
93,2026-05-23,20,139980.00
93,2026-05-24,19,132981.00
93,2026-05-25,16,111984.00
93,2026-05-26,16,111984.00
93,2026-05-27,16,111984.00
93,2026-05-28,16,111984.00
93,2026-05-29,16,111984.00
93,2026-05-30,20,139980.00
93,2026-05-31,19,132981.00
93,2026-06-01,16,111984.00
93,2026-06-02,16,111984.00
93,2026-06-03,16,111984.00
93,2026-06-04,16,111984.00
93,2026-06-05,16,111984.00
93,2026-06-06,20,139980.00
93,2026-06-07,19,132981.00
93,2026-06-08,16,111984.00
93,2026-06-09,16,111984.00
93,2026-06-10,16,111984.00
93,2026-06-11,16,111984.00
93,2026-06-12,16,111984.00
93,2026-06-13,20,139980.00
93,2026-06-14,19,132981.00
93,2026-06-15,16,111984.00
93,2026-06-16,16,111984.00
93,2026-06-17,16,111984.00
93,2026-06-18,16,111984.00
93,2026-06-19,16,111984.00
93,2026-06-20,20,139980.00
93,2026-06-21,19,132981.00
93,2026-06-22,16,111984.00
93,2026-06-23,16,111984.00
93,2026-06-24,16,111984.00
93,2026-06-25,16,111984.00
93,2026-06-26,16,111984.00
93,2026-06-27,20,139980.00
93,2026-06-28,19,132981.00
93,2026-06-29,16,111984.00
93,2026-06-30,16,111984.00
93,2026-07-01,16,111984.00
93,2026-07-02,16,111984.00
93,2026-07-03,16,111984.00
93,2026-07-04,20,139980.00
93,2026-07-05,19,132981.00
93,2026-07-06,16,111984.00
93,2026-07-07,16,111984.00
93,2026-07-08,16,111984.00
93,2026-07-09,16,111984.00
93,2026-07-10,16,111984.00
93,2026-07-11,20,139980.00
93,2026-07-12,19,132981.00
93,2026-07-13,16,111984.00
93,2026-07-14,16,111984.00
93,2026-07-15,16,111984.00
93,2026-07-16,16,111984.00
93,2026-07-17,16,111984.00
93,2026-07-18,20,139980.00
93,2026-07-19,19,132981.00
93,2026-07-20,16,111984.00
93,2026-07-21,16,111984.00
93,2026-07-22,16,111984.00
93,2026-07-23,16,111984.00
93,2026-07-24,16,111984.00
93,2026-07-25,20,139980.00
93,2026-07-26,19,132981.00
93,2026-07-27,16,111984.00
93,2026-07-28,16,111984.00
93,2026-07-29,16,111984.00
93,2026-07-30,16,111984.00
93,2026-07-31,16,111984.00
93,2026-08-01,20,139980.00
93,2026-08-02,19,132981.00
93,2026-08-03,16,111984.00
93,2026-08-04,16,111984.00
93,2026-08-05,16,111984.00
93,2026-08-06,16,111984.00
93,2026-08-07,16,111984.00
93,2026-08-08,20,139980.00
93,2026-08-09,19,132981.00
93,2026-08-10,16,111984.00
93,2026-08-11,16,111984.00
93,2026-08-12,16,111984.00
93,2026-08-13,16,111984.00
93,2026-08-14,16,111984.00
93,2026-08-15,20,139980.00
93,2026-08-16,19,132981.00
93,2026-08-17,16,111984.00
93,2026-08-18,16,111984.00
93,2026-08-19,16,111984.00
93,2026-08-20,16,111984.00
93,2026-08-21,16,111984.00
93,2026-08-22,20,139980.00
93,2026-08-23,19,132981.00
93,2026-08-24,16,111984.00
93,2026-08-25,16,111984.00
93,2026-08-26,16,111984.00
93,2026-08-27,16,111984.00
93,2026-08-28,16,111984.00
93,2026-08-29,20,139980.00
93,2026-08-30,19,132981.00
93,2026-08-31,16,111984.00
93,2026-09-01,16,111984.00
93,2026-09-02,16,111984.00
93,2026-09-03,16,111984.00
93,2026-09-04,16,111984.00
93,2026-09-05,20,139980.00
93,2026-09-06,19,132981.00
93,2026-09-07,16,111984.00
93,2026-09-08,16,111984.00
93,2026-09-09,16,111984.00
93,2026-09-10,16,111984.00
93,2026-09-11,16,111984.00
93,2026-09-12,20,139980.00
93,2026-09-13,19,132981.00
93,2026-09-14,16,111984.00
93,2026-09-15,16,111984.00
93,2026-09-16,16,111984.00
93,2026-09-17,16,111984.00
93,2026-09-18,16,111984.00
93,2026-09-19,20,139980.00
93,2026-09-20,19,132981.00
93,2026-09-21,16,111984.00
93,2026-09-22,16,111984.00
93,2026-09-23,16,111984.00
93,2026-09-24,16,111984.00
93,2026-09-25,16,111984.00
93,2026-09-26,20,139980.00
93,2026-09-27,19,132981.00
93,2026-09-28,16,111984.00
93,2026-09-29,16,111984.00
94,2025-09-30,12,347988.00
94,2025-10-01,15,434985.00
94,2025-10-02,15,434985.00
94,2025-10-03,15,434985.00
94,2025-10-04,18,521982.00
94,2025-10-05,18,521982.00
94,2025-10-06,15,434985.00
94,2025-10-07,15,434985.00
94,2025-10-08,15,434985.00
94,2025-10-09,15,434985.00
94,2025-10-10,15,434985.00
94,2025-10-11,18,521982.00
94,2025-10-12,18,521982.00
94,2025-10-13,15,434985.00
94,2025-10-14,15,434985.00
94,2025-10-15,15,434985.00
94,2025-10-16,15,434985.00
94,2025-10-17,15,434985.00
94,2025-10-18,18,521982.00
94,2025-10-19,18,521982.00
94,2025-10-20,15,434985.00
94,2025-10-21,15,434985.00
94,2025-10-22,15,434985.00
94,2025-10-23,15,434985.00
94,2025-10-24,15,434985.00
94,2025-10-25,18,521982.00
94,2025-10-26,18,521982.00
94,2025-10-27,15,434985.00
94,2025-10-28,15,434985.00
94,2025-10-29,15,434985.00
94,2025-10-30,15,434985.00
94,2025-10-31,15,434985.00
94,2025-11-01,18,521982.00
94,2025-11-02,18,521982.00
94,2025-11-03,15,434985.00
94,2025-11-04,15,434985.00
94,2025-11-05,15,434985.00
94,2025-11-06,15,434985.00
94,2025-11-07,15,434985.00
94,2025-11-08,18,521982.00
94,2025-11-09,18,521982.00
94,2025-11-10,15,434985.00
94,2025-11-11,15,434985.00
94,2025-11-12,15,434985.00
94,2025-11-13,15,434985.00
94,2025-11-14,15,434985.00
94,2025-11-15,18,521982.00
94,2025-11-16,18,521982.00
94,2025-11-17,15,434985.00
94,2025-11-18,15,434985.00
94,2025-11-19,15,434985.00
94,2025-11-20,15,434985.00
94,2025-11-21,15,434985.00
94,2025-11-22,18,521982.00
94,2025-11-23,18,521982.00
94,2025-11-24,15,434985.00
94,2025-11-25,15,434985.00
94,2025-11-26,15,434985.00
94,2025-11-27,15,434985.00
94,2025-11-28,15,434985.00
94,2025-11-29,18,521982.00
94,2025-11-30,18,521982.00
94,2025-12-01,12,347988.00
94,2025-12-02,12,347988.00
94,2025-12-03,12,347988.00
94,2025-12-04,12,347988.00
94,2025-12-05,12,347988.00
94,2025-12-06,15,434985.00
94,2025-12-07,14,405986.00
94,2025-12-08,12,347988.00
94,2025-12-09,12,347988.00
94,2025-12-10,12,347988.00
94,2025-12-11,12,347988.00
94,2025-12-12,12,347988.00
94,2025-12-13,15,434985.00
94,2025-12-14,14,405986.00
94,2025-12-15,12,347988.00
94,2025-12-16,12,347988.00
94,2025-12-17,12,347988.00
94,2025-12-18,12,347988.00
94,2025-12-19,12,347988.00
94,2025-12-20,15,434985.00
94,2025-12-21,14,405986.00
94,2025-12-22,12,347988.00
94,2025-12-23,12,347988.00
94,2025-12-24,12,347988.00
94,2025-12-25,12,347988.00
94,2025-12-26,12,347988.00
94,2025-12-27,15,434985.00
94,2025-12-28,14,405986.00
94,2025-12-29,12,347988.00
94,2025-12-30,12,347988.00
94,2025-12-31,12,347988.00
94,2026-01-01,12,347988.00
94,2026-01-02,12,347988.00
94,2026-01-03,15,434985.00
94,2026-01-04,14,405986.00
94,2026-01-05,12,347988.00
94,2026-01-06,12,347988.00
94,2026-01-07,12,347988.00
94,2026-01-08,12,347988.00
94,2026-01-09,12,347988.00
94,2026-01-10,15,434985.00
94,2026-01-11,14,405986.00
94,2026-01-12,12,347988.00
94,2026-01-13,12,347988.00
94,2026-01-14,12,347988.00
94,2026-01-15,12,347988.00
94,2026-01-16,12,347988.00
94,2026-01-17,15,434985.00
94,2026-01-18,14,405986.00
94,2026-01-19,12,347988.00
94,2026-01-20,12,347988.00
94,2026-01-21,12,347988.00
94,2026-01-22,12,347988.00
94,2026-01-23,12,347988.00
94,2026-01-24,15,434985.00
94,2026-01-25,14,405986.00
94,2026-01-26,12,347988.00
94,2026-01-27,12,347988.00
94,2026-01-28,12,347988.00
94,2026-01-29,12,347988.00
94,2026-01-30,12,347988.00
94,2026-01-31,15,434985.00
94,2026-02-01,14,405986.00
94,2026-02-02,12,347988.00
94,2026-02-03,12,347988.00
94,2026-02-04,12,347988.00
94,2026-02-05,12,347988.00
94,2026-02-06,12,347988.00
94,2026-02-07,15,434985.00
94,2026-02-08,14,405986.00
94,2026-02-09,12,347988.00
94,2026-02-10,12,347988.00
94,2026-02-11,12,347988.00
94,2026-02-12,12,347988.00
94,2026-02-13,12,347988.00
94,2026-02-14,15,434985.00
94,2026-02-15,14,405986.00
94,2026-02-16,12,347988.00
94,2026-02-17,12,347988.00
94,2026-02-18,12,347988.00
94,2026-02-19,12,347988.00
94,2026-02-20,12,347988.00
94,2026-02-21,15,434985.00
94,2026-02-22,14,405986.00
94,2026-02-23,12,347988.00
94,2026-02-24,12,347988.00
94,2026-02-25,12,347988.00
94,2026-02-26,12,347988.00
94,2026-02-27,12,347988.00
94,2026-02-28,15,434985.00
94,2026-03-01,14,405986.00
94,2026-03-02,12,347988.00
94,2026-03-03,12,347988.00
94,2026-03-04,12,347988.00
94,2026-03-05,12,347988.00
94,2026-03-06,12,347988.00
94,2026-03-07,15,434985.00
94,2026-03-08,14,405986.00
94,2026-03-09,12,347988.00
94,2026-03-10,12,347988.00
94,2026-03-11,12,347988.00
94,2026-03-12,12,347988.00
94,2026-03-13,12,347988.00
94,2026-03-14,15,434985.00
94,2026-03-15,14,405986.00
94,2026-03-16,12,347988.00
94,2026-03-17,12,347988.00
94,2026-03-18,12,347988.00
94,2026-03-19,12,347988.00
94,2026-03-20,12,347988.00
94,2026-03-21,15,434985.00
94,2026-03-22,14,405986.00
94,2026-03-23,12,347988.00
94,2026-03-24,12,347988.00
94,2026-03-25,12,347988.00
94,2026-03-26,12,347988.00
94,2026-03-27,12,347988.00
94,2026-03-28,15,434985.00
94,2026-03-29,14,405986.00
94,2026-03-30,12,347988.00
94,2026-03-31,12,347988.00
94,2026-04-01,13,376987.00
94,2026-04-02,13,376987.00
94,2026-04-03,13,376987.00
94,2026-04-04,16,463984.00
94,2026-04-05,15,434985.00
94,2026-04-06,13,376987.00
94,2026-04-07,13,376987.00
94,2026-04-08,13,376987.00
94,2026-04-09,13,376987.00
94,2026-04-10,13,376987.00
94,2026-04-11,16,463984.00
94,2026-04-12,15,434985.00
94,2026-04-13,13,376987.00
94,2026-04-14,13,376987.00
94,2026-04-15,13,376987.00
94,2026-04-16,13,376987.00
94,2026-04-17,13,376987.00
94,2026-04-18,16,463984.00
94,2026-04-19,15,434985.00
94,2026-04-20,13,376987.00
94,2026-04-21,13,376987.00
94,2026-04-22,13,376987.00
94,2026-04-23,13,376987.00
94,2026-04-24,13,376987.00
94,2026-04-25,16,463984.00
94,2026-04-26,15,434985.00
94,2026-04-27,13,376987.00
94,2026-04-28,13,376987.00
94,2026-04-29,13,376987.00
94,2026-04-30,13,376987.00
94,2026-05-01,13,376987.00
94,2026-05-02,16,463984.00
94,2026-05-03,15,434985.00
94,2026-05-04,13,376987.00
94,2026-05-05,13,376987.00
94,2026-05-06,13,376987.00
94,2026-05-07,13,376987.00
94,2026-05-08,13,376987.00
94,2026-05-09,16,463984.00
94,2026-05-10,15,434985.00
94,2026-05-11,13,376987.00
94,2026-05-12,13,376987.00
94,2026-05-13,13,376987.00
94,2026-05-14,13,376987.00
94,2026-05-15,13,376987.00
94,2026-05-16,16,463984.00
94,2026-05-17,15,434985.00
94,2026-05-18,13,376987.00
94,2026-05-19,13,376987.00
94,2026-05-20,13,376987.00
94,2026-05-21,13,376987.00
94,2026-05-22,13,376987.00
94,2026-05-23,16,463984.00
94,2026-05-24,15,434985.00
94,2026-05-25,13,376987.00
94,2026-05-26,13,376987.00
94,2026-05-27,13,376987.00
94,2026-05-28,13,376987.00
94,2026-05-29,13,376987.00
94,2026-05-30,16,463984.00
94,2026-05-31,15,434985.00
94,2026-06-01,12,347988.00
94,2026-06-02,12,347988.00
94,2026-06-03,12,347988.00
94,2026-06-04,12,347988.00
94,2026-06-05,12,347988.00
94,2026-06-06,15,434985.00
94,2026-06-07,14,405986.00
94,2026-06-08,12,347988.00
94,2026-06-09,12,347988.00
94,2026-06-10,12,347988.00
94,2026-06-11,12,347988.00
94,2026-06-12,12,347988.00
94,2026-06-13,15,434985.00
94,2026-06-14,14,405986.00
94,2026-06-15,12,347988.00
94,2026-06-16,12,347988.00
94,2026-06-17,12,347988.00
94,2026-06-18,12,347988.00
94,2026-06-19,12,347988.00
94,2026-06-20,15,434985.00
94,2026-06-21,14,405986.00
94,2026-06-22,12,347988.00
94,2026-06-23,12,347988.00
94,2026-06-24,12,347988.00
94,2026-06-25,12,347988.00
94,2026-06-26,12,347988.00
94,2026-06-27,15,434985.00
94,2026-06-28,14,405986.00
94,2026-06-29,12,347988.00
94,2026-06-30,12,347988.00
94,2026-07-01,12,347988.00
94,2026-07-02,12,347988.00
94,2026-07-03,12,347988.00
94,2026-07-04,15,434985.00
94,2026-07-05,14,405986.00
94,2026-07-06,12,347988.00
94,2026-07-07,12,347988.00
94,2026-07-08,12,347988.00
94,2026-07-09,12,347988.00
94,2026-07-10,12,347988.00
94,2026-07-11,15,434985.00
94,2026-07-12,14,405986.00
94,2026-07-13,12,347988.00
94,2026-07-14,12,347988.00
94,2026-07-15,12,347988.00
94,2026-07-16,12,347988.00
94,2026-07-17,12,347988.00
94,2026-07-18,15,434985.00
94,2026-07-19,14,405986.00
94,2026-07-20,12,347988.00
94,2026-07-21,12,347988.00
94,2026-07-22,12,347988.00
94,2026-07-23,12,347988.00
94,2026-07-24,12,347988.00
94,2026-07-25,15,434985.00
94,2026-07-26,14,405986.00
94,2026-07-27,12,347988.00
94,2026-07-28,12,347988.00
94,2026-07-29,12,347988.00
94,2026-07-30,12,347988.00
94,2026-07-31,12,347988.00
94,2026-08-01,15,434985.00
94,2026-08-02,14,405986.00
94,2026-08-03,12,347988.00
94,2026-08-04,12,347988.00
94,2026-08-05,12,347988.00
94,2026-08-06,12,347988.00
94,2026-08-07,12,347988.00
94,2026-08-08,15,434985.00
94,2026-08-09,14,405986.00
94,2026-08-10,12,347988.00
94,2026-08-11,12,347988.00
94,2026-08-12,12,347988.00
94,2026-08-13,12,347988.00
94,2026-08-14,12,347988.00
94,2026-08-15,15,434985.00
94,2026-08-16,14,405986.00
94,2026-08-17,12,347988.00
94,2026-08-18,12,347988.00
94,2026-08-19,12,347988.00
94,2026-08-20,12,347988.00
94,2026-08-21,12,347988.00
94,2026-08-22,15,434985.00
94,2026-08-23,14,405986.00
94,2026-08-24,12,347988.00
94,2026-08-25,12,347988.00
94,2026-08-26,12,347988.00
94,2026-08-27,12,347988.00
94,2026-08-28,12,347988.00
94,2026-08-29,15,434985.00
94,2026-08-30,14,405986.00
94,2026-08-31,12,347988.00
94,2026-09-01,12,347988.00
94,2026-09-02,12,347988.00
94,2026-09-03,12,347988.00
94,2026-09-04,12,347988.00
94,2026-09-05,15,434985.00
94,2026-09-06,14,405986.00
94,2026-09-07,12,347988.00
94,2026-09-08,12,347988.00
94,2026-09-09,12,347988.00
94,2026-09-10,12,347988.00
94,2026-09-11,12,347988.00
94,2026-09-12,15,434985.00
94,2026-09-13,14,405986.00
94,2026-09-14,12,347988.00
94,2026-09-15,12,347988.00
94,2026-09-16,12,347988.00
94,2026-09-17,12,347988.00
94,2026-09-18,12,347988.00
94,2026-09-19,15,434985.00
94,2026-09-20,14,405986.00
94,2026-09-21,12,347988.00
94,2026-09-22,12,347988.00
94,2026-09-23,12,347988.00
94,2026-09-24,12,347988.00
94,2026-09-25,12,347988.00
94,2026-09-26,15,434985.00
94,2026-09-27,14,405986.00
94,2026-09-28,12,347988.00
94,2026-09-29,12,347988.00
95,2025-09-30,7,52493.00
95,2025-10-01,9,67491.00
95,2025-10-02,9,67491.00
95,2025-10-03,9,67491.00
95,2025-10-04,11,82489.00
95,2025-10-05,11,82489.00
95,2025-10-06,9,67491.00
95,2025-10-07,9,67491.00
95,2025-10-08,9,67491.00
95,2025-10-09,9,67491.00
95,2025-10-10,9,67491.00
95,2025-10-11,11,82489.00
95,2025-10-12,11,82489.00
95,2025-10-13,9,67491.00
95,2025-10-14,9,67491.00
95,2025-10-15,9,67491.00
95,2025-10-16,9,67491.00
95,2025-10-17,9,67491.00
95,2025-10-18,11,82489.00
95,2025-10-19,11,82489.00
95,2025-10-20,9,67491.00
95,2025-10-21,9,67491.00
95,2025-10-22,9,67491.00
95,2025-10-23,9,67491.00
95,2025-10-24,9,67491.00
95,2025-10-25,11,82489.00
95,2025-10-26,11,82489.00
95,2025-10-27,9,67491.00
95,2025-10-28,9,67491.00
95,2025-10-29,9,67491.00
95,2025-10-30,9,67491.00
95,2025-10-31,9,67491.00
95,2025-11-01,11,82489.00
95,2025-11-02,11,82489.00
95,2025-11-03,9,67491.00
95,2025-11-04,9,67491.00
95,2025-11-05,9,67491.00
95,2025-11-06,9,67491.00
95,2025-11-07,9,67491.00
95,2025-11-08,11,82489.00
95,2025-11-09,11,82489.00
95,2025-11-10,9,67491.00
95,2025-11-11,9,67491.00
95,2025-11-12,9,67491.00
95,2025-11-13,9,67491.00
95,2025-11-14,9,67491.00
95,2025-11-15,11,82489.00
95,2025-11-16,11,82489.00
95,2025-11-17,9,67491.00
95,2025-11-18,9,67491.00
95,2025-11-19,9,67491.00
95,2025-11-20,9,67491.00
95,2025-11-21,9,67491.00
95,2025-11-22,11,82489.00
95,2025-11-23,11,82489.00
95,2025-11-24,9,67491.00
95,2025-11-25,9,67491.00
95,2025-11-26,9,67491.00
95,2025-11-27,9,67491.00
95,2025-11-28,9,67491.00
95,2025-11-29,11,82489.00
95,2025-11-30,11,82489.00
95,2025-12-01,7,52493.00
95,2025-12-02,7,52493.00
95,2025-12-03,7,52493.00
95,2025-12-04,7,52493.00
95,2025-12-05,7,52493.00
95,2025-12-06,9,67491.00
95,2025-12-07,9,67491.00
95,2025-12-08,7,52493.00
95,2025-12-09,7,52493.00
95,2025-12-10,7,52493.00
95,2025-12-11,7,52493.00
95,2025-12-12,7,52493.00
95,2025-12-13,9,67491.00
95,2025-12-14,9,67491.00
95,2025-12-15,7,52493.00
95,2025-12-16,7,52493.00
95,2025-12-17,7,52493.00
95,2025-12-18,7,52493.00
95,2025-12-19,7,52493.00
95,2025-12-20,9,67491.00
95,2025-12-21,9,67491.00
95,2025-12-22,7,52493.00
95,2025-12-23,7,52493.00
95,2025-12-24,7,52493.00
95,2025-12-25,7,52493.00
95,2025-12-26,7,52493.00
95,2025-12-27,9,67491.00
95,2025-12-28,9,67491.00
95,2025-12-29,7,52493.00
95,2025-12-30,7,52493.00
95,2025-12-31,7,52493.00
95,2026-01-01,7,52493.00
95,2026-01-02,7,52493.00
95,2026-01-03,9,67491.00
95,2026-01-04,9,67491.00
95,2026-01-05,7,52493.00
95,2026-01-06,7,52493.00
95,2026-01-07,7,52493.00
95,2026-01-08,7,52493.00
95,2026-01-09,7,52493.00
95,2026-01-10,9,67491.00
95,2026-01-11,9,67491.00
95,2026-01-12,7,52493.00
95,2026-01-13,7,52493.00
95,2026-01-14,7,52493.00
95,2026-01-15,7,52493.00
95,2026-01-16,7,52493.00
95,2026-01-17,9,67491.00
95,2026-01-18,9,67491.00
95,2026-01-19,7,52493.00
95,2026-01-20,7,52493.00
95,2026-01-21,7,52493.00
95,2026-01-22,7,52493.00
95,2026-01-23,7,52493.00
95,2026-01-24,9,67491.00
95,2026-01-25,9,67491.00
95,2026-01-26,7,52493.00
95,2026-01-27,7,52493.00
95,2026-01-28,7,52493.00
95,2026-01-29,7,52493.00
95,2026-01-30,7,52493.00
95,2026-01-31,9,67491.00
95,2026-02-01,9,67491.00
95,2026-02-02,7,52493.00
95,2026-02-03,7,52493.00
95,2026-02-04,7,52493.00
95,2026-02-05,7,52493.00
95,2026-02-06,7,52493.00
95,2026-02-07,9,67491.00
95,2026-02-08,9,67491.00
95,2026-02-09,7,52493.00
95,2026-02-10,7,52493.00
95,2026-02-11,7,52493.00
95,2026-02-12,7,52493.00
95,2026-02-13,7,52493.00
95,2026-02-14,9,67491.00
95,2026-02-15,9,67491.00
95,2026-02-16,7,52493.00
95,2026-02-17,7,52493.00
95,2026-02-18,7,52493.00
95,2026-02-19,7,52493.00
95,2026-02-20,7,52493.00
95,2026-02-21,9,67491.00
95,2026-02-22,9,67491.00
95,2026-02-23,7,52493.00
95,2026-02-24,7,52493.00
95,2026-02-25,7,52493.00
95,2026-02-26,7,52493.00
95,2026-02-27,7,52493.00
95,2026-02-28,9,67491.00
95,2026-03-01,9,67491.00
95,2026-03-02,7,52493.00
95,2026-03-03,7,52493.00
95,2026-03-04,7,52493.00
95,2026-03-05,7,52493.00
95,2026-03-06,7,52493.00
95,2026-03-07,9,67491.00
95,2026-03-08,9,67491.00
95,2026-03-09,7,52493.00
95,2026-03-10,7,52493.00
95,2026-03-11,7,52493.00
95,2026-03-12,7,52493.00
95,2026-03-13,7,52493.00
95,2026-03-14,9,67491.00
95,2026-03-15,9,67491.00
95,2026-03-16,7,52493.00
95,2026-03-17,7,52493.00
95,2026-03-18,7,52493.00
95,2026-03-19,7,52493.00
95,2026-03-20,7,52493.00
95,2026-03-21,9,67491.00
95,2026-03-22,9,67491.00
95,2026-03-23,7,52493.00
95,2026-03-24,7,52493.00
95,2026-03-25,7,52493.00
95,2026-03-26,7,52493.00
95,2026-03-27,7,52493.00
95,2026-03-28,9,67491.00
95,2026-03-29,9,67491.00
95,2026-03-30,7,52493.00
95,2026-03-31,7,52493.00
95,2026-04-01,7,52493.00
95,2026-04-02,7,52493.00
95,2026-04-03,7,52493.00
95,2026-04-04,9,67491.00
95,2026-04-05,9,67491.00
95,2026-04-06,7,52493.00
95,2026-04-07,7,52493.00
95,2026-04-08,7,52493.00
95,2026-04-09,7,52493.00
95,2026-04-10,7,52493.00
95,2026-04-11,9,67491.00
95,2026-04-12,9,67491.00
95,2026-04-13,7,52493.00
95,2026-04-14,7,52493.00
95,2026-04-15,7,52493.00
95,2026-04-16,7,52493.00
95,2026-04-17,7,52493.00
95,2026-04-18,9,67491.00
95,2026-04-19,9,67491.00
95,2026-04-20,7,52493.00
95,2026-04-21,7,52493.00
95,2026-04-22,7,52493.00
95,2026-04-23,7,52493.00
95,2026-04-24,7,52493.00
95,2026-04-25,9,67491.00
95,2026-04-26,9,67491.00
95,2026-04-27,7,52493.00
95,2026-04-28,7,52493.00
95,2026-04-29,7,52493.00
95,2026-04-30,7,52493.00
95,2026-05-01,7,52493.00
95,2026-05-02,9,67491.00
95,2026-05-03,9,67491.00
95,2026-05-04,7,52493.00
95,2026-05-05,7,52493.00
95,2026-05-06,7,52493.00
95,2026-05-07,7,52493.00
95,2026-05-08,7,52493.00
95,2026-05-09,9,67491.00
95,2026-05-10,9,67491.00
95,2026-05-11,7,52493.00
95,2026-05-12,7,52493.00
95,2026-05-13,7,52493.00
95,2026-05-14,7,52493.00
95,2026-05-15,7,52493.00
95,2026-05-16,9,67491.00
95,2026-05-17,9,67491.00
95,2026-05-18,7,52493.00
95,2026-05-19,7,52493.00
95,2026-05-20,7,52493.00
95,2026-05-21,7,52493.00
95,2026-05-22,7,52493.00
95,2026-05-23,9,67491.00
95,2026-05-24,9,67491.00
95,2026-05-25,7,52493.00
95,2026-05-26,7,52493.00
95,2026-05-27,7,52493.00
95,2026-05-28,7,52493.00
95,2026-05-29,7,52493.00
95,2026-05-30,9,67491.00
95,2026-05-31,9,67491.00
95,2026-06-01,7,52493.00
95,2026-06-02,7,52493.00
95,2026-06-03,7,52493.00
95,2026-06-04,7,52493.00
95,2026-06-05,7,52493.00
95,2026-06-06,9,67491.00
95,2026-06-07,9,67491.00
95,2026-06-08,7,52493.00
95,2026-06-09,7,52493.00
95,2026-06-10,7,52493.00
95,2026-06-11,7,52493.00
95,2026-06-12,7,52493.00
95,2026-06-13,9,67491.00
95,2026-06-14,9,67491.00
95,2026-06-15,7,52493.00
95,2026-06-16,7,52493.00
95,2026-06-17,7,52493.00
95,2026-06-18,7,52493.00
95,2026-06-19,7,52493.00
95,2026-06-20,9,67491.00
95,2026-06-21,9,67491.00
95,2026-06-22,7,52493.00
95,2026-06-23,7,52493.00
95,2026-06-24,7,52493.00
95,2026-06-25,7,52493.00
95,2026-06-26,7,52493.00
95,2026-06-27,9,67491.00
95,2026-06-28,9,67491.00
95,2026-06-29,7,52493.00
95,2026-06-30,7,52493.00
95,2026-07-01,7,52493.00
95,2026-07-02,7,52493.00
95,2026-07-03,7,52493.00
95,2026-07-04,9,67491.00
95,2026-07-05,9,67491.00
95,2026-07-06,7,52493.00
95,2026-07-07,7,52493.00
95,2026-07-08,7,52493.00
95,2026-07-09,7,52493.00
95,2026-07-10,7,52493.00
95,2026-07-11,9,67491.00
95,2026-07-12,9,67491.00
95,2026-07-13,7,52493.00
95,2026-07-14,7,52493.00
95,2026-07-15,7,52493.00
95,2026-07-16,7,52493.00
95,2026-07-17,7,52493.00
95,2026-07-18,9,67491.00
95,2026-07-19,9,67491.00
95,2026-07-20,7,52493.00
95,2026-07-21,7,52493.00
95,2026-07-22,7,52493.00
95,2026-07-23,7,52493.00
95,2026-07-24,7,52493.00
95,2026-07-25,9,67491.00
95,2026-07-26,9,67491.00
95,2026-07-27,7,52493.00
95,2026-07-28,7,52493.00
95,2026-07-29,7,52493.00
95,2026-07-30,7,52493.00
95,2026-07-31,7,52493.00
95,2026-08-01,9,67491.00
95,2026-08-02,9,67491.00
95,2026-08-03,7,52493.00
95,2026-08-04,7,52493.00
95,2026-08-05,7,52493.00
95,2026-08-06,7,52493.00
95,2026-08-07,7,52493.00
95,2026-08-08,9,67491.00
95,2026-08-09,9,67491.00
95,2026-08-10,7,52493.00
95,2026-08-11,7,52493.00
95,2026-08-12,7,52493.00
95,2026-08-13,7,52493.00
95,2026-08-14,7,52493.00
95,2026-08-15,9,67491.00
95,2026-08-16,9,67491.00
95,2026-08-17,7,52493.00
95,2026-08-18,7,52493.00
95,2026-08-19,7,52493.00
95,2026-08-20,7,52493.00
95,2026-08-21,7,52493.00
95,2026-08-22,9,67491.00
95,2026-08-23,9,67491.00
95,2026-08-24,7,52493.00
95,2026-08-25,7,52493.00
95,2026-08-26,7,52493.00
95,2026-08-27,7,52493.00
95,2026-08-28,7,52493.00
95,2026-08-29,9,67491.00
95,2026-08-30,9,67491.00
95,2026-08-31,7,52493.00
95,2026-09-01,7,52493.00
95,2026-09-02,7,52493.00
95,2026-09-03,7,52493.00
95,2026-09-04,7,52493.00
95,2026-09-05,9,67491.00
95,2026-09-06,9,67491.00
95,2026-09-07,7,52493.00
95,2026-09-08,7,52493.00
95,2026-09-09,7,52493.00
95,2026-09-10,7,52493.00
95,2026-09-11,7,52493.00
95,2026-09-12,9,67491.00
95,2026-09-13,9,67491.00
95,2026-09-14,7,52493.00
95,2026-09-15,7,52493.00
95,2026-09-16,7,52493.00
95,2026-09-17,7,52493.00
95,2026-09-18,7,52493.00
95,2026-09-19,9,67491.00
95,2026-09-20,9,67491.00
95,2026-09-21,7,52493.00
95,2026-09-22,7,52493.00
95,2026-09-23,7,52493.00
95,2026-09-24,7,52493.00
95,2026-09-25,7,52493.00
95,2026-09-26,9,67491.00
95,2026-09-27,9,67491.00
95,2026-09-28,7,52493.00
95,2026-09-29,7,52493.00
96,2025-09-30,6,389994.00
96,2025-10-01,8,519992.00
96,2025-10-02,8,519992.00
96,2025-10-03,8,519992.00
96,2025-10-04,9,584991.00
96,2025-10-05,9,584991.00
96,2025-10-06,8,519992.00
96,2025-10-07,8,519992.00
96,2025-10-08,8,519992.00
96,2025-10-09,8,519992.00
96,2025-10-10,8,519992.00
96,2025-10-11,9,584991.00
96,2025-10-12,9,584991.00
96,2025-10-13,8,519992.00
96,2025-10-14,8,519992.00
96,2025-10-15,8,519992.00
96,2025-10-16,8,519992.00
96,2025-10-17,8,519992.00
96,2025-10-18,9,584991.00
96,2025-10-19,9,584991.00
96,2025-10-20,8,519992.00
96,2025-10-21,8,519992.00
96,2025-10-22,8,519992.00
96,2025-10-23,8,519992.00
96,2025-10-24,8,519992.00
96,2025-10-25,9,584991.00
96,2025-10-26,9,584991.00
96,2025-10-27,8,519992.00
96,2025-10-28,8,519992.00
96,2025-10-29,8,519992.00
96,2025-10-30,8,519992.00
96,2025-10-31,8,519992.00
96,2025-11-01,9,584991.00
96,2025-11-02,9,584991.00
96,2025-11-03,8,519992.00
96,2025-11-04,8,519992.00
96,2025-11-05,8,519992.00
96,2025-11-06,8,519992.00
96,2025-11-07,8,519992.00
96,2025-11-08,9,584991.00
96,2025-11-09,9,584991.00
96,2025-11-10,8,519992.00
96,2025-11-11,8,519992.00
96,2025-11-12,8,519992.00
96,2025-11-13,8,519992.00
96,2025-11-14,8,519992.00
96,2025-11-15,9,584991.00
96,2025-11-16,9,584991.00
96,2025-11-17,8,519992.00
96,2025-11-18,8,519992.00
96,2025-11-19,8,519992.00
96,2025-11-20,8,519992.00
96,2025-11-21,8,519992.00
96,2025-11-22,9,584991.00
96,2025-11-23,9,584991.00
96,2025-11-24,8,519992.00
96,2025-11-25,8,519992.00
96,2025-11-26,8,519992.00
96,2025-11-27,8,519992.00
96,2025-11-28,8,519992.00
96,2025-11-29,9,584991.00
96,2025-11-30,9,584991.00
96,2025-12-01,6,389994.00
96,2025-12-02,6,389994.00
96,2025-12-03,6,389994.00
96,2025-12-04,6,389994.00
96,2025-12-05,6,389994.00
96,2025-12-06,7,454993.00
96,2025-12-07,7,454993.00
96,2025-12-08,6,389994.00
96,2025-12-09,6,389994.00
96,2025-12-10,6,389994.00
96,2025-12-11,6,389994.00
96,2025-12-12,6,389994.00
96,2025-12-13,7,454993.00
96,2025-12-14,7,454993.00
96,2025-12-15,6,389994.00
96,2025-12-16,6,389994.00
96,2025-12-17,6,389994.00
96,2025-12-18,6,389994.00
96,2025-12-19,6,389994.00
96,2025-12-20,7,454993.00
96,2025-12-21,7,454993.00
96,2025-12-22,6,389994.00
96,2025-12-23,6,389994.00
96,2025-12-24,6,389994.00
96,2025-12-25,6,389994.00
96,2025-12-26,6,389994.00
96,2025-12-27,7,454993.00
96,2025-12-28,7,454993.00
96,2025-12-29,6,389994.00
96,2025-12-30,6,389994.00
96,2025-12-31,6,389994.00
96,2026-01-01,6,389994.00
96,2026-01-02,6,389994.00
96,2026-01-03,7,454993.00
96,2026-01-04,7,454993.00
96,2026-01-05,6,389994.00
96,2026-01-06,6,389994.00
96,2026-01-07,6,389994.00
96,2026-01-08,6,389994.00
96,2026-01-09,6,389994.00
96,2026-01-10,7,454993.00
96,2026-01-11,7,454993.00
96,2026-01-12,6,389994.00
96,2026-01-13,6,389994.00
96,2026-01-14,6,389994.00
96,2026-01-15,6,389994.00
96,2026-01-16,6,389994.00
96,2026-01-17,7,454993.00
96,2026-01-18,7,454993.00
96,2026-01-19,6,389994.00
96,2026-01-20,6,389994.00
96,2026-01-21,6,389994.00
96,2026-01-22,6,389994.00
96,2026-01-23,6,389994.00
96,2026-01-24,7,454993.00
96,2026-01-25,7,454993.00
96,2026-01-26,6,389994.00
96,2026-01-27,6,389994.00
96,2026-01-28,6,389994.00
96,2026-01-29,6,389994.00
96,2026-01-30,6,389994.00
96,2026-01-31,7,454993.00
96,2026-02-01,7,454993.00
96,2026-02-02,6,389994.00
96,2026-02-03,6,389994.00
96,2026-02-04,6,389994.00
96,2026-02-05,6,389994.00
96,2026-02-06,6,389994.00
96,2026-02-07,7,454993.00
96,2026-02-08,7,454993.00
96,2026-02-09,6,389994.00
96,2026-02-10,6,389994.00
96,2026-02-11,6,389994.00
96,2026-02-12,6,389994.00
96,2026-02-13,6,389994.00
96,2026-02-14,7,454993.00
96,2026-02-15,7,454993.00
96,2026-02-16,6,389994.00
96,2026-02-17,6,389994.00
96,2026-02-18,6,389994.00
96,2026-02-19,6,389994.00
96,2026-02-20,6,389994.00
96,2026-02-21,7,454993.00
96,2026-02-22,7,454993.00
96,2026-02-23,6,389994.00
96,2026-02-24,6,389994.00
96,2026-02-25,6,389994.00
96,2026-02-26,6,389994.00
96,2026-02-27,6,389994.00
96,2026-02-28,7,454993.00
96,2026-03-01,7,454993.00
96,2026-03-02,6,389994.00
96,2026-03-03,6,389994.00
96,2026-03-04,6,389994.00
96,2026-03-05,6,389994.00
96,2026-03-06,6,389994.00
96,2026-03-07,7,454993.00
96,2026-03-08,7,454993.00
96,2026-03-09,6,389994.00
96,2026-03-10,6,389994.00
96,2026-03-11,6,389994.00
96,2026-03-12,6,389994.00
96,2026-03-13,6,389994.00
96,2026-03-14,7,454993.00
96,2026-03-15,7,454993.00
96,2026-03-16,6,389994.00
96,2026-03-17,6,389994.00
96,2026-03-18,6,389994.00
96,2026-03-19,6,389994.00
96,2026-03-20,6,389994.00
96,2026-03-21,7,454993.00
96,2026-03-22,7,454993.00
96,2026-03-23,6,389994.00
96,2026-03-24,6,389994.00
96,2026-03-25,6,389994.00
96,2026-03-26,6,389994.00
96,2026-03-27,6,389994.00
96,2026-03-28,7,454993.00
96,2026-03-29,7,454993.00
96,2026-03-30,6,389994.00
96,2026-03-31,6,389994.00
96,2026-04-01,6,389994.00
96,2026-04-02,6,389994.00
96,2026-04-03,6,389994.00
96,2026-04-04,7,454993.00
96,2026-04-05,7,454993.00
96,2026-04-06,6,389994.00
96,2026-04-07,6,389994.00
96,2026-04-08,6,389994.00
96,2026-04-09,6,389994.00
96,2026-04-10,6,389994.00
96,2026-04-11,7,454993.00
96,2026-04-12,7,454993.00
96,2026-04-13,6,389994.00
96,2026-04-14,6,389994.00
96,2026-04-15,6,389994.00
96,2026-04-16,6,389994.00
96,2026-04-17,6,389994.00
96,2026-04-18,7,454993.00
96,2026-04-19,7,454993.00
96,2026-04-20,6,389994.00
96,2026-04-21,6,389994.00
96,2026-04-22,6,389994.00
96,2026-04-23,6,389994.00
96,2026-04-24,6,389994.00
96,2026-04-25,7,454993.00
96,2026-04-26,7,454993.00
96,2026-04-27,6,389994.00
96,2026-04-28,6,389994.00
96,2026-04-29,6,389994.00
96,2026-04-30,6,389994.00
96,2026-05-01,6,389994.00
96,2026-05-02,7,454993.00
96,2026-05-03,7,454993.00
96,2026-05-04,6,389994.00
96,2026-05-05,6,389994.00
96,2026-05-06,6,389994.00
96,2026-05-07,6,389994.00
96,2026-05-08,6,389994.00
96,2026-05-09,7,454993.00
96,2026-05-10,7,454993.00
96,2026-05-11,6,389994.00
96,2026-05-12,6,389994.00
96,2026-05-13,6,389994.00
96,2026-05-14,6,389994.00
96,2026-05-15,6,389994.00
96,2026-05-16,7,454993.00
96,2026-05-17,7,454993.00
96,2026-05-18,6,389994.00
96,2026-05-19,6,389994.00
96,2026-05-20,6,389994.00
96,2026-05-21,6,389994.00
96,2026-05-22,6,389994.00
96,2026-05-23,7,454993.00
96,2026-05-24,7,454993.00
96,2026-05-25,6,389994.00
96,2026-05-26,6,389994.00
96,2026-05-27,6,389994.00
96,2026-05-28,6,389994.00
96,2026-05-29,6,389994.00
96,2026-05-30,7,454993.00
96,2026-05-31,7,454993.00
96,2026-06-01,6,389994.00
96,2026-06-02,6,389994.00
96,2026-06-03,6,389994.00
96,2026-06-04,6,389994.00
96,2026-06-05,6,389994.00
96,2026-06-06,7,454993.00
96,2026-06-07,7,454993.00
96,2026-06-08,6,389994.00
96,2026-06-09,6,389994.00
96,2026-06-10,6,389994.00
96,2026-06-11,6,389994.00
96,2026-06-12,6,389994.00
96,2026-06-13,7,454993.00
96,2026-06-14,7,454993.00
96,2026-06-15,6,389994.00
96,2026-06-16,6,389994.00
96,2026-06-17,6,389994.00
96,2026-06-18,6,389994.00
96,2026-06-19,6,389994.00
96,2026-06-20,7,454993.00
96,2026-06-21,7,454993.00
96,2026-06-22,6,389994.00
96,2026-06-23,6,389994.00
96,2026-06-24,6,389994.00
96,2026-06-25,6,389994.00
96,2026-06-26,6,389994.00
96,2026-06-27,7,454993.00
96,2026-06-28,7,454993.00
96,2026-06-29,6,389994.00
96,2026-06-30,6,389994.00
96,2026-07-01,6,389994.00
96,2026-07-02,6,389994.00
96,2026-07-03,6,389994.00
96,2026-07-04,7,454993.00
96,2026-07-05,7,454993.00
96,2026-07-06,6,389994.00
96,2026-07-07,6,389994.00
96,2026-07-08,6,389994.00
96,2026-07-09,6,389994.00
96,2026-07-10,6,389994.00
96,2026-07-11,7,454993.00
96,2026-07-12,7,454993.00
96,2026-07-13,6,389994.00
96,2026-07-14,6,389994.00
96,2026-07-15,6,389994.00
96,2026-07-16,6,389994.00
96,2026-07-17,6,389994.00
96,2026-07-18,7,454993.00
96,2026-07-19,7,454993.00
96,2026-07-20,6,389994.00
96,2026-07-21,6,389994.00
96,2026-07-22,6,389994.00
96,2026-07-23,6,389994.00
96,2026-07-24,6,389994.00
96,2026-07-25,7,454993.00
96,2026-07-26,7,454993.00
96,2026-07-27,6,389994.00
96,2026-07-28,6,389994.00
96,2026-07-29,6,389994.00
96,2026-07-30,6,389994.00
96,2026-07-31,6,389994.00
96,2026-08-01,7,454993.00
96,2026-08-02,7,454993.00
96,2026-08-03,6,389994.00
96,2026-08-04,6,389994.00
96,2026-08-05,6,389994.00
96,2026-08-06,6,389994.00
96,2026-08-07,6,389994.00
96,2026-08-08,7,454993.00
96,2026-08-09,7,454993.00
96,2026-08-10,6,389994.00
96,2026-08-11,6,389994.00
96,2026-08-12,6,389994.00
96,2026-08-13,6,389994.00
96,2026-08-14,6,389994.00
96,2026-08-15,7,454993.00
96,2026-08-16,7,454993.00
96,2026-08-17,6,389994.00
96,2026-08-18,6,389994.00
96,2026-08-19,6,389994.00
96,2026-08-20,6,389994.00
96,2026-08-21,6,389994.00
96,2026-08-22,7,454993.00
96,2026-08-23,7,454993.00
96,2026-08-24,6,389994.00
96,2026-08-25,6,389994.00
96,2026-08-26,6,389994.00
96,2026-08-27,6,389994.00
96,2026-08-28,6,389994.00
96,2026-08-29,7,454993.00
96,2026-08-30,7,454993.00
96,2026-08-31,6,389994.00
96,2026-09-01,6,389994.00
96,2026-09-02,6,389994.00
96,2026-09-03,6,389994.00
96,2026-09-04,6,389994.00
96,2026-09-05,7,454993.00
96,2026-09-06,7,454993.00
96,2026-09-07,6,389994.00
96,2026-09-08,6,389994.00
96,2026-09-09,6,389994.00
96,2026-09-10,6,389994.00
96,2026-09-11,6,389994.00
96,2026-09-12,7,454993.00
96,2026-09-13,7,454993.00
96,2026-09-14,6,389994.00
96,2026-09-15,6,389994.00
96,2026-09-16,6,389994.00
96,2026-09-17,6,389994.00
96,2026-09-18,6,389994.00
96,2026-09-19,7,454993.00
96,2026-09-20,7,454993.00
96,2026-09-21,6,389994.00
96,2026-09-22,6,389994.00
96,2026-09-23,6,389994.00
96,2026-09-24,6,389994.00
96,2026-09-25,6,389994.00
96,2026-09-26,7,454993.00
96,2026-09-27,7,454993.00
96,2026-09-28,6,389994.00
96,2026-09-29,6,389994.00
97,2025-09-30,5,599995.00
97,2025-10-01,7,839993.00
97,2025-10-02,7,839993.00
97,2025-10-03,7,839993.00
97,2025-10-04,8,959992.00
97,2025-10-05,8,959992.00
97,2025-10-06,7,839993.00
97,2025-10-07,7,839993.00
97,2025-10-08,7,839993.00
97,2025-10-09,7,839993.00
97,2025-10-10,7,839993.00
97,2025-10-11,8,959992.00
97,2025-10-12,8,959992.00
97,2025-10-13,7,839993.00
97,2025-10-14,7,839993.00
97,2025-10-15,7,839993.00
97,2025-10-16,7,839993.00
97,2025-10-17,7,839993.00
97,2025-10-18,8,959992.00
97,2025-10-19,8,959992.00
97,2025-10-20,7,839993.00
97,2025-10-21,7,839993.00
97,2025-10-22,7,839993.00
97,2025-10-23,7,839993.00
97,2025-10-24,7,839993.00
97,2025-10-25,8,959992.00
97,2025-10-26,8,959992.00
97,2025-10-27,7,839993.00
97,2025-10-28,7,839993.00
97,2025-10-29,7,839993.00
97,2025-10-30,7,839993.00
97,2025-10-31,7,839993.00
97,2025-11-01,8,959992.00
97,2025-11-02,8,959992.00
97,2025-11-03,7,839993.00
97,2025-11-04,7,839993.00
97,2025-11-05,7,839993.00
97,2025-11-06,7,839993.00
97,2025-11-07,7,839993.00
97,2025-11-08,8,959992.00
97,2025-11-09,8,959992.00
97,2025-11-10,7,839993.00
97,2025-11-11,7,839993.00
97,2025-11-12,7,839993.00
97,2025-11-13,7,839993.00
97,2025-11-14,7,839993.00
97,2025-11-15,8,959992.00
97,2025-11-16,8,959992.00
97,2025-11-17,7,839993.00
97,2025-11-18,7,839993.00
97,2025-11-19,7,839993.00
97,2025-11-20,7,839993.00
97,2025-11-21,7,839993.00
97,2025-11-22,8,959992.00
97,2025-11-23,8,959992.00
97,2025-11-24,7,839993.00
97,2025-11-25,7,839993.00
97,2025-11-26,7,839993.00
97,2025-11-27,7,839993.00
97,2025-11-28,7,839993.00
97,2025-11-29,8,959992.00
97,2025-11-30,8,959992.00
97,2025-12-01,5,599995.00
97,2025-12-02,5,599995.00
97,2025-12-03,5,599995.00
97,2025-12-04,5,599995.00
97,2025-12-05,5,599995.00
97,2025-12-06,7,839993.00
97,2025-12-07,6,719994.00
97,2025-12-08,5,599995.00
97,2025-12-09,5,599995.00
97,2025-12-10,5,599995.00
97,2025-12-11,5,599995.00
97,2025-12-12,5,599995.00
97,2025-12-13,7,839993.00
97,2025-12-14,6,719994.00
97,2025-12-15,5,599995.00
97,2025-12-16,5,599995.00
97,2025-12-17,5,599995.00
97,2025-12-18,5,599995.00
97,2025-12-19,5,599995.00
97,2025-12-20,7,839993.00
97,2025-12-21,6,719994.00
97,2025-12-22,5,599995.00
97,2025-12-23,5,599995.00
97,2025-12-24,5,599995.00
97,2025-12-25,5,599995.00
97,2025-12-26,5,599995.00
97,2025-12-27,7,839993.00
97,2025-12-28,6,719994.00
97,2025-12-29,5,599995.00
97,2025-12-30,5,599995.00
97,2025-12-31,5,599995.00
97,2026-01-01,5,599995.00
97,2026-01-02,5,599995.00
97,2026-01-03,7,839993.00
97,2026-01-04,6,719994.00
97,2026-01-05,5,599995.00
97,2026-01-06,5,599995.00
97,2026-01-07,5,599995.00
97,2026-01-08,5,599995.00
97,2026-01-09,5,599995.00
97,2026-01-10,7,839993.00
97,2026-01-11,6,719994.00
97,2026-01-12,5,599995.00
97,2026-01-13,5,599995.00
97,2026-01-14,5,599995.00
97,2026-01-15,5,599995.00
97,2026-01-16,5,599995.00
97,2026-01-17,7,839993.00
97,2026-01-18,6,719994.00
97,2026-01-19,5,599995.00
97,2026-01-20,5,599995.00
97,2026-01-21,5,599995.00
97,2026-01-22,5,599995.00
97,2026-01-23,5,599995.00
97,2026-01-24,7,839993.00
97,2026-01-25,6,719994.00
97,2026-01-26,5,599995.00
97,2026-01-27,5,599995.00
97,2026-01-28,5,599995.00
97,2026-01-29,5,599995.00
97,2026-01-30,5,599995.00
97,2026-01-31,7,839993.00
97,2026-02-01,6,719994.00
97,2026-02-02,5,599995.00
97,2026-02-03,5,599995.00
97,2026-02-04,5,599995.00
97,2026-02-05,5,599995.00
97,2026-02-06,5,599995.00
97,2026-02-07,7,839993.00
97,2026-02-08,6,719994.00
97,2026-02-09,5,599995.00
97,2026-02-10,5,599995.00
97,2026-02-11,5,599995.00
97,2026-02-12,5,599995.00
97,2026-02-13,5,599995.00
97,2026-02-14,7,839993.00
97,2026-02-15,6,719994.00
97,2026-02-16,5,599995.00
97,2026-02-17,5,599995.00
97,2026-02-18,5,599995.00
97,2026-02-19,5,599995.00
97,2026-02-20,5,599995.00
97,2026-02-21,7,839993.00
97,2026-02-22,6,719994.00
97,2026-02-23,5,599995.00
97,2026-02-24,5,599995.00
97,2026-02-25,5,599995.00
97,2026-02-26,5,599995.00
97,2026-02-27,5,599995.00
97,2026-02-28,7,839993.00
97,2026-03-01,6,719994.00
97,2026-03-02,5,599995.00
97,2026-03-03,5,599995.00
97,2026-03-04,5,599995.00
97,2026-03-05,5,599995.00
97,2026-03-06,5,599995.00
97,2026-03-07,7,839993.00
97,2026-03-08,6,719994.00
97,2026-03-09,5,599995.00
97,2026-03-10,5,599995.00
97,2026-03-11,5,599995.00
97,2026-03-12,5,599995.00
97,2026-03-13,5,599995.00
97,2026-03-14,7,839993.00
97,2026-03-15,6,719994.00
97,2026-03-16,5,599995.00
97,2026-03-17,5,599995.00
97,2026-03-18,5,599995.00
97,2026-03-19,5,599995.00
97,2026-03-20,5,599995.00
97,2026-03-21,7,839993.00
97,2026-03-22,6,719994.00
97,2026-03-23,5,599995.00
97,2026-03-24,5,599995.00
97,2026-03-25,5,599995.00
97,2026-03-26,5,599995.00
97,2026-03-27,5,599995.00
97,2026-03-28,7,839993.00
97,2026-03-29,6,719994.00
97,2026-03-30,5,599995.00
97,2026-03-31,5,599995.00
97,2026-04-01,5,599995.00
97,2026-04-02,5,599995.00
97,2026-04-03,5,599995.00
97,2026-04-04,7,839993.00
97,2026-04-05,6,719994.00
97,2026-04-06,5,599995.00
97,2026-04-07,5,599995.00
97,2026-04-08,5,599995.00
97,2026-04-09,5,599995.00
97,2026-04-10,5,599995.00
97,2026-04-11,7,839993.00
97,2026-04-12,6,719994.00
97,2026-04-13,5,599995.00
97,2026-04-14,5,599995.00
97,2026-04-15,5,599995.00
97,2026-04-16,5,599995.00
97,2026-04-17,5,599995.00
97,2026-04-18,7,839993.00
97,2026-04-19,6,719994.00
97,2026-04-20,5,599995.00
97,2026-04-21,5,599995.00
97,2026-04-22,5,599995.00
97,2026-04-23,5,599995.00
97,2026-04-24,5,599995.00
97,2026-04-25,7,839993.00
97,2026-04-26,6,719994.00
97,2026-04-27,5,599995.00
97,2026-04-28,5,599995.00
97,2026-04-29,5,599995.00
97,2026-04-30,5,599995.00
97,2026-05-01,5,599995.00
97,2026-05-02,7,839993.00
97,2026-05-03,6,719994.00
97,2026-05-04,5,599995.00
97,2026-05-05,5,599995.00
97,2026-05-06,5,599995.00
97,2026-05-07,5,599995.00
97,2026-05-08,5,599995.00
97,2026-05-09,7,839993.00
97,2026-05-10,6,719994.00
97,2026-05-11,5,599995.00
97,2026-05-12,5,599995.00
97,2026-05-13,5,599995.00
97,2026-05-14,5,599995.00
97,2026-05-15,5,599995.00
97,2026-05-16,7,839993.00
97,2026-05-17,6,719994.00
97,2026-05-18,5,599995.00
97,2026-05-19,5,599995.00
97,2026-05-20,5,599995.00
97,2026-05-21,5,599995.00
97,2026-05-22,5,599995.00
97,2026-05-23,7,839993.00
97,2026-05-24,6,719994.00
97,2026-05-25,5,599995.00
97,2026-05-26,5,599995.00
97,2026-05-27,5,599995.00
97,2026-05-28,5,599995.00
97,2026-05-29,5,599995.00
97,2026-05-30,7,839993.00
97,2026-05-31,6,719994.00
97,2026-06-01,5,599995.00
97,2026-06-02,5,599995.00
97,2026-06-03,5,599995.00
97,2026-06-04,5,599995.00
97,2026-06-05,5,599995.00
97,2026-06-06,7,839993.00
97,2026-06-07,6,719994.00
97,2026-06-08,5,599995.00
97,2026-06-09,5,599995.00
97,2026-06-10,5,599995.00
97,2026-06-11,5,599995.00
97,2026-06-12,5,599995.00
97,2026-06-13,7,839993.00
97,2026-06-14,6,719994.00
97,2026-06-15,5,599995.00
97,2026-06-16,5,599995.00
97,2026-06-17,5,599995.00
97,2026-06-18,5,599995.00
97,2026-06-19,5,599995.00
97,2026-06-20,7,839993.00
97,2026-06-21,6,719994.00
97,2026-06-22,5,599995.00
97,2026-06-23,5,599995.00
97,2026-06-24,5,599995.00
97,2026-06-25,5,599995.00
97,2026-06-26,5,599995.00
97,2026-06-27,7,839993.00
97,2026-06-28,6,719994.00
97,2026-06-29,5,599995.00
97,2026-06-30,5,599995.00
97,2026-07-01,5,599995.00
97,2026-07-02,5,599995.00
97,2026-07-03,5,599995.00
97,2026-07-04,7,839993.00
97,2026-07-05,6,719994.00
97,2026-07-06,5,599995.00
97,2026-07-07,5,599995.00
97,2026-07-08,5,599995.00
97,2026-07-09,5,599995.00
97,2026-07-10,5,599995.00
97,2026-07-11,7,839993.00
97,2026-07-12,6,719994.00
97,2026-07-13,5,599995.00
97,2026-07-14,5,599995.00
97,2026-07-15,5,599995.00
97,2026-07-16,5,599995.00
97,2026-07-17,5,599995.00
97,2026-07-18,7,839993.00
97,2026-07-19,6,719994.00
97,2026-07-20,5,599995.00
97,2026-07-21,5,599995.00
97,2026-07-22,5,599995.00
97,2026-07-23,5,599995.00
97,2026-07-24,5,599995.00
97,2026-07-25,7,839993.00
97,2026-07-26,6,719994.00
97,2026-07-27,5,599995.00
97,2026-07-28,5,599995.00
97,2026-07-29,5,599995.00
97,2026-07-30,5,599995.00
97,2026-07-31,5,599995.00
97,2026-08-01,7,839993.00
97,2026-08-02,6,719994.00
97,2026-08-03,5,599995.00
97,2026-08-04,5,599995.00
97,2026-08-05,5,599995.00
97,2026-08-06,5,599995.00
97,2026-08-07,5,599995.00
97,2026-08-08,7,839993.00
97,2026-08-09,6,719994.00
97,2026-08-10,5,599995.00
97,2026-08-11,5,599995.00
97,2026-08-12,5,599995.00
97,2026-08-13,5,599995.00
97,2026-08-14,5,599995.00
97,2026-08-15,7,839993.00
97,2026-08-16,6,719994.00
97,2026-08-17,5,599995.00
97,2026-08-18,5,599995.00
97,2026-08-19,5,599995.00
97,2026-08-20,5,599995.00
97,2026-08-21,5,599995.00
97,2026-08-22,7,839993.00
97,2026-08-23,6,719994.00
97,2026-08-24,5,599995.00
97,2026-08-25,5,599995.00
97,2026-08-26,5,599995.00
97,2026-08-27,5,599995.00
97,2026-08-28,5,599995.00
97,2026-08-29,7,839993.00
97,2026-08-30,6,719994.00
97,2026-08-31,5,599995.00
97,2026-09-01,5,599995.00
97,2026-09-02,5,599995.00
97,2026-09-03,5,599995.00
97,2026-09-04,5,599995.00
97,2026-09-05,7,839993.00
97,2026-09-06,6,719994.00
97,2026-09-07,5,599995.00
97,2026-09-08,5,599995.00
97,2026-09-09,5,599995.00
97,2026-09-10,5,599995.00
97,2026-09-11,5,599995.00
97,2026-09-12,7,839993.00
97,2026-09-13,6,719994.00
97,2026-09-14,5,599995.00
97,2026-09-15,5,599995.00
97,2026-09-16,5,599995.00
97,2026-09-17,5,599995.00
97,2026-09-18,5,599995.00
97,2026-09-19,7,839993.00
97,2026-09-20,6,719994.00
97,2026-09-21,5,599995.00
97,2026-09-22,5,599995.00
97,2026-09-23,5,599995.00
97,2026-09-24,5,599995.00
97,2026-09-25,5,599995.00
97,2026-09-26,7,839993.00
97,2026-09-27,6,719994.00
97,2026-09-28,5,599995.00
97,2026-09-29,5,599995.00
98,2025-09-30,7,118993.00
98,2025-10-01,9,152991.00
98,2025-10-02,9,152991.00
98,2025-10-03,9,152991.00
98,2025-10-04,11,186989.00
98,2025-10-05,11,186989.00
98,2025-10-06,9,152991.00
98,2025-10-07,9,152991.00
98,2025-10-08,9,152991.00
98,2025-10-09,9,152991.00
98,2025-10-10,9,152991.00
98,2025-10-11,11,186989.00
98,2025-10-12,11,186989.00
98,2025-10-13,9,152991.00
98,2025-10-14,9,152991.00
98,2025-10-15,9,152991.00
98,2025-10-16,9,152991.00
98,2025-10-17,9,152991.00
98,2025-10-18,11,186989.00
98,2025-10-19,11,186989.00
98,2025-10-20,9,152991.00
98,2025-10-21,9,152991.00
98,2025-10-22,9,152991.00
98,2025-10-23,9,152991.00
98,2025-10-24,9,152991.00
98,2025-10-25,11,186989.00
98,2025-10-26,11,186989.00
98,2025-10-27,9,152991.00
98,2025-10-28,9,152991.00
98,2025-10-29,9,152991.00
98,2025-10-30,9,152991.00
98,2025-10-31,9,152991.00
98,2025-11-01,11,186989.00
98,2025-11-02,11,186989.00
98,2025-11-03,9,152991.00
98,2025-11-04,9,152991.00
98,2025-11-05,9,152991.00
98,2025-11-06,9,152991.00
98,2025-11-07,9,152991.00
98,2025-11-08,11,186989.00
98,2025-11-09,11,186989.00
98,2025-11-10,9,152991.00
98,2025-11-11,9,152991.00
98,2025-11-12,9,152991.00
98,2025-11-13,9,152991.00
98,2025-11-14,9,152991.00
98,2025-11-15,11,186989.00
98,2025-11-16,11,186989.00
98,2025-11-17,9,152991.00
98,2025-11-18,9,152991.00
98,2025-11-19,9,152991.00
98,2025-11-20,9,152991.00
98,2025-11-21,9,152991.00
98,2025-11-22,11,186989.00
98,2025-11-23,11,186989.00
98,2025-11-24,9,152991.00
98,2025-11-25,9,152991.00
98,2025-11-26,9,152991.00
98,2025-11-27,9,152991.00
98,2025-11-28,9,152991.00
98,2025-11-29,11,186989.00
98,2025-11-30,11,186989.00
98,2025-12-01,7,118993.00
98,2025-12-02,7,118993.00
98,2025-12-03,7,118993.00
98,2025-12-04,7,118993.00
98,2025-12-05,7,118993.00
98,2025-12-06,9,152991.00
98,2025-12-07,8,135992.00
98,2025-12-08,7,118993.00
98,2025-12-09,7,118993.00
98,2025-12-10,7,118993.00
98,2025-12-11,7,118993.00
98,2025-12-12,7,118993.00
98,2025-12-13,9,152991.00
98,2025-12-14,8,135992.00
98,2025-12-15,7,118993.00
98,2025-12-16,7,118993.00
98,2025-12-17,7,118993.00
98,2025-12-18,7,118993.00
98,2025-12-19,7,118993.00
98,2025-12-20,9,152991.00
98,2025-12-21,8,135992.00
98,2025-12-22,7,118993.00
98,2025-12-23,7,118993.00
98,2025-12-24,7,118993.00
98,2025-12-25,7,118993.00
98,2025-12-26,7,118993.00
98,2025-12-27,9,152991.00
98,2025-12-28,8,135992.00
98,2025-12-29,7,118993.00
98,2025-12-30,7,118993.00
98,2025-12-31,7,118993.00
98,2026-01-01,7,118993.00
98,2026-01-02,7,118993.00
98,2026-01-03,9,152991.00
98,2026-01-04,8,135992.00
98,2026-01-05,7,118993.00
98,2026-01-06,7,118993.00
98,2026-01-07,7,118993.00
98,2026-01-08,7,118993.00
98,2026-01-09,7,118993.00
98,2026-01-10,9,152991.00
98,2026-01-11,8,135992.00
98,2026-01-12,7,118993.00
98,2026-01-13,7,118993.00
98,2026-01-14,7,118993.00
98,2026-01-15,7,118993.00
98,2026-01-16,7,118993.00
98,2026-01-17,9,152991.00
98,2026-01-18,8,135992.00
98,2026-01-19,7,118993.00
98,2026-01-20,7,118993.00
98,2026-01-21,7,118993.00
98,2026-01-22,7,118993.00
98,2026-01-23,7,118993.00
98,2026-01-24,9,152991.00
98,2026-01-25,8,135992.00
98,2026-01-26,7,118993.00
98,2026-01-27,7,118993.00
98,2026-01-28,7,118993.00
98,2026-01-29,7,118993.00
98,2026-01-30,7,118993.00
98,2026-01-31,9,152991.00
98,2026-02-01,8,135992.00
98,2026-02-02,7,118993.00
98,2026-02-03,7,118993.00
98,2026-02-04,7,118993.00
98,2026-02-05,7,118993.00
98,2026-02-06,7,118993.00
98,2026-02-07,9,152991.00
98,2026-02-08,8,135992.00
98,2026-02-09,7,118993.00
98,2026-02-10,7,118993.00
98,2026-02-11,7,118993.00
98,2026-02-12,7,118993.00
98,2026-02-13,7,118993.00
98,2026-02-14,9,152991.00
98,2026-02-15,8,135992.00
98,2026-02-16,7,118993.00
98,2026-02-17,7,118993.00
98,2026-02-18,7,118993.00
98,2026-02-19,7,118993.00
98,2026-02-20,7,118993.00
98,2026-02-21,9,152991.00
98,2026-02-22,8,135992.00
98,2026-02-23,7,118993.00
98,2026-02-24,7,118993.00
98,2026-02-25,7,118993.00
98,2026-02-26,7,118993.00
98,2026-02-27,7,118993.00
98,2026-02-28,9,152991.00
98,2026-03-01,8,135992.00
98,2026-03-02,7,118993.00
98,2026-03-03,7,118993.00
98,2026-03-04,7,118993.00
98,2026-03-05,7,118993.00
98,2026-03-06,7,118993.00
98,2026-03-07,9,152991.00
98,2026-03-08,8,135992.00
98,2026-03-09,7,118993.00
98,2026-03-10,7,118993.00
98,2026-03-11,7,118993.00
98,2026-03-12,7,118993.00
98,2026-03-13,7,118993.00
98,2026-03-14,9,152991.00
98,2026-03-15,8,135992.00
98,2026-03-16,7,118993.00
98,2026-03-17,7,118993.00
98,2026-03-18,7,118993.00
98,2026-03-19,7,118993.00
98,2026-03-20,7,118993.00
98,2026-03-21,9,152991.00
98,2026-03-22,8,135992.00
98,2026-03-23,7,118993.00
98,2026-03-24,7,118993.00
98,2026-03-25,7,118993.00
98,2026-03-26,7,118993.00
98,2026-03-27,7,118993.00
98,2026-03-28,9,152991.00
98,2026-03-29,8,135992.00
98,2026-03-30,7,118993.00
98,2026-03-31,7,118993.00
98,2026-04-01,7,118993.00
98,2026-04-02,7,118993.00
98,2026-04-03,7,118993.00
98,2026-04-04,9,152991.00
98,2026-04-05,8,135992.00
98,2026-04-06,7,118993.00
98,2026-04-07,7,118993.00
98,2026-04-08,7,118993.00
98,2026-04-09,7,118993.00
98,2026-04-10,7,118993.00
98,2026-04-11,9,152991.00
98,2026-04-12,8,135992.00
98,2026-04-13,7,118993.00
98,2026-04-14,7,118993.00
98,2026-04-15,7,118993.00
98,2026-04-16,7,118993.00
98,2026-04-17,7,118993.00
98,2026-04-18,9,152991.00
98,2026-04-19,8,135992.00
98,2026-04-20,7,118993.00
98,2026-04-21,7,118993.00
98,2026-04-22,7,118993.00
98,2026-04-23,7,118993.00
98,2026-04-24,7,118993.00
98,2026-04-25,9,152991.00
98,2026-04-26,8,135992.00
98,2026-04-27,7,118993.00
98,2026-04-28,7,118993.00
98,2026-04-29,7,118993.00
98,2026-04-30,7,118993.00
98,2026-05-01,7,118993.00
98,2026-05-02,9,152991.00
98,2026-05-03,8,135992.00
98,2026-05-04,7,118993.00
98,2026-05-05,7,118993.00
98,2026-05-06,7,118993.00
98,2026-05-07,7,118993.00
98,2026-05-08,7,118993.00
98,2026-05-09,9,152991.00
98,2026-05-10,8,135992.00
98,2026-05-11,7,118993.00
98,2026-05-12,7,118993.00
98,2026-05-13,7,118993.00
98,2026-05-14,7,118993.00
98,2026-05-15,7,118993.00
98,2026-05-16,9,152991.00
98,2026-05-17,8,135992.00
98,2026-05-18,7,118993.00
98,2026-05-19,7,118993.00
98,2026-05-20,7,118993.00
98,2026-05-21,7,118993.00
98,2026-05-22,7,118993.00
98,2026-05-23,9,152991.00
98,2026-05-24,8,135992.00
98,2026-05-25,7,118993.00
98,2026-05-26,7,118993.00
98,2026-05-27,7,118993.00
98,2026-05-28,7,118993.00
98,2026-05-29,7,118993.00
98,2026-05-30,9,152991.00
98,2026-05-31,8,135992.00
98,2026-06-01,8,135992.00
98,2026-06-02,8,135992.00
98,2026-06-03,8,135992.00
98,2026-06-04,8,135992.00
98,2026-06-05,8,135992.00
98,2026-06-06,10,169990.00
98,2026-06-07,10,169990.00
98,2026-06-08,8,135992.00
98,2026-06-09,8,135992.00
98,2026-06-10,8,135992.00
98,2026-06-11,8,135992.00
98,2026-06-12,8,135992.00
98,2026-06-13,10,169990.00
98,2026-06-14,10,169990.00
98,2026-06-15,8,135992.00
98,2026-06-16,8,135992.00
98,2026-06-17,8,135992.00
98,2026-06-18,8,135992.00
98,2026-06-19,8,135992.00
98,2026-06-20,10,169990.00
98,2026-06-21,10,169990.00
98,2026-06-22,8,135992.00
98,2026-06-23,8,135992.00
98,2026-06-24,8,135992.00
98,2026-06-25,8,135992.00
98,2026-06-26,8,135992.00
98,2026-06-27,10,169990.00
98,2026-06-28,10,169990.00
98,2026-06-29,8,135992.00
98,2026-06-30,8,135992.00
98,2026-07-01,8,135992.00
98,2026-07-02,8,135992.00
98,2026-07-03,8,135992.00
98,2026-07-04,10,169990.00
98,2026-07-05,10,169990.00
98,2026-07-06,8,135992.00
98,2026-07-07,8,135992.00
98,2026-07-08,8,135992.00
98,2026-07-09,8,135992.00
98,2026-07-10,8,135992.00
98,2026-07-11,10,169990.00
98,2026-07-12,10,169990.00
98,2026-07-13,8,135992.00
98,2026-07-14,8,135992.00
98,2026-07-15,8,135992.00
98,2026-07-16,8,135992.00
98,2026-07-17,8,135992.00
98,2026-07-18,10,169990.00
98,2026-07-19,10,169990.00
98,2026-07-20,8,135992.00
98,2026-07-21,8,135992.00
98,2026-07-22,8,135992.00
98,2026-07-23,8,135992.00
98,2026-07-24,8,135992.00
98,2026-07-25,10,169990.00
98,2026-07-26,10,169990.00
98,2026-07-27,8,135992.00
98,2026-07-28,8,135992.00
98,2026-07-29,8,135992.00
98,2026-07-30,8,135992.00
98,2026-07-31,8,135992.00
98,2026-08-01,9,152991.00
98,2026-08-02,8,135992.00
98,2026-08-03,7,118993.00
98,2026-08-04,7,118993.00
98,2026-08-05,7,118993.00
98,2026-08-06,7,118993.00
98,2026-08-07,7,118993.00
98,2026-08-08,9,152991.00
98,2026-08-09,8,135992.00
98,2026-08-10,7,118993.00
98,2026-08-11,7,118993.00
98,2026-08-12,7,118993.00
98,2026-08-13,7,118993.00
98,2026-08-14,7,118993.00
98,2026-08-15,9,152991.00
98,2026-08-16,8,135992.00
98,2026-08-17,7,118993.00
98,2026-08-18,7,118993.00
98,2026-08-19,7,118993.00
98,2026-08-20,7,118993.00
98,2026-08-21,7,118993.00
98,2026-08-22,9,152991.00
98,2026-08-23,8,135992.00
98,2026-08-24,7,118993.00
98,2026-08-25,7,118993.00
98,2026-08-26,7,118993.00
98,2026-08-27,7,118993.00
98,2026-08-28,7,118993.00
98,2026-08-29,9,152991.00
98,2026-08-30,8,135992.00
98,2026-08-31,7,118993.00
98,2026-09-01,7,118993.00
98,2026-09-02,7,118993.00
98,2026-09-03,7,118993.00
98,2026-09-04,7,118993.00
98,2026-09-05,9,152991.00
98,2026-09-06,8,135992.00
98,2026-09-07,7,118993.00
98,2026-09-08,7,118993.00
98,2026-09-09,7,118993.00
98,2026-09-10,7,118993.00
98,2026-09-11,7,118993.00
98,2026-09-12,9,152991.00
98,2026-09-13,8,135992.00
98,2026-09-14,7,118993.00
98,2026-09-15,7,118993.00
98,2026-09-16,7,118993.00
98,2026-09-17,7,118993.00
98,2026-09-18,7,118993.00
98,2026-09-19,9,152991.00
98,2026-09-20,8,135992.00
98,2026-09-21,7,118993.00
98,2026-09-22,7,118993.00
98,2026-09-23,7,118993.00
98,2026-09-24,7,118993.00
98,2026-09-25,7,118993.00
98,2026-09-26,9,152991.00
98,2026-09-27,8,135992.00
98,2026-09-28,7,118993.00
98,2026-09-29,7,118993.00
99,2025-09-30,8,175992.00
99,2025-10-01,9,197991.00
99,2025-10-02,9,197991.00
99,2025-10-03,9,197991.00
99,2025-10-04,11,241989.00
99,2025-10-05,11,241989.00
99,2025-10-06,9,197991.00
99,2025-10-07,9,197991.00
99,2025-10-08,9,197991.00
99,2025-10-09,9,197991.00
99,2025-10-10,9,197991.00
99,2025-10-11,11,241989.00
99,2025-10-12,11,241989.00
99,2025-10-13,9,197991.00
99,2025-10-14,9,197991.00
99,2025-10-15,9,197991.00
99,2025-10-16,9,197991.00
99,2025-10-17,9,197991.00
99,2025-10-18,11,241989.00
99,2025-10-19,11,241989.00
99,2025-10-20,9,197991.00
99,2025-10-21,9,197991.00
99,2025-10-22,9,197991.00
99,2025-10-23,9,197991.00
99,2025-10-24,9,197991.00
99,2025-10-25,11,241989.00
99,2025-10-26,11,241989.00
99,2025-10-27,9,197991.00
99,2025-10-28,9,197991.00
99,2025-10-29,9,197991.00
99,2025-10-30,9,197991.00
99,2025-10-31,9,197991.00
99,2025-11-01,11,241989.00
99,2025-11-02,11,241989.00
99,2025-11-03,9,197991.00
99,2025-11-04,9,197991.00
99,2025-11-05,9,197991.00
99,2025-11-06,9,197991.00
99,2025-11-07,9,197991.00
99,2025-11-08,11,241989.00
99,2025-11-09,11,241989.00
99,2025-11-10,9,197991.00
99,2025-11-11,9,197991.00
99,2025-11-12,9,197991.00
99,2025-11-13,9,197991.00
99,2025-11-14,9,197991.00
99,2025-11-15,11,241989.00
99,2025-11-16,11,241989.00
99,2025-11-17,9,197991.00
99,2025-11-18,9,197991.00
99,2025-11-19,9,197991.00
99,2025-11-20,9,197991.00
99,2025-11-21,9,197991.00
99,2025-11-22,11,241989.00
99,2025-11-23,11,241989.00
99,2025-11-24,9,197991.00
99,2025-11-25,9,197991.00
99,2025-11-26,9,197991.00
99,2025-11-27,9,197991.00
99,2025-11-28,9,197991.00
99,2025-11-29,11,241989.00
99,2025-11-30,11,241989.00
99,2025-12-01,8,175992.00
99,2025-12-02,8,175992.00
99,2025-12-03,8,175992.00
99,2025-12-04,8,175992.00
99,2025-12-05,8,175992.00
99,2025-12-06,9,197991.00
99,2025-12-07,9,197991.00
99,2025-12-08,8,175992.00
99,2025-12-09,8,175992.00
99,2025-12-10,8,175992.00
99,2025-12-11,8,175992.00
99,2025-12-12,8,175992.00
99,2025-12-13,9,197991.00
99,2025-12-14,9,197991.00
99,2025-12-15,8,175992.00
99,2025-12-16,8,175992.00
99,2025-12-17,8,175992.00
99,2025-12-18,8,175992.00
99,2025-12-19,8,175992.00
99,2025-12-20,9,197991.00
99,2025-12-21,9,197991.00
99,2025-12-22,8,175992.00
99,2025-12-23,8,175992.00
99,2025-12-24,8,175992.00
99,2025-12-25,8,175992.00
99,2025-12-26,8,175992.00
99,2025-12-27,9,197991.00
99,2025-12-28,9,197991.00
99,2025-12-29,8,175992.00
99,2025-12-30,8,175992.00
99,2025-12-31,8,175992.00
99,2026-01-01,8,175992.00
99,2026-01-02,8,175992.00
99,2026-01-03,9,197991.00
99,2026-01-04,9,197991.00
99,2026-01-05,8,175992.00
99,2026-01-06,8,175992.00
99,2026-01-07,8,175992.00
99,2026-01-08,8,175992.00
99,2026-01-09,8,175992.00
99,2026-01-10,9,197991.00
99,2026-01-11,9,197991.00
99,2026-01-12,8,175992.00
99,2026-01-13,8,175992.00
99,2026-01-14,8,175992.00
99,2026-01-15,8,175992.00
99,2026-01-16,8,175992.00
99,2026-01-17,9,197991.00
99,2026-01-18,9,197991.00
99,2026-01-19,8,175992.00
99,2026-01-20,8,175992.00
99,2026-01-21,8,175992.00
99,2026-01-22,8,175992.00
99,2026-01-23,8,175992.00
99,2026-01-24,9,197991.00
99,2026-01-25,9,197991.00
99,2026-01-26,8,175992.00
99,2026-01-27,8,175992.00
99,2026-01-28,8,175992.00
99,2026-01-29,8,175992.00
99,2026-01-30,8,175992.00
99,2026-01-31,9,197991.00
99,2026-02-01,9,197991.00
99,2026-02-02,8,175992.00
99,2026-02-03,8,175992.00
99,2026-02-04,8,175992.00
99,2026-02-05,8,175992.00
99,2026-02-06,8,175992.00
99,2026-02-07,9,197991.00
99,2026-02-08,9,197991.00
99,2026-02-09,8,175992.00
99,2026-02-10,8,175992.00
99,2026-02-11,8,175992.00
99,2026-02-12,8,175992.00
99,2026-02-13,8,175992.00
99,2026-02-14,9,197991.00
99,2026-02-15,9,197991.00
99,2026-02-16,8,175992.00
99,2026-02-17,8,175992.00
99,2026-02-18,8,175992.00
99,2026-02-19,8,175992.00
99,2026-02-20,8,175992.00
99,2026-02-21,9,197991.00
99,2026-02-22,9,197991.00
99,2026-02-23,8,175992.00
99,2026-02-24,8,175992.00
99,2026-02-25,8,175992.00
99,2026-02-26,8,175992.00
99,2026-02-27,8,175992.00
99,2026-02-28,9,197991.00
99,2026-03-01,9,197991.00
99,2026-03-02,8,175992.00
99,2026-03-03,8,175992.00
99,2026-03-04,8,175992.00
99,2026-03-05,8,175992.00
99,2026-03-06,8,175992.00
99,2026-03-07,9,197991.00
99,2026-03-08,9,197991.00
99,2026-03-09,8,175992.00
99,2026-03-10,8,175992.00
99,2026-03-11,8,175992.00
99,2026-03-12,8,175992.00
99,2026-03-13,8,175992.00
99,2026-03-14,9,197991.00
99,2026-03-15,9,197991.00
99,2026-03-16,8,175992.00
99,2026-03-17,8,175992.00
99,2026-03-18,8,175992.00
99,2026-03-19,8,175992.00
99,2026-03-20,8,175992.00
99,2026-03-21,9,197991.00
99,2026-03-22,9,197991.00
99,2026-03-23,8,175992.00
99,2026-03-24,8,175992.00
99,2026-03-25,8,175992.00
99,2026-03-26,8,175992.00
99,2026-03-27,8,175992.00
99,2026-03-28,9,197991.00
99,2026-03-29,9,197991.00
99,2026-03-30,8,175992.00
99,2026-03-31,8,175992.00
99,2026-04-01,8,175992.00
99,2026-04-02,8,175992.00
99,2026-04-03,8,175992.00
99,2026-04-04,9,197991.00
99,2026-04-05,9,197991.00
99,2026-04-06,8,175992.00
99,2026-04-07,8,175992.00
99,2026-04-08,8,175992.00
99,2026-04-09,8,175992.00
99,2026-04-10,8,175992.00
99,2026-04-11,9,197991.00
99,2026-04-12,9,197991.00
99,2026-04-13,8,175992.00
99,2026-04-14,8,175992.00
99,2026-04-15,8,175992.00
99,2026-04-16,8,175992.00
99,2026-04-17,8,175992.00
99,2026-04-18,9,197991.00
99,2026-04-19,9,197991.00
99,2026-04-20,8,175992.00
99,2026-04-21,8,175992.00
99,2026-04-22,8,175992.00
99,2026-04-23,8,175992.00
99,2026-04-24,8,175992.00
99,2026-04-25,9,197991.00
99,2026-04-26,9,197991.00
99,2026-04-27,8,175992.00
99,2026-04-28,8,175992.00
99,2026-04-29,8,175992.00
99,2026-04-30,8,175992.00
99,2026-05-01,8,175992.00
99,2026-05-02,9,197991.00
99,2026-05-03,9,197991.00
99,2026-05-04,8,175992.00
99,2026-05-05,8,175992.00
99,2026-05-06,8,175992.00
99,2026-05-07,8,175992.00
99,2026-05-08,8,175992.00
99,2026-05-09,9,197991.00
99,2026-05-10,9,197991.00
99,2026-05-11,8,175992.00
99,2026-05-12,8,175992.00
99,2026-05-13,8,175992.00
99,2026-05-14,8,175992.00
99,2026-05-15,8,175992.00
99,2026-05-16,9,197991.00
99,2026-05-17,9,197991.00
99,2026-05-18,8,175992.00
99,2026-05-19,8,175992.00
99,2026-05-20,8,175992.00
99,2026-05-21,8,175992.00
99,2026-05-22,8,175992.00
99,2026-05-23,9,197991.00
99,2026-05-24,9,197991.00
99,2026-05-25,8,175992.00
99,2026-05-26,8,175992.00
99,2026-05-27,8,175992.00
99,2026-05-28,8,175992.00
99,2026-05-29,8,175992.00
99,2026-05-30,9,197991.00
99,2026-05-31,9,197991.00
99,2026-06-01,8,175992.00
99,2026-06-02,8,175992.00
99,2026-06-03,8,175992.00
99,2026-06-04,8,175992.00
99,2026-06-05,8,175992.00
99,2026-06-06,9,197991.00
99,2026-06-07,9,197991.00
99,2026-06-08,8,175992.00
99,2026-06-09,8,175992.00
99,2026-06-10,8,175992.00
99,2026-06-11,8,175992.00
99,2026-06-12,8,175992.00
99,2026-06-13,9,197991.00
99,2026-06-14,9,197991.00
99,2026-06-15,8,175992.00
99,2026-06-16,8,175992.00
99,2026-06-17,8,175992.00
99,2026-06-18,8,175992.00
99,2026-06-19,8,175992.00
99,2026-06-20,9,197991.00
99,2026-06-21,9,197991.00
99,2026-06-22,8,175992.00
99,2026-06-23,8,175992.00
99,2026-06-24,8,175992.00
99,2026-06-25,8,175992.00
99,2026-06-26,8,175992.00
99,2026-06-27,9,197991.00
99,2026-06-28,9,197991.00
99,2026-06-29,8,175992.00
99,2026-06-30,8,175992.00
99,2026-07-01,8,175992.00
99,2026-07-02,8,175992.00
99,2026-07-03,8,175992.00
99,2026-07-04,9,197991.00
99,2026-07-05,9,197991.00
99,2026-07-06,8,175992.00
99,2026-07-07,8,175992.00
99,2026-07-08,8,175992.00
99,2026-07-09,8,175992.00
99,2026-07-10,8,175992.00
99,2026-07-11,9,197991.00
99,2026-07-12,9,197991.00
99,2026-07-13,8,175992.00
99,2026-07-14,8,175992.00
99,2026-07-15,8,175992.00
99,2026-07-16,8,175992.00
99,2026-07-17,8,175992.00
99,2026-07-18,9,197991.00
99,2026-07-19,9,197991.00
99,2026-07-20,8,175992.00
99,2026-07-21,8,175992.00
99,2026-07-22,8,175992.00
99,2026-07-23,8,175992.00
99,2026-07-24,8,175992.00
99,2026-07-25,9,197991.00
99,2026-07-26,9,197991.00
99,2026-07-27,8,175992.00
99,2026-07-28,8,175992.00
99,2026-07-29,8,175992.00
99,2026-07-30,8,175992.00
99,2026-07-31,8,175992.00
99,2026-08-01,9,197991.00
99,2026-08-02,9,197991.00
99,2026-08-03,8,175992.00
99,2026-08-04,8,175992.00
99,2026-08-05,8,175992.00
99,2026-08-06,8,175992.00
99,2026-08-07,8,175992.00
99,2026-08-08,9,197991.00
99,2026-08-09,9,197991.00
99,2026-08-10,8,175992.00
99,2026-08-11,8,175992.00
99,2026-08-12,8,175992.00
99,2026-08-13,8,175992.00
99,2026-08-14,8,175992.00
99,2026-08-15,9,197991.00
99,2026-08-16,9,197991.00
99,2026-08-17,8,175992.00
99,2026-08-18,8,175992.00
99,2026-08-19,8,175992.00
99,2026-08-20,8,175992.00
99,2026-08-21,8,175992.00
99,2026-08-22,9,197991.00
99,2026-08-23,9,197991.00
99,2026-08-24,8,175992.00
99,2026-08-25,8,175992.00
99,2026-08-26,8,175992.00
99,2026-08-27,8,175992.00
99,2026-08-28,8,175992.00
99,2026-08-29,9,197991.00
99,2026-08-30,9,197991.00
99,2026-08-31,8,175992.00
99,2026-09-01,8,175992.00
99,2026-09-02,8,175992.00
99,2026-09-03,8,175992.00
99,2026-09-04,8,175992.00
99,2026-09-05,9,197991.00
99,2026-09-06,9,197991.00
99,2026-09-07,8,175992.00
99,2026-09-08,8,175992.00
99,2026-09-09,8,175992.00
99,2026-09-10,8,175992.00
99,2026-09-11,8,175992.00
99,2026-09-12,9,197991.00
99,2026-09-13,9,197991.00
99,2026-09-14,8,175992.00
99,2026-09-15,8,175992.00
99,2026-09-16,8,175992.00
99,2026-09-17,8,175992.00
99,2026-09-18,8,175992.00
99,2026-09-19,9,197991.00
99,2026-09-20,9,197991.00
99,2026-09-21,8,175992.00
99,2026-09-22,8,175992.00
99,2026-09-23,8,175992.00
99,2026-09-24,8,175992.00
99,2026-09-25,8,175992.00
99,2026-09-26,9,197991.00
99,2026-09-27,9,197991.00
99,2026-09-28,8,175992.00
99,2026-09-29,8,175992.00
100,2025-09-30,10,39990.00
100,2025-10-01,13,51987.00
100,2025-10-02,13,51987.00
100,2025-10-03,13,51987.00
100,2025-10-04,15,59985.00
100,2025-10-05,14,55986.00
100,2025-10-06,13,51987.00
100,2025-10-07,13,51987.00
100,2025-10-08,13,51987.00
100,2025-10-09,13,51987.00
100,2025-10-10,13,51987.00
100,2025-10-11,15,59985.00
100,2025-10-12,14,55986.00
100,2025-10-13,13,51987.00
100,2025-10-14,13,51987.00
100,2025-10-15,13,51987.00
100,2025-10-16,13,51987.00
100,2025-10-17,13,51987.00
100,2025-10-18,15,59985.00
100,2025-10-19,14,55986.00
100,2025-10-20,13,51987.00
100,2025-10-21,13,51987.00
100,2025-10-22,13,51987.00
100,2025-10-23,13,51987.00
100,2025-10-24,13,51987.00
100,2025-10-25,15,59985.00
100,2025-10-26,14,55986.00
100,2025-10-27,13,51987.00
100,2025-10-28,13,51987.00
100,2025-10-29,13,51987.00
100,2025-10-30,13,51987.00
100,2025-10-31,13,51987.00
100,2025-11-01,15,59985.00
100,2025-11-02,14,55986.00
100,2025-11-03,13,51987.00
100,2025-11-04,13,51987.00
100,2025-11-05,13,51987.00
100,2025-11-06,13,51987.00
100,2025-11-07,13,51987.00
100,2025-11-08,15,59985.00
100,2025-11-09,14,55986.00
100,2025-11-10,13,51987.00
100,2025-11-11,13,51987.00
100,2025-11-12,13,51987.00
100,2025-11-13,13,51987.00
100,2025-11-14,13,51987.00
100,2025-11-15,15,59985.00
100,2025-11-16,14,55986.00
100,2025-11-17,13,51987.00
100,2025-11-18,13,51987.00
100,2025-11-19,13,51987.00
100,2025-11-20,13,51987.00
100,2025-11-21,13,51987.00
100,2025-11-22,15,59985.00
100,2025-11-23,14,55986.00
100,2025-11-24,13,51987.00
100,2025-11-25,13,51987.00
100,2025-11-26,13,51987.00
100,2025-11-27,13,51987.00
100,2025-11-28,13,51987.00
100,2025-11-29,15,59985.00
100,2025-11-30,14,55986.00
100,2025-12-01,10,39990.00
100,2025-12-02,10,39990.00
100,2025-12-03,10,39990.00
100,2025-12-04,10,39990.00
100,2025-12-05,10,39990.00
100,2025-12-06,12,47988.00
100,2025-12-07,12,47988.00
100,2025-12-08,10,39990.00
100,2025-12-09,10,39990.00
100,2025-12-10,10,39990.00
100,2025-12-11,10,39990.00
100,2025-12-12,10,39990.00
100,2025-12-13,12,47988.00
100,2025-12-14,12,47988.00
100,2025-12-15,10,39990.00
100,2025-12-16,10,39990.00
100,2025-12-17,10,39990.00
100,2025-12-18,10,39990.00
100,2025-12-19,10,39990.00
100,2025-12-20,12,47988.00
100,2025-12-21,12,47988.00
100,2025-12-22,10,39990.00
100,2025-12-23,10,39990.00
100,2025-12-24,10,39990.00
100,2025-12-25,10,39990.00
100,2025-12-26,10,39990.00
100,2025-12-27,12,47988.00
100,2025-12-28,12,47988.00
100,2025-12-29,10,39990.00
100,2025-12-30,10,39990.00
100,2025-12-31,10,39990.00
100,2026-01-01,10,39990.00
100,2026-01-02,10,39990.00
100,2026-01-03,12,47988.00
100,2026-01-04,12,47988.00
100,2026-01-05,10,39990.00
100,2026-01-06,10,39990.00
100,2026-01-07,10,39990.00
100,2026-01-08,10,39990.00
100,2026-01-09,10,39990.00
100,2026-01-10,12,47988.00
100,2026-01-11,12,47988.00
100,2026-01-12,10,39990.00
100,2026-01-13,10,39990.00
100,2026-01-14,10,39990.00
100,2026-01-15,10,39990.00
100,2026-01-16,10,39990.00
100,2026-01-17,12,47988.00
100,2026-01-18,12,47988.00
100,2026-01-19,10,39990.00
100,2026-01-20,10,39990.00
100,2026-01-21,10,39990.00
100,2026-01-22,10,39990.00
100,2026-01-23,10,39990.00
100,2026-01-24,12,47988.00
100,2026-01-25,12,47988.00
100,2026-01-26,10,39990.00
100,2026-01-27,10,39990.00
100,2026-01-28,10,39990.00
100,2026-01-29,10,39990.00
100,2026-01-30,10,39990.00
100,2026-01-31,12,47988.00
100,2026-02-01,12,47988.00
100,2026-02-02,10,39990.00
100,2026-02-03,10,39990.00
100,2026-02-04,10,39990.00
100,2026-02-05,10,39990.00
100,2026-02-06,10,39990.00
100,2026-02-07,12,47988.00
100,2026-02-08,12,47988.00
100,2026-02-09,10,39990.00
100,2026-02-10,10,39990.00
100,2026-02-11,10,39990.00
100,2026-02-12,10,39990.00
100,2026-02-13,10,39990.00
100,2026-02-14,12,47988.00
100,2026-02-15,12,47988.00
100,2026-02-16,10,39990.00
100,2026-02-17,10,39990.00
100,2026-02-18,10,39990.00
100,2026-02-19,10,39990.00
100,2026-02-20,10,39990.00
100,2026-02-21,12,47988.00
100,2026-02-22,12,47988.00
100,2026-02-23,10,39990.00
100,2026-02-24,10,39990.00
100,2026-02-25,10,39990.00
100,2026-02-26,10,39990.00
100,2026-02-27,10,39990.00
100,2026-02-28,12,47988.00
100,2026-03-01,12,47988.00
100,2026-03-02,10,39990.00
100,2026-03-03,10,39990.00
100,2026-03-04,10,39990.00
100,2026-03-05,10,39990.00
100,2026-03-06,10,39990.00
100,2026-03-07,12,47988.00
100,2026-03-08,12,47988.00
100,2026-03-09,10,39990.00
100,2026-03-10,10,39990.00
100,2026-03-11,10,39990.00
100,2026-03-12,10,39990.00
100,2026-03-13,10,39990.00
100,2026-03-14,12,47988.00
100,2026-03-15,12,47988.00
100,2026-03-16,10,39990.00
100,2026-03-17,10,39990.00
100,2026-03-18,10,39990.00
100,2026-03-19,10,39990.00
100,2026-03-20,10,39990.00
100,2026-03-21,12,47988.00
100,2026-03-22,12,47988.00
100,2026-03-23,10,39990.00
100,2026-03-24,10,39990.00
100,2026-03-25,10,39990.00
100,2026-03-26,10,39990.00
100,2026-03-27,10,39990.00
100,2026-03-28,12,47988.00
100,2026-03-29,12,47988.00
100,2026-03-30,10,39990.00
100,2026-03-31,10,39990.00
100,2026-04-01,10,39990.00
100,2026-04-02,10,39990.00
100,2026-04-03,10,39990.00
100,2026-04-04,12,47988.00
100,2026-04-05,12,47988.00
100,2026-04-06,10,39990.00
100,2026-04-07,10,39990.00
100,2026-04-08,10,39990.00
100,2026-04-09,10,39990.00
100,2026-04-10,10,39990.00
100,2026-04-11,12,47988.00
100,2026-04-12,12,47988.00
100,2026-04-13,10,39990.00
100,2026-04-14,10,39990.00
100,2026-04-15,10,39990.00
100,2026-04-16,10,39990.00
100,2026-04-17,10,39990.00
100,2026-04-18,12,47988.00
100,2026-04-19,12,47988.00
100,2026-04-20,10,39990.00
100,2026-04-21,10,39990.00
100,2026-04-22,10,39990.00
100,2026-04-23,10,39990.00
100,2026-04-24,10,39990.00
100,2026-04-25,12,47988.00
100,2026-04-26,12,47988.00
100,2026-04-27,10,39990.00
100,2026-04-28,10,39990.00
100,2026-04-29,10,39990.00
100,2026-04-30,10,39990.00
100,2026-05-01,10,39990.00
100,2026-05-02,12,47988.00
100,2026-05-03,12,47988.00
100,2026-05-04,10,39990.00
100,2026-05-05,10,39990.00
100,2026-05-06,10,39990.00
100,2026-05-07,10,39990.00
100,2026-05-08,10,39990.00
100,2026-05-09,12,47988.00
100,2026-05-10,12,47988.00
100,2026-05-11,10,39990.00
100,2026-05-12,10,39990.00
100,2026-05-13,10,39990.00
100,2026-05-14,10,39990.00
100,2026-05-15,10,39990.00
100,2026-05-16,12,47988.00
100,2026-05-17,12,47988.00
100,2026-05-18,10,39990.00
100,2026-05-19,10,39990.00
100,2026-05-20,10,39990.00
100,2026-05-21,10,39990.00
100,2026-05-22,10,39990.00
100,2026-05-23,12,47988.00
100,2026-05-24,12,47988.00
100,2026-05-25,10,39990.00
100,2026-05-26,10,39990.00
100,2026-05-27,10,39990.00
100,2026-05-28,10,39990.00
100,2026-05-29,10,39990.00
100,2026-05-30,12,47988.00
100,2026-05-31,12,47988.00
100,2026-06-01,10,39990.00
100,2026-06-02,10,39990.00
100,2026-06-03,10,39990.00
100,2026-06-04,10,39990.00
100,2026-06-05,10,39990.00
100,2026-06-06,12,47988.00
100,2026-06-07,12,47988.00
100,2026-06-08,10,39990.00
100,2026-06-09,10,39990.00
100,2026-06-10,10,39990.00
100,2026-06-11,10,39990.00
100,2026-06-12,10,39990.00
100,2026-06-13,12,47988.00
100,2026-06-14,12,47988.00
100,2026-06-15,10,39990.00
100,2026-06-16,10,39990.00
100,2026-06-17,10,39990.00
100,2026-06-18,10,39990.00
100,2026-06-19,10,39990.00
100,2026-06-20,12,47988.00
100,2026-06-21,12,47988.00
100,2026-06-22,10,39990.00
100,2026-06-23,10,39990.00
100,2026-06-24,10,39990.00
100,2026-06-25,10,39990.00
100,2026-06-26,10,39990.00
100,2026-06-27,12,47988.00
100,2026-06-28,12,47988.00
100,2026-06-29,10,39990.00
100,2026-06-30,10,39990.00
100,2026-07-01,10,39990.00
100,2026-07-02,10,39990.00
100,2026-07-03,10,39990.00
100,2026-07-04,12,47988.00
100,2026-07-05,12,47988.00
100,2026-07-06,10,39990.00
100,2026-07-07,10,39990.00
100,2026-07-08,10,39990.00
100,2026-07-09,10,39990.00
100,2026-07-10,10,39990.00
100,2026-07-11,12,47988.00
100,2026-07-12,12,47988.00
100,2026-07-13,10,39990.00
100,2026-07-14,10,39990.00
100,2026-07-15,10,39990.00
100,2026-07-16,10,39990.00
100,2026-07-17,10,39990.00
100,2026-07-18,12,47988.00
100,2026-07-19,12,47988.00
100,2026-07-20,10,39990.00
100,2026-07-21,10,39990.00
100,2026-07-22,10,39990.00
100,2026-07-23,10,39990.00
100,2026-07-24,10,39990.00
100,2026-07-25,12,47988.00
100,2026-07-26,12,47988.00
100,2026-07-27,10,39990.00
100,2026-07-28,10,39990.00
100,2026-07-29,10,39990.00
100,2026-07-30,10,39990.00
100,2026-07-31,10,39990.00
100,2026-08-01,12,47988.00
100,2026-08-02,12,47988.00
100,2026-08-03,10,39990.00
100,2026-08-04,10,39990.00
100,2026-08-05,10,39990.00
100,2026-08-06,10,39990.00
100,2026-08-07,10,39990.00
100,2026-08-08,12,47988.00
100,2026-08-09,12,47988.00
100,2026-08-10,10,39990.00
100,2026-08-11,10,39990.00
100,2026-08-12,10,39990.00
100,2026-08-13,10,39990.00
100,2026-08-14,10,39990.00
100,2026-08-15,12,47988.00
100,2026-08-16,12,47988.00
100,2026-08-17,10,39990.00
100,2026-08-18,10,39990.00
100,2026-08-19,10,39990.00
100,2026-08-20,10,39990.00
100,2026-08-21,10,39990.00
100,2026-08-22,12,47988.00
100,2026-08-23,12,47988.00
100,2026-08-24,10,39990.00
100,2026-08-25,10,39990.00
100,2026-08-26,10,39990.00
100,2026-08-27,10,39990.00
100,2026-08-28,10,39990.00
100,2026-08-29,12,47988.00
100,2026-08-30,12,47988.00
100,2026-08-31,10,39990.00
100,2026-09-01,10,39990.00
100,2026-09-02,10,39990.00
100,2026-09-03,10,39990.00
100,2026-09-04,10,39990.00
100,2026-09-05,12,47988.00
100,2026-09-06,12,47988.00
100,2026-09-07,10,39990.00
100,2026-09-08,10,39990.00
100,2026-09-09,10,39990.00
100,2026-09-10,10,39990.00
100,2026-09-11,10,39990.00
100,2026-09-12,12,47988.00
100,2026-09-13,12,47988.00
100,2026-09-14,10,39990.00
100,2026-09-15,10,39990.00
100,2026-09-16,10,39990.00
100,2026-09-17,10,39990.00
100,2026-09-18,10,39990.00
100,2026-09-19,12,47988.00
100,2026-09-20,12,47988.00
100,2026-09-21,10,39990.00
100,2026-09-22,10,39990.00
100,2026-09-23,10,39990.00
100,2026-09-24,10,39990.00
100,2026-09-25,10,39990.00
100,2026-09-26,12,47988.00
100,2026-09-27,12,47988.00
100,2026-09-28,10,39990.00
100,2026-09-29,10,39990.00
